10000.0 9.825 10.74 15.02
10010.0 9.829749999999999 10.7453 15.0273
10020.0 9.834499999999998 10.7506 15.0346
10030.0 9.83925 10.7559 15.0419
10040.0 9.844 10.7612 15.049199999999999
10050.0 9.848749999999999 10.7665 15.0565
10060.0 9.853499999999999 10.7718 15.063799999999999
10070.0 9.85825 10.7771 15.0711
10080.0 9.863 10.7824 15.0784
10090.0 9.86775 10.787700000000001 15.0857
10100.0 9.872499999999999 10.793 15.093
10110.0 9.87725 10.7983 15.100299999999999
10120.0 9.882 10.8036 15.1076
10130.0 9.88675 10.8089 15.1149
10140.0 9.891499999999999 10.8142 15.1222
10150.0 9.89625 10.8195 15.1295
10160.0 9.901 10.8248 15.1368
10170.0 9.90575 10.8301 15.1441
10180.0 9.910499999999999 10.8354 15.151399999999999
10190.0 9.91525 10.8407 15.1587
10200.0 9.92 10.846 15.166
10210.0 9.92475 10.8513 15.1733
10220.0 9.929499999999999 10.8566 15.1806
10230.0 9.93425 10.8619 15.187899999999999
10240.0 9.939 10.8672 15.1952
10250.0 9.94375 10.8725 15.2025
10260.0 9.9485 10.8778 15.2098
10270.0 9.953249999999999 10.8831 15.2171
10280.0 9.958 10.8884 15.2244
10290.0 9.96275 10.8937 15.2317
10300.0 9.9675 10.899000000000001 15.238999999999999
10310.0 9.972249999999999 10.9043 15.2463
10320.0 9.977 10.9096 15.2536
10330.0 9.98175 10.9149 15.2609
10340.0 9.9865 10.9202 15.2682
10350.0 9.991249999999999 10.9255 15.2755
10360.0 9.996 10.9308 15.2828
10370.0 10.00075 10.9361 15.290099999999999
10380.0 10.0055 10.9414 15.2974
10390.0 10.01025 10.9467 15.3047
10400.0 10.015 10.952 15.312
10410.0 10.01975 10.9573 15.3193
10420.0 10.0245 10.9626 15.3266
10430.0 10.02925 10.9679 15.3339
10440.0 10.034 10.9732 15.3412
10450.0 10.03875 10.9785 15.3485
10460.0 10.0435 10.9838 15.3558
10470.0 10.04825 10.9891 15.3631
10480.0 10.053 10.9944 15.3704
10490.0 10.05775 10.9997 15.377699999999999
10500.0 10.0625 11.004999999999999 15.385
10510.0 10.06725 11.010299999999999 15.3923
10520.0 10.072 11.0156 15.3996
10530.0 10.07675 11.0209 15.4069
10540.0 10.0815 11.0262 15.4142
10550.0 10.08625 11.0315 15.4215
10560.0 10.091 11.0368 15.428799999999999
10570.0 10.09575 11.0421 15.4361
10580.0 10.1005 11.0474 15.4434
10590.0 10.10525 11.0527 15.4507
10600.0 10.11 11.058 15.458
10610.0 10.11475 11.0633 15.4653
10620.0 10.1195 11.0686 15.4726
10630.0 10.12425 11.0739 15.4799
10640.0 10.129 11.0792 15.4872
10650.0 10.133750000000001 11.0845 15.4945
10660.0 10.1385 11.0898 15.5018
10670.0 10.14325 11.0951 15.5091
10680.0 10.148 11.1004 15.516399999999999
10690.0 10.152750000000001 11.1057 15.5237
10700.0 10.1575 11.111 15.531
10710.0 10.16225 11.116299999999999 15.5383
10720.0 10.167 11.121599999999999 15.5456
10730.0 10.17175 11.1269 15.5529
10740.0 10.1765 11.1322 15.5602
10750.0 10.18125 11.1375 15.567499999999999
10760.0 10.186 11.1428 15.5748
10770.0 10.190750000000001 11.1481 15.5821
10780.0 10.195500000000001 11.1534 15.5894
10790.0 10.20025 11.1587 15.5967
10800.0 10.205 11.164 15.604
10810.0 10.20975 11.1693 15.6113
10820.0 10.214500000000001 11.1746 15.6186
10830.0 10.21925 11.1799 15.6259
10840.0 10.224 11.1852 15.6332
10850.0 10.22875 11.1905 15.6405
10860.0 10.233500000000001 11.1958 15.6478
10870.0 10.23825 11.2011 15.6551
10880.0 10.243 11.2064 15.6624
10890.0 10.24775 11.2117 15.6697
10900.0 10.252500000000001 11.216999999999999 15.677
10910.0 10.25725 11.222299999999999 15.6843
10920.0 10.262 11.227599999999999 15.6916
10930.0 10.26675 11.232899999999999 15.6989
10940.0 10.271500000000001 11.238199999999999 15.7062
10950.0 10.276250000000001 11.2435 15.7135
10960.0 10.281 11.2488 15.7208
10970.0 10.28575 11.2541 15.7281
10980.0 10.290500000000002 11.2594 15.7354
10990.0 10.295250000000001 11.2647 15.7427
11000.0 10.3 11.27 15.75
11010.0 10.3046 11.275 15.757
11020.0 10.3092 11.28 15.764
11030.0 10.3138 11.285 15.771
11040.0 10.3184 11.29 15.778
11050.0 10.323 11.295 15.785
11060.0 10.3276 11.299999999999999 15.792
11070.0 10.3322 11.305 15.799
11080.0 10.3368 11.309999999999999 15.806
11090.0 10.3414 11.315 15.813
11100.0 10.346 11.32 15.82
11110.0 10.3506 11.325 15.827
11120.0 10.3552 11.33 15.834
11130.0 10.3598 11.334999999999999 15.841
11140.0 10.3644 11.34 15.848
11150.0 10.369 11.344999999999999 15.855
11160.0 10.3736 11.35 15.862
11170.0 10.3782 11.355 15.869
11180.0 10.382800000000001 11.36 15.876
11190.0 10.387400000000001 11.365 15.883
11200.0 10.392000000000001 11.37 15.89
11210.0 10.396600000000001 11.375 15.897
11220.0 10.401200000000001 11.379999999999999 15.904
11230.0 10.405800000000001 11.385 15.911
11240.0 10.410400000000001 11.389999999999999 15.918
11250.0 10.415000000000001 11.395 15.925
11260.0 10.4196 11.4 15.932
11270.0 10.4242 11.405 15.939
11280.0 10.4288 11.41 15.946
11290.0 10.4334 11.415 15.953
11300.0 10.438 11.42 15.959999999999999
11310.0 10.4426 11.424999999999999 15.967
11320.0 10.4472 11.43 15.974
11330.0 10.4518 11.434999999999999 15.981
11340.0 10.4564 11.44 15.988
11350.0 10.461 11.445 15.995
11360.0 10.4656 11.45 16.002
11370.0 10.4702 11.455 16.009
11380.0 10.4748 11.459999999999999 16.016
11390.0 10.4794 11.465 16.023
11400.0 10.484 11.469999999999999 16.03
11410.0 10.4886 11.475 16.037
11420.0 10.4932 11.48 16.044
11430.0 10.4978 11.485 16.051
11440.0 10.5024 11.49 16.058
11450.0 10.507 11.495 16.065
11460.0 10.5116 11.5 16.072
11470.0 10.5162 11.504999999999999 16.079
11480.0 10.5208 11.51 16.086
11490.0 10.5254 11.514999999999999 16.093
11500.0 10.530000000000001 11.52 16.1
11510.0 10.534600000000001 11.525 16.107
11520.0 10.539200000000001 11.53 16.114
11530.0 10.543800000000001 11.535 16.121
11540.0 10.5484 11.54 16.128
11550.0 10.553 11.545 16.134999999999998
11560.0 10.5576 11.549999999999999 16.142
11570.0 10.5622 11.555 16.149
11580.0 10.5668 11.559999999999999 16.156
11590.0 10.5714 11.565 16.163
11600.0 10.576 11.57 16.169999999999998
11610.0 10.5806 11.575 16.177
11620.0 10.5852 11.58 16.184
11630.0 10.5898 11.584999999999999 16.191
11640.0 10.5944 11.59 16.198
11650.0 10.599 11.594999999999999 16.205
11660.0 10.6036 11.6 16.212
11670.0 10.6082 11.605 16.219
11680.0 10.6128 11.61 16.226
11690.0 10.6174 11.615 16.233
11700.0 10.622 11.62 16.24
11710.0 10.6266 11.625 16.247
11720.0 10.6312 11.629999999999999 16.253999999999998
11730.0 10.6358 11.635 16.261
11740.0 10.6404 11.639999999999999 16.268
11750.0 10.645 11.645 16.275
11760.0 10.6496 11.65 16.282
11770.0 10.6542 11.655 16.288999999999998
11780.0 10.6588 11.66 16.296
11790.0 10.6634 11.665 16.303
11800.0 10.668 11.67 16.31
11810.0 10.6726 11.674999999999999 16.317
11820.0 10.6772 11.68 16.323999999999998
11830.0 10.681799999999999 11.684999999999999 16.331
11840.0 10.6864 11.69 16.338
11850.0 10.691 11.695 16.345
11860.0 10.6956 11.7 16.352
11870.0 10.7002 11.705 16.358999999999998
11880.0 10.7048 11.709999999999999 16.366
11890.0 10.7094 11.715 16.373
11900.0 10.714 11.719999999999999 16.38
11910.0 10.7186 11.725 16.387
11920.0 10.7232 11.73 16.394
11930.0 10.7278 11.735 16.401
11940.0 10.7324 11.74 16.407999999999998
11950.0 10.737 11.745 16.415
11960.0 10.7416 11.75 16.422
11970.0 10.7462 11.754999999999999 16.429
11980.0 10.7508 11.76 16.436
11990.0 10.7554 11.764999999999999 16.442999999999998
12000.0 10.76 11.77 16.45
12010.0 10.7644 11.774799999999999 16.456699999999998
12020.0 10.7688 11.7796 16.4634
12030.0 10.7732 11.7844 16.4701
12040.0 10.7776 11.7892 16.4768
12050.0 10.782 11.793999999999999 16.4835
12060.0 10.7864 11.7988 16.490199999999998
12070.0 10.790799999999999 11.8036 16.4969
12080.0 10.7952 11.808399999999999 16.5036
12090.0 10.7996 11.8132 16.5103
12100.0 10.804 11.818 16.517
12110.0 10.808399999999999 11.822799999999999 16.523699999999998
12120.0 10.8128 11.8276 16.5304
12130.0 10.8172 11.8324 16.5371
12140.0 10.8216 11.8372 16.5438
12150.0 10.826 11.841999999999999 16.5505
12160.0 10.8304 11.8468 16.557199999999998
12170.0 10.8348 11.8516 16.5639
12180.0 10.8392 11.856399999999999 16.5706
12190.0 10.8436 11.8612 16.5773
12200.0 10.847999999999999 11.866 16.584
12210.0 10.8524 11.8708 16.5907
12220.0 10.8568 11.8756 16.5974
12230.0 10.8612 11.8804 16.6041
12240.0 10.8656 11.8852 16.6108
12250.0 10.87 11.89 16.6175
12260.0 10.8744 11.8948 16.6242
12270.0 10.8788 11.8996 16.6309
12280.0 10.8832 11.904399999999999 16.6376
12290.0 10.887599999999999 11.9092 16.6443
12300.0 10.892 11.914 16.651
12310.0 10.8964 11.9188 16.6577
12320.0 10.9008 11.9236 16.6644
12330.0 10.905199999999999 11.9284 16.6711
12340.0 10.9096 11.9332 16.6778
12350.0 10.914 11.938 16.6845
12360.0 10.9184 11.9428 16.6912
12370.0 10.9228 11.9476 16.6979
12380.0 10.9272 11.952399999999999 16.7046
12390.0 10.9316 11.9572 16.7113
12400.0 10.936 11.962 16.718
12410.0 10.9404 11.9668 16.7247
12420.0 10.944799999999999 11.9716 16.7314
12430.0 10.9492 11.9764 16.7381
12440.0 10.9536 11.9812 16.7448
12450.0 10.958 11.986 16.7515
12460.0 10.962399999999999 11.9908 16.7582
12470.0 10.9668 11.9956 16.7649
12480.0 10.9712 12.000399999999999 16.7716
12490.0 10.9756 12.0052 16.7783
12500.0 10.98 12.01 16.785
12510.0 10.984399999999999 12.0148 16.7917
12520.0 10.9888 12.0196 16.7984
12530.0 10.9932 12.0244 16.8051
12540.0 10.9976 12.0292 16.8118
12550.0 11.001999999999999 12.034 16.8185
12560.0 11.0064 12.0388 16.8252
12570.0 11.0108 12.0436 16.8319
12580.0 11.0152 12.048399999999999 16.8386
12590.0 11.019599999999999 12.0532 16.8453
12600.0 11.024 12.058 16.852
12610.0 11.0284 12.0628 16.8587
12620.0 11.0328 12.0676 16.8654
12630.0 11.037199999999999 12.0724 16.8721
12640.0 11.041599999999999 12.0772 16.878800000000002
12650.0 11.046 12.081999999999999 16.8855
12660.0 11.0504 12.0868 16.8922
12670.0 11.0548 12.0916 16.8989
12680.0 11.059199999999999 12.0964 16.9056
12690.0 11.0636 12.1012 16.912300000000002
12700.0 11.068 12.106 16.919
12710.0 11.0724 12.1108 16.9257
12720.0 11.076799999999999 12.1156 16.9324
12730.0 11.081199999999999 12.1204 16.9391
12740.0 11.0856 12.1252 16.945800000000002
12750.0 11.09 12.129999999999999 16.9525
12760.0 11.0944 12.1348 16.9592
12770.0 11.098799999999999 12.1396 16.9659
12780.0 11.1032 12.1444 16.9726
12790.0 11.1076 12.1492 16.979300000000002
12800.0 11.112 12.154 16.986
12810.0 11.116399999999999 12.1588 16.9927
12820.0 11.1208 12.1636 16.9994
12830.0 11.1252 12.1684 17.0061
12840.0 11.1296 12.1732 17.012800000000002
12850.0 11.133999999999999 12.178 17.0195
12860.0 11.138399999999999 12.1828 17.0262
12870.0 11.1428 12.1876 17.0329
12880.0 11.1472 12.1924 17.0396
12890.0 11.1516 12.1972 17.046300000000002
12900.0 11.155999999999999 12.202 17.053
12910.0 11.1604 12.2068 17.0597
12920.0 11.1648 12.2116 17.0664
12930.0 11.1692 12.2164 17.0731
12940.0 11.173599999999999 12.2212 17.079800000000002
12950.0 11.177999999999999 12.226 17.0865
12960.0 11.1824 12.2308 17.0932
12970.0 11.1868 12.2356 17.0999
12980.0 11.191199999999998 12.2404 17.1066
12990.0 11.195599999999999 12.2452 17.113300000000002
13000.0 11.2 12.25 17.12
13010.0 11.2043 12.2546 17.1265
13020.0 11.208599999999999 12.2592 17.133000000000003
13030.0 11.2129 12.2638 17.1395
13040.0 11.2172 12.2684 17.146
13050.0 11.221499999999999 12.273 17.1525
13060.0 11.2258 12.2776 17.159000000000002
13070.0 11.2301 12.2822 17.1655
13080.0 11.234399999999999 12.2868 17.172
13090.0 11.2387 12.2914 17.1785
13100.0 11.243 12.296 17.185000000000002
13110.0 11.2473 12.3006 17.1915
13120.0 11.2516 12.305200000000001 17.198
13130.0 11.255899999999999 12.3098 17.2045
13140.0 11.2602 12.314400000000001 17.211000000000002
13150.0 11.2645 12.319 17.2175
13160.0 11.268799999999999 12.3236 17.224
13170.0 11.2731 12.3282 17.2305
13180.0 11.2774 12.3328 17.237000000000002
13190.0 11.281699999999999 12.3374 17.2435
13200.0 11.286 12.342 17.25
13210.0 11.2903 12.3466 17.2565
13220.0 11.294599999999999 12.3512 17.263
13230.0 11.2989 12.3558 17.2695
13240.0 11.3032 12.3604 17.276
13250.0 11.3075 12.365 17.2825
13260.0 11.3118 12.3696 17.289
13270.0 11.3161 12.3742 17.2955
13280.0 11.3204 12.3788 17.302
13290.0 11.3247 12.3834 17.308500000000002
13300.0 11.329 12.388 17.315
13310.0 11.3333 12.3926 17.3215
13320.0 11.3376 12.3972 17.328
13330.0 11.341899999999999 12.4018 17.334500000000002
13340.0 11.3462 12.4064 17.341
13350.0 11.3505 12.411 17.3475
13360.0 11.3548 12.4156 17.354
13370.0 11.3591 12.420200000000001 17.360500000000002
13380.0 11.3634 12.424800000000001 17.367
13390.0 11.3677 12.429400000000001 17.3735
13400.0 11.372 12.434000000000001 17.38
13410.0 11.3763 12.438600000000001 17.3865
13420.0 11.3806 12.443200000000001 17.393
13430.0 11.3849 12.4478 17.3995
13440.0 11.3892 12.4524 17.406
13450.0 11.3935 12.457 17.4125
13460.0 11.3978 12.4616 17.419
13470.0 11.4021 12.4662 17.4255
13480.0 11.4064 12.4708 17.432
13490.0 11.4107 12.4754 17.4385
13500.0 11.415 12.48 17.445
13510.0 11.4193 12.4846 17.4515
13520.0 11.4236 12.4892 17.458000000000002
13530.0 11.427900000000001 12.4938 17.4645
13540.0 11.4322 12.4984 17.471
13550.0 11.4365 12.503 17.4775
13560.0 11.4408 12.5076 17.484
13570.0 11.4451 12.5122 17.4905
13580.0 11.4494 12.5168 17.497
13590.0 11.4537 12.5214 17.5035
13600.0 11.458 12.526 17.51
13610.0 11.4623 12.5306 17.5165
13620.0 11.4666 12.5352 17.523
13630.0 11.4709 12.5398 17.5295
13640.0 11.475200000000001 12.544400000000001 17.536
13650.0 11.4795 12.549000000000001 17.5425
13660.0 11.4838 12.553600000000001 17.549
13670.0 11.488100000000001 12.558200000000001 17.5555
13680.0 11.4924 12.562800000000001 17.562
13690.0 11.4967 12.567400000000001 17.5685
13700.0 11.501000000000001 12.572000000000001 17.575
13710.0 11.5053 12.576600000000001 17.5815
13720.0 11.5096 12.5812 17.588
13730.0 11.5139 12.5858 17.5945
13740.0 11.5182 12.5904 17.601
13750.0 11.5225 12.595 17.6075
13760.0 11.5268 12.5996 17.614
13770.0 11.5311 12.6042 17.6205
13780.0 11.535400000000001 12.6088 17.627
13790.0 11.5397 12.6134 17.6335
13800.0 11.544 12.618 17.64
13810.0 11.548300000000001 12.6226 17.6465
13820.0 11.5526 12.6272 17.653
13830.0 11.5569 12.6318 17.6595
13840.0 11.561200000000001 12.6364 17.666
13850.0 11.5655 12.641 17.6725
13860.0 11.5698 12.6456 17.679
13870.0 11.574100000000001 12.650200000000002 17.6855
13880.0 11.5784 12.654800000000002 17.692
13890.0 11.5827 12.659400000000002 17.6985
13900.0 11.587 12.664000000000001 17.705
13910.0 11.5913 12.668600000000001 17.7115
13920.0 11.595600000000001 12.673200000000001 17.718
13930.0 11.599900000000002 12.677800000000001 17.7245
13940.0 11.6042 12.682400000000001 17.730999999999998
13950.0 11.608500000000001 12.687000000000001 17.7375
13960.0 11.6128 12.691600000000001 17.744
13970.0 11.6171 12.696200000000001 17.7505
13980.0 11.621400000000001 12.700800000000001 17.756999999999998
13990.0 11.6257 12.705400000000001 17.7635
14000.0 11.63 12.71 17.77
14010.0 11.634 12.714500000000001 17.7762
14020.0 11.638000000000002 12.719000000000001 17.7824
14030.0 11.642000000000001 12.723500000000001 17.7886
14040.0 11.646 12.728000000000002 17.7948
14050.0 11.65 12.7325 17.801
14060.0 11.654000000000002 12.737000000000002 17.8072
14070.0 11.658000000000001 12.7415 17.8134
14080.0 11.662 12.746 17.8196
14090.0 11.666 12.7505 17.8258
14100.0 11.67 12.755 17.832
14110.0 11.674000000000001 12.759500000000001 17.8382
14120.0 11.678 12.764000000000001 17.8444
14130.0 11.682 12.768500000000001 17.8506
14140.0 11.686 12.773000000000001 17.8568
14150.0 11.690000000000001 12.777500000000002 17.863
14160.0 11.694 12.782 17.8692
14170.0 11.698 12.7865 17.8754
14180.0 11.702 12.791 17.8816
14190.0 11.706000000000001 12.7955 17.8878
14200.0 11.71 12.8 17.894
14210.0 11.714 12.8045 17.900199999999998
14220.0 11.718 12.809000000000001 17.906399999999998
14230.0 11.722000000000001 12.813500000000001 17.9126
14240.0 11.726 12.818000000000001 17.9188
14250.0 11.73 12.822500000000002 17.925
14260.0 11.734 12.827 17.9312
14270.0 11.738000000000001 12.8315 17.9374
14280.0 11.742 12.836 17.9436
14290.0 11.746 12.8405 17.9498
14300.0 11.75 12.845 17.956
14310.0 11.754000000000001 12.8495 17.9622
14320.0 11.758000000000001 12.854000000000001 17.9684
14330.0 11.762 12.858500000000001 17.9746
14340.0 11.766 12.863000000000001 17.9808
14350.0 11.770000000000001 12.867500000000001 17.987000000000002
14360.0 11.774000000000001 12.872 17.9932
14370.0 11.778 12.8765 17.9994
14380.0 11.782 12.881 18.0056
14390.0 11.786 12.8855 18.0118
14400.0 11.790000000000001 12.89 18.018
14410.0 11.794 12.8945 18.0242
14420.0 11.798 12.899000000000001 18.0304
14430.0 11.802 12.903500000000001 18.0366
14440.0 11.806000000000001 12.908000000000001 18.0428
14450.0 11.81 12.912500000000001 18.049
14460.0 11.814 12.917 18.0552
14470.0 11.818 12.9215 18.0614
14480.0 11.822000000000001 12.926 18.0676
14490.0 11.826 12.9305 18.0738
14500.0 11.83 12.935 18.08
14510.0 11.834 12.9395 18.0862
14520.0 11.838000000000001 12.944 18.0924
14530.0 11.842 12.948500000000001 18.0986
14540.0 11.846 12.953000000000001 18.1048
14550.0 11.85 12.9575 18.111
14560.0 11.854000000000001 12.962000000000002 18.1172
14570.0 11.858 12.9665 18.1234
14580.0 11.862 12.971 18.1296
14590.0 11.866 12.9755 18.1358
14600.0 11.870000000000001 12.98 18.142
14610.0 11.874 12.9845 18.1482
14620.0 11.878 12.989 18.1544
14630.0 11.882 12.993500000000001 18.1606
14640.0 11.886 12.998000000000001 18.1668
14650.0 11.89 13.002500000000001 18.173000000000002
14660.0 11.894 13.007 18.1792
14670.0 11.898 13.0115 18.1854
14680.0 11.902 13.016 18.1916
14690.0 11.906 13.0205 18.1978
14700.0 11.91 13.025 18.204
14710.0 11.914 13.0295 18.2102
14720.0 11.918 13.034 18.2164
14730.0 11.922 13.0385 18.2226
14740.0 11.926 13.043000000000001 18.2288
14750.0 11.93 13.0475 18.235
14760.0 11.934 13.052 18.2412
14770.0 11.938 13.0565 18.2474
14780.0 11.942 13.061 18.2536
14790.0 11.946 13.0655 18.259800000000002
14800.0 11.95 13.07 18.266000000000002
14810.0 11.954 13.0745 18.2722
14820.0 11.958 13.079 18.2784
14830.0 11.962 13.0835 18.2846
14840.0 11.966 13.088000000000001 18.2908
14850.0 11.97 13.092500000000001 18.297
14860.0 11.974 13.097 18.3032
14870.0 11.978 13.1015 18.3094
14880.0 11.982 13.106 18.3156
14890.0 11.985999999999999 13.1105 18.3218
14900.0 11.99 13.115 18.328
14910.0 11.994 13.1195 18.3342
14920.0 11.998 13.124 18.3404
14930.0 12.001999999999999 13.1285 18.3466
14940.0 12.006 13.133000000000001 18.352800000000002
14950.0 12.01 13.137500000000001 18.359
14960.0 12.014 13.142 18.3652
14970.0 12.017999999999999 13.1465 18.3714
14980.0 12.022 13.151 18.3776
14990.0 12.026 13.1555 18.3838
15000.0 12.03 13.16 18.39
15010.0 12.033999999999999 13.1643 18.3961
15020.0 12.038 13.1686 18.4022
15030.0 12.042 13.1729 18.4083
15040.0 12.046 13.177200000000001 18.4144
15050.0 12.049999999999999 13.1815 18.4205
15060.0 12.054 13.1858 18.4266
15070.0 12.058 13.190100000000001 18.4327
15080.0 12.062 13.1944 18.4388
15090.0 12.065999999999999 13.1987 18.4449
15100.0 12.07 13.203000000000001 18.451
15110.0 12.074 13.2073 18.4571
15120.0 12.078 13.2116 18.4632
15130.0 12.081999999999999 13.2159 18.4693
15140.0 12.085999999999999 13.2202 18.4754
15150.0 12.09 13.2245 18.4815
15160.0 12.094 13.2288 18.4876
15170.0 12.097999999999999 13.2331 18.4937
15180.0 12.101999999999999 13.2374 18.4998
15190.0 12.106 13.2417 18.5059
15200.0 12.11 13.246 18.512
15210.0 12.113999999999999 13.2503 18.5181
15220.0 12.117999999999999 13.2546 18.5242
15230.0 12.122 13.2589 18.5303
15240.0 12.126 13.2632 18.5364
15250.0 12.129999999999999 13.2675 18.5425
15260.0 12.133999999999999 13.2718 18.5486
15270.0 12.138 13.2761 18.5547
15280.0 12.142 13.2804 18.5608
15290.0 12.145999999999999 13.2847 18.5669
15300.0 12.149999999999999 13.289 18.573
15310.0 12.154 13.2933 18.5791
15320.0 12.158 13.297600000000001 18.5852
15330.0 12.161999999999999 13.3019 18.5913
15340.0 12.165999999999999 13.3062 18.5974
15350.0 12.17 13.310500000000001 18.6035
15360.0 12.174 13.3148 18.6096
15370.0 12.177999999999999 13.3191 18.6157
15380.0 12.181999999999999 13.3234 18.6218
15390.0 12.186 13.3277 18.6279
15400.0 12.19 13.332 18.634
15410.0 12.193999999999999 13.3363 18.6401
15420.0 12.197999999999999 13.3406 18.6462
15430.0 12.202 13.344899999999999 18.6523
15440.0 12.206 13.3492 18.6584
15450.0 12.209999999999999 13.3535 18.6645
15460.0 12.213999999999999 13.3578 18.6706
15470.0 12.218 13.3621 18.6767
15480.0 12.222 13.3664 18.6828
15490.0 12.225999999999999 13.3707 18.6889
15500.0 12.23 13.375 18.695
15510.0 12.234 13.3793 18.7011
15520.0 12.238 13.3836 18.7072
15530.0 12.241999999999999 13.3879 18.7133
15540.0 12.246 13.3922 18.7194
15550.0 12.25 13.3965 18.7255
15560.0 12.254 13.4008 18.7316
15570.0 12.258 13.405100000000001 18.7377
15580.0 12.262 13.4094 18.7438
15590.0 12.266 13.4137 18.7499
15600.0 12.27 13.418000000000001 18.756
15610.0 12.274 13.4223 18.7621
15620.0 12.278 13.4266 18.7682
15630.0 12.282 13.4309 18.7743
15640.0 12.286 13.4352 18.7804
15650.0 12.29 13.4395 18.7865
15660.0 12.294 13.4438 18.7926
15670.0 12.298 13.4481 18.7987
15680.0 12.302 13.452399999999999 18.8048
15690.0 12.306 13.4567 18.8109
15700.0 12.31 13.461 18.817
15710.0 12.314 13.4653 18.8231
15720.0 12.318 13.4696 18.8292
15730.0 12.322 13.4739 18.8353
15740.0 12.326 13.4782 18.8414
15750.0 12.33 13.4825 18.8475
15760.0 12.334 13.4868 18.8536
15770.0 12.338 13.4911 18.8597
15780.0 12.342 13.4954 18.8658
15790.0 12.346 13.4997 18.8719
15800.0 12.35 13.504 18.878
15810.0 12.354 13.5083 18.8841
15820.0 12.358 13.5126 18.8902
15830.0 12.362 13.5169 18.8963
15840.0 12.366 13.5212 18.9024
15850.0 12.37 13.525500000000001 18.9085
15860.0 12.374 13.5298 18.9146
15870.0 12.378 13.5341 18.9207
15880.0 12.382 13.5384 18.9268
15890.0 12.386 13.5427 18.9329
15900.0 12.39 13.547 18.939
15910.0 12.394 13.5513 18.9451
15920.0 12.398 13.5556 18.9512
15930.0 12.402 13.559899999999999 18.9573
15940.0 12.406 13.5642 18.9634
15950.0 12.41 13.5685 18.9695
15960.0 12.414 13.572799999999999 18.9756
15970.0 12.418 13.5771 18.9817
15980.0 12.422 13.5814 18.9878
15990.0 12.426 13.5857 18.9939
16000.0 12.43 13.59 19.0
16010.0 12.4338 13.594199999999999 19.0058
16020.0 12.4376 13.5984 19.0116
16030.0 12.4414 13.6026 19.0174
16040.0 12.4452 13.6068 19.0232
16050.0 12.449 13.611 19.029
16060.0 12.4528 13.6152 19.0348
16070.0 12.4566 13.6194 19.0406
16080.0 12.4604 13.6236 19.0464
16090.0 12.4642 13.6278 19.0522
16100.0 12.468 13.632 19.058
16110.0 12.4718 13.6362 19.0638
16120.0 12.4756 13.6404 19.0696
16130.0 12.4794 13.6446 19.0754
16140.0 12.4832 13.6488 19.0812
16150.0 12.487 13.653 19.087
16160.0 12.4908 13.6572 19.0928
16170.0 12.4946 13.6614 19.0986
16180.0 12.4984 13.6656 19.1044
16190.0 12.5022 13.6698 19.1102
16200.0 12.506 13.674 19.116
16210.0 12.5098 13.6782 19.1218
16220.0 12.5136 13.6824 19.1276
16230.0 12.5174 13.6866 19.133399999999998
16240.0 12.5212 13.6908 19.1392
16250.0 12.525 13.695 19.145
16260.0 12.5288 13.6992 19.1508
16270.0 12.5326 13.7034 19.1566
16280.0 12.5364 13.7076 19.162399999999998
16290.0 12.5402 13.7118 19.1682
16300.0 12.544 13.716 19.174
16310.0 12.5478 13.7202 19.1798
16320.0 12.5516 13.7244 19.1856
16330.0 12.5554 13.7286 19.191399999999998
16340.0 12.5592 13.7328 19.1972
16350.0 12.563 13.737 19.203
16360.0 12.5668 13.7412 19.2088
16370.0 12.5706 13.7454 19.2146
16380.0 12.5744 13.7496 19.220399999999998
16390.0 12.5782 13.7538 19.2262
16400.0 12.582 13.758 19.232
16410.0 12.5858 13.7622 19.2378
16420.0 12.5896 13.766399999999999 19.2436
16430.0 12.5934 13.7706 19.249399999999998
16440.0 12.5972 13.7748 19.2552
16450.0 12.601 13.779 19.261
16460.0 12.604800000000001 13.783199999999999 19.2668
16470.0 12.6086 13.7874 19.2726
16480.0 12.612400000000001 13.7916 19.278399999999998
16490.0 12.616200000000001 13.7958 19.2842
16500.0 12.620000000000001 13.8 19.29
16510.0 12.6238 13.8042 19.2958
16520.0 12.627600000000001 13.8084 19.3016
16530.0 12.631400000000001 13.8126 19.307399999999998
16540.0 12.6352 13.8168 19.3132
16550.0 12.639 13.821 19.319
16560.0 12.642800000000001 13.8252 19.3248
16570.0 12.6466 13.8294 19.3306
16580.0 12.6504 13.8336 19.336399999999998
16590.0 12.6542 13.8378 19.3422
16600.0 12.658000000000001 13.842 19.348
16610.0 12.6618 13.8462 19.3538
16620.0 12.6656 13.8504 19.3596
16630.0 12.6694 13.8546 19.365399999999998
16640.0 12.6732 13.8588 19.371199999999998
16650.0 12.677 13.863 19.377
16660.0 12.6808 13.8672 19.3828
16670.0 12.6846 13.8714 19.3886
16680.0 12.6884 13.8756 19.394399999999997
16690.0 12.6922 13.8798 19.400199999999998
16700.0 12.696 13.884 19.406
16710.0 12.6998 13.8882 19.4118
16720.0 12.7036 13.8924 19.4176
16730.0 12.7074 13.8966 19.423399999999997
16740.0 12.7112 13.9008 19.429199999999998
16750.0 12.715 13.905 19.435
16760.0 12.7188 13.9092 19.4408
16770.0 12.7226 13.9134 19.4466
16780.0 12.7264 13.9176 19.452399999999997
16790.0 12.7302 13.9218 19.458199999999998
16800.0 12.734 13.926 19.464
16810.0 12.7378 13.9302 19.4698
16820.0 12.7416 13.9344 19.4756
16830.0 12.7454 13.9386 19.481399999999997
16840.0 12.7492 13.9428 19.487199999999998
16850.0 12.753 13.947 19.493
16860.0 12.7568 13.9512 19.4988
16870.0 12.7606 13.9554 19.5046
16880.0 12.7644 13.9596 19.510399999999997
16890.0 12.7682 13.9638 19.516199999999998
16900.0 12.772 13.968 19.522
16910.0 12.7758 13.972199999999999 19.5278
16920.0 12.7796 13.9764 19.5336
16930.0 12.7834 13.980599999999999 19.539399999999997
16940.0 12.7872 13.9848 19.545199999999998
16950.0 12.791 13.989 19.551
16960.0 12.7948 13.9932 19.5568
16970.0 12.7986 13.997399999999999 19.5626
16980.0 12.8024 14.0016 19.568399999999997
16990.0 12.8062 14.0058 19.574199999999998
17000.0 12.81 14.01 19.58
17010.0 12.8137 14.0141 19.5857
17020.0 12.817400000000001 14.0182 19.5914
17030.0 12.821100000000001 14.0223 19.597099999999998
17040.0 12.8248 14.0264 19.6028
17050.0 12.8285 14.0305 19.6085
17060.0 12.8322 14.0346 19.6142
17070.0 12.8359 14.0387 19.619899999999998
17080.0 12.8396 14.0428 19.6256
17090.0 12.843300000000001 14.046899999999999 19.6313
17100.0 12.847000000000001 14.051 19.636999999999997
17110.0 12.8507 14.0551 19.642699999999998
17120.0 12.8544 14.0592 19.6484
17130.0 12.8581 14.0633 19.6541
17140.0 12.8618 14.0674 19.659799999999997
17150.0 12.8655 14.0715 19.665499999999998
17160.0 12.869200000000001 14.0756 19.6712
17170.0 12.8729 14.079699999999999 19.6769
17180.0 12.8766 14.0838 19.682599999999997
17190.0 12.8803 14.0879 19.688299999999998
17200.0 12.884 14.092 19.694
17210.0 12.8877 14.0961 19.6997
17220.0 12.8914 14.1002 19.705399999999997
17230.0 12.895100000000001 14.1043 19.7111
17240.0 12.8988 14.1084 19.7168
17250.0 12.9025 14.1125 19.722499999999997
17260.0 12.9062 14.1166 19.728199999999998
17270.0 12.9099 14.1207 19.7339
17280.0 12.9136 14.1248 19.7396
17290.0 12.917300000000001 14.1289 19.745299999999997
17300.0 12.921 14.133 19.750999999999998
17310.0 12.9247 14.1371 19.7567
17320.0 12.9284 14.1412 19.7624
17330.0 12.9321 14.1453 19.768099999999997
17340.0 12.9358 14.1494 19.773799999999998
17350.0 12.9395 14.1535 19.7795
17360.0 12.943200000000001 14.1576 19.7852
17370.0 12.9469 14.1617 19.790899999999997
17380.0 12.9506 14.165799999999999 19.796599999999998
17390.0 12.9543 14.1699 19.8023
17400.0 12.958 14.174 19.808
17410.0 12.9617 14.1781 19.813699999999997
17420.0 12.9654 14.1822 19.819399999999998
17430.0 12.9691 14.1863 19.8251
17440.0 12.9728 14.1904 19.8308
17450.0 12.9765 14.1945 19.836499999999997
17460.0 12.9802 14.198599999999999 19.8422
17470.0 12.9839 14.2027 19.8479
17480.0 12.9876 14.2068 19.8536
17490.0 12.9913 14.2109 19.859299999999998
17500.0 12.995000000000001 14.215 19.865
17510.0 12.9987 14.2191 19.8707
17520.0 13.0024 14.2232 19.8764
17530.0 13.0061 14.2273 19.882099999999998
17540.0 13.0098 14.2314 19.8878
17550.0 13.0135 14.2355 19.8935
17560.0 13.0172 14.2396 19.8992
17570.0 13.020900000000001 14.2437 19.904899999999998
17580.0 13.0246 14.2478 19.9106
17590.0 13.0283 14.2519 19.9163
17600.0 13.032 14.256 19.921999999999997
17610.0 13.0357 14.2601 19.927699999999998
17620.0 13.0394 14.2642 19.9334
17630.0 13.0431 14.2683 19.9391
17640.0 13.046800000000001 14.2724 19.944799999999997
17650.0 13.0505 14.2765 19.950499999999998
17660.0 13.0542 14.2806 19.9562
17670.0 13.0579 14.284699999999999 19.9619
17680.0 13.0616 14.2888 19.967599999999997
17690.0 13.0653 14.2929 19.9733
17700.0 13.069 14.297 19.979
17710.0 13.0727 14.3011 19.9847
17720.0 13.0764 14.3052 19.990399999999998
17730.0 13.0801 14.3093 19.9961
17740.0 13.0838 14.3134 20.0018
17750.0 13.0875 14.317499999999999 20.0075
17760.0 13.0912 14.3216 20.013199999999998
17770.0 13.0949 14.3257 20.0189
17780.0 13.0986 14.3298 20.0246
17790.0 13.1023 14.3339 20.030299999999997
17800.0 13.106 14.338 20.035999999999998
17810.0 13.1097 14.3421 20.0417
17820.0 13.1134 14.3462 20.0474
17830.0 13.1171 14.3503 20.053099999999997
17840.0 13.1208 14.3544 20.058799999999998
17850.0 13.1245 14.3585 20.0645
17860.0 13.1282 14.3626 20.0702
17870.0 13.1319 14.3667 20.075899999999997
17880.0 13.1356 14.3708 20.081599999999998
17890.0 13.1393 14.3749 20.0873
17900.0 13.143 14.379 20.093
17910.0 13.1467 14.3831 20.098699999999997
17920.0 13.1504 14.3872 20.1044
17930.0 13.1541 14.3913 20.1101
17940.0 13.1578 14.3954 20.1158
17950.0 13.1615 14.3995 20.121499999999997
17960.0 13.1652 14.403599999999999 20.1272
17970.0 13.168899999999999 14.4077 20.1329
17980.0 13.1726 14.4118 20.1386
17990.0 13.1763 14.4159 20.144299999999998
18000.0 13.18 14.42 20.15
18020.0 13.1871 14.4277 20.160899999999998
18040.0 13.194199999999999 14.4354 20.171799999999998
18060.0 13.2013 14.4431 20.182699999999997
18080.000000000004 13.208400000000001 14.450800000000001 20.1936
18100.0 13.2155 14.4585 20.2045
18120.0 13.2226 14.4662 20.2154
18140.0 13.2297 14.4739 20.2263
18160.0 13.2368 14.4816 20.237199999999998
18180.0 13.2439 14.4893 20.248099999999997
18200.0 13.251 14.497 20.258999999999997
18220.0 13.258099999999999 14.5047 20.269899999999996
18240.000000000004 13.2652 14.512400000000001 20.2808
18260.0 13.2723 14.520100000000001 20.2917
18280.0 13.2794 14.527800000000001 20.302599999999998
18300.0 13.2865 14.5355 20.313499999999998
18320.0 13.2936 14.5432 20.324399999999997
18340.0 13.300699999999999 14.5509 20.3353
18360.0 13.3078 14.5586 20.3462
18380.0 13.3149 14.5663 20.3571
18400.0 13.322 14.574 20.368
18420.0 13.3291 14.5817 20.378899999999998
18440.0 13.3362 14.5894 20.3898
18460.0 13.343300000000001 14.5971 20.4007
18480.0 13.3504 14.604800000000001 20.4116
18500.0 13.3575 14.6125 20.4225
18520.0 13.3646 14.6202 20.4334
18540.0 13.371699999999999 14.6279 20.4443
18560.0 13.3788 14.6356 20.455199999999998
18580.0 13.385900000000001 14.6433 20.4661
18600.0 13.393 14.651 20.477
18620.0 13.4001 14.6587 20.4879
18640.0 13.4072 14.6664 20.4988
18660.0 13.4143 14.6741 20.5097
18680.0 13.4214 14.681799999999999 20.520599999999998
18700.0 13.4285 14.689499999999999 20.531499999999998
18720.0 13.435599999999999 14.697199999999999 20.542399999999997
18740.000000000004 13.4427 14.7049 20.5533
18760.0 13.4498 14.7126 20.5642
18780.0 13.456900000000001 14.7203 20.5751
18800.0 13.464 14.728 20.586
18820.0 13.4711 14.7357 20.596899999999998
18840.0 13.4782 14.7434 20.607799999999997
18860.0 13.4853 14.7511 20.618699999999997
18880.0 13.4924 14.758799999999999 20.629599999999996
18900.0 13.4995 14.766499999999999 20.6405
18920.0 13.5066 14.7742 20.6514
18940.0 13.5137 14.7819 20.6623
18960.0 13.520800000000001 14.7896 20.673199999999998
18980.0 13.5279 14.7973 20.684099999999997
19000.0 13.535 14.805 20.695
19020.0 13.5421 14.8127 20.7059
19040.0 13.549199999999999 14.8204 20.7168
19060.0 13.5563 14.8281 20.7277
19080.0 13.563400000000001 14.8358 20.738599999999998
19100.0 13.570500000000001 14.8435 20.749499999999998
19120.0 13.5776 14.8512 20.7604
19140.0 13.5847 14.8589 20.7713
19160.0 13.591800000000001 14.8666 20.7822
19180.0 13.5989 14.8743 20.7931
19200.0 13.606 14.882 20.804
19220.0 13.6131 14.8897 20.814899999999998
19240.000000000004 13.6202 14.897400000000001 20.8258
19260.0 13.6273 14.905100000000001 20.8367
19280.0 13.634400000000001 14.9128 20.8476
19300.0 13.6415 14.9205 20.8585
19320.0 13.6486 14.9282 20.8694
19340.0 13.6557 14.9359 20.8803
19360.0 13.6628 14.9436 20.891199999999998
19380.0 13.6699 14.9513 20.902099999999997
19400.000000000004 13.677000000000001 14.959 20.913
19420.0 13.6841 14.9667 20.9239
19440.0 13.6912 14.9744 20.9348
19460.0 13.6983 14.982099999999999 20.9457
19480.0 13.705400000000001 14.989799999999999 20.956599999999998
19500.0 13.7125 14.997499999999999 20.967499999999998
19520.0 13.7196 15.005199999999999 20.978399999999997
19540.0 13.726700000000001 15.012899999999998 20.989299999999997
19560.0 13.7338 15.020599999999998 21.0002
19580.0 13.740900000000002 15.0283 21.0111
19600.0 13.748000000000001 15.036 21.022
19620.0 13.7551 15.0437 21.032899999999998
19640.0 13.7622 15.0514 21.043799999999997
19660.0 13.769300000000001 15.059099999999999 21.054699999999997
19680.0 13.7764 15.066799999999999 21.0656
19700.0 13.7835 15.074499999999999 21.0765
19720.0 13.7906 15.082199999999998 21.0874
19740.000000000004 13.7977 15.0899 21.0983
19760.0 13.8048 15.0976 21.109199999999998
19780.0 13.811900000000001 15.1053 21.1201
19800.0 13.819 15.113 21.131
19820.0 13.8261 15.1207 21.1419
19840.0 13.8332 15.1284 21.1528
19860.0 13.840300000000001 15.136099999999999 21.1637
19880.0 13.8474 15.143799999999999 21.174599999999998
19900.000000000004 13.854500000000002 15.1515 21.1855
19920.0 13.861600000000001 15.1592 21.1964
19940.0 13.8687 15.1669 21.2073
19960.0 13.875800000000002 15.1746 21.2182
19980.0 13.882900000000001 15.1823 21.2291
20000.0 13.89 15.19 21.24
20025.0 13.8985 15.1993 21.252899999999997
20050.0 13.907 15.208599999999999 21.2658
20075.0 13.9155 15.217899999999998 21.278699999999997
20100.000000000004 13.924000000000001 15.2272 21.2916
20125.0 13.932500000000001 15.2365 21.3045
20150.0 13.941 15.245800000000001 21.3174
20175.0 13.9495 15.2551 21.330299999999998
20200.0 13.958 15.2644 21.3432
20225.0 13.9665 15.2737 21.356099999999998
20250.0 13.975 15.283 21.369
20275.0 13.9835 15.2923 21.381899999999998
20300.000000000004 13.992 15.3016 21.3948
20325.000000000004 14.0005 15.3109 21.4077
20350.0 14.009 15.3202 21.4206
20375.0 14.0175 15.3295 21.4335
20400.0 14.026 15.338799999999999 21.4464
20425.0 14.034500000000001 15.3481 21.4593
20450.0 14.043000000000001 15.3574 21.472199999999997
20475.0 14.0515 15.3667 21.4851
20500.000000000004 14.060000000000002 15.376000000000001 21.498
20525.000000000004 14.068500000000002 15.3853 21.5109
20550.0 14.077000000000002 15.3946 21.5238
20575.0 14.085500000000001 15.4039 21.5367
20600.0 14.094000000000001 15.4132 21.549599999999998
20625.0 14.102500000000001 15.4225 21.5625
20650.0 14.111 15.431799999999999 21.5754
20675.0 14.1195 15.441099999999999 21.5883
20700.0 14.128 15.4504 21.6012
20725.000000000004 14.136500000000002 15.459700000000002 21.6141
20750.0 14.145000000000001 15.469000000000001 21.627
20775.0 14.153500000000001 15.4783 21.6399
20800.0 14.162 15.4876 21.6528
20825.0 14.1705 15.4969 21.6657
20850.0 14.179 15.5062 21.6786
20875.0 14.1875 15.5155 21.691499999999998
20900.0 14.196 15.524799999999999 21.7044
20925.000000000004 14.204500000000001 15.5341 21.7173
20950.000000000004 14.213000000000001 15.5434 21.7302
20975.0 14.2215 15.552700000000002 21.743100000000002
21000.0 14.23 15.562000000000001 21.756
21025.0 14.2385 15.5713 21.7689
21050.0 14.247 15.5806 21.7818
21075.0 14.2555 15.5899 21.7947
21100.0 14.264 15.5992 21.8076
21125.000000000004 14.2725 15.608500000000001 21.820500000000003
21150.000000000004 14.281 15.6178 21.8334
21175.0 14.2895 15.6271 21.8463
21200.0 14.298 15.6364 21.8592
21225.0 14.3065 15.6457 21.8721
21250.0 14.315000000000001 15.655000000000001 21.884999999999998
21275.0 14.323500000000001 15.6643 21.8979
21300.0 14.332 15.6736 21.9108
21325.0 14.3405 15.6829 21.9237
21350.000000000004 14.349000000000002 15.692200000000001 21.936600000000002
21375.0 14.357500000000002 15.701500000000001 21.9495
21400.0 14.366000000000001 15.7108 21.962400000000002
21425.0 14.374500000000001 15.7201 21.9753
21450.0 14.383000000000001 15.7294 21.9882
21475.0 14.3915 15.7387 22.0011
21500.0 14.4 15.748 22.014
21525.0 14.4085 15.7573 22.026899999999998
21550.000000000004 14.417000000000002 15.766600000000002 22.0398
21575.000000000004 14.425500000000001 15.775900000000002 22.0527
21600.0 14.434000000000001 15.785200000000001 22.0656
21625.0 14.4425 15.794500000000001 22.078500000000002
21650.0 14.451 15.8038 22.0914
21675.0 14.4595 15.8131 22.1043
21700.0 14.468 15.8224 22.1172
21725.0 14.4765 15.8317 22.1301
21750.000000000004 14.485000000000001 15.841000000000001 22.143
21775.000000000004 14.493500000000001 15.8503 22.155900000000003
21800.0 14.502 15.8596 22.1688
21825.0 14.5105 15.868900000000002 22.1817
21850.0 14.519 15.878200000000001 22.1946
21875.0 14.5275 15.887500000000001 22.2075
21900.0 14.536 15.8968 22.2204
21925.0 14.5445 15.9061 22.2333
21950.0 14.552999999999999 15.9154 22.246199999999998
21975.000000000004 14.5615 15.924700000000001 22.2591
22000.0 14.57 15.934000000000001 22.272000000000002
22025.0 14.5785 15.9433 22.2849
22050.0 14.587 15.9526 22.297800000000002
22075.0 14.595500000000001 15.9619 22.3107
22100.0 14.604000000000001 15.971200000000001 22.3236
22125.0 14.6125 15.980500000000001 22.3365
22150.0 14.621 15.9898 22.3494
22175.000000000004 14.6295 15.999100000000002 22.3623
22200.0 14.638000000000002 16.0084 22.375200000000003
22225.0 14.646500000000001 16.0177 22.3881
22250.0 14.655000000000001 16.027 22.401
22275.0 14.6635 16.0363 22.4139
22300.0 14.672 16.0456 22.4268
22325.0 14.6805 16.0549 22.439700000000002
22350.0 14.689 16.0642 22.4526
22375.000000000004 14.697500000000002 16.073500000000003 22.465500000000002
22400.000000000004 14.706000000000001 16.082800000000002 22.4784
22425.0 14.714500000000001 16.092100000000002 22.491300000000003
22450.0 14.723 16.1014 22.5042
22475.0 14.7315 16.1107 22.517100000000003
22500.0 14.74 16.12 22.53
22525.0 14.748 16.128700000000002 22.5421
22550.0 14.756 16.1374 22.5542
22575.0 14.764 16.1461 22.566300000000002
22600.000000000004 14.772 16.1548 22.578400000000002
22625.0 14.780000000000001 16.163500000000003 22.590500000000002
22650.0 14.788 16.1722 22.602600000000002
22675.0 14.796000000000001 16.1809 22.614700000000003
22700.0 14.804 16.189600000000002 22.6268
22725.0 14.812 16.1983 22.6389
22750.0 14.82 16.207 22.651
22775.0 14.828 16.215700000000002 22.6631
22800.000000000004 14.836 16.224400000000003 22.675200000000004
22825.000000000004 14.844000000000001 16.2331 22.6873
22850.0 14.852 16.2418 22.6994
22875.0 14.860000000000001 16.250500000000002 22.7115
22900.0 14.868 16.2592 22.7236
22925.0 14.876 16.2679 22.7357
22950.0 14.884 16.276600000000002 22.7478
22975.0 14.892 16.2853 22.759900000000002
23000.000000000004 14.9 16.294 22.772000000000002
23025.000000000004 14.908000000000001 16.3027 22.784100000000002
23050.0 14.916 16.311400000000003 22.796200000000002
23075.0 14.924 16.3201 22.808300000000003
23100.0 14.932 16.3288 22.8204
23125.0 14.94 16.3375 22.8325
23150.0 14.948 16.3462 22.8446
23175.0 14.956 16.3549 22.8567
23200.0 14.963999999999999 16.363599999999998 22.8688
23225.000000000004 14.972000000000001 16.372300000000003 22.8809
23250.0 14.98 16.381 22.893
23275.0 14.988 16.3897 22.9051
23300.0 14.996 16.3984 22.9172
23325.0 15.004 16.4071 22.9293
23350.0 15.012 16.4158 22.9414
23375.0 15.02 16.4245 22.9535
23400.0 15.027999999999999 16.4332 22.9656
23425.000000000004 15.036000000000001 16.4419 22.977700000000002
23450.000000000004 15.044 16.4506 22.989800000000002
23475.0 15.052 16.4593 23.0019
23500.0 15.06 16.468 23.014
23525.0 15.068 16.4767 23.0261
23550.0 15.076 16.4854 23.0382
23575.0 15.084 16.4941 23.0503
23600.0 15.091999999999999 16.5028 23.0624
23625.000000000004 15.100000000000001 16.5115 23.0745
23650.000000000004 15.108 16.5202 23.0866
23675.0 15.116 16.5289 23.0987
23700.0 15.124 16.5376 23.1108
23725.0 15.132 16.5463 23.1229
23750.0 15.14 16.555 23.134999999999998
23775.0 15.148 16.5637 23.1471
23800.0 15.155999999999999 16.5724 23.1592
23825.0 15.164 16.5811 23.1713
23850.000000000004 15.172 16.5898 23.183400000000002
23875.0 15.18 16.5985 23.1955
23900.0 15.188 16.6072 23.2076
23925.0 15.196 16.6159 23.2197
23950.0 15.203999999999999 16.6246 23.2318
23975.0 15.212 16.6333 23.2439
24000.0 15.219999999999999 16.642 23.256
24025.0 15.228 16.6507 23.2681
24050.000000000004 15.236 16.6594 23.2802
24075.000000000004 15.244 16.6681 23.2923
24100.0 15.252 16.6768 23.3044
24125.0 15.26 16.6855 23.3165
24150.0 15.267999999999999 16.6942 23.328599999999998
24175.0 15.276 16.7029 23.3407
24200.0 15.283999999999999 16.7116 23.3528
24225.0 15.292 16.720299999999998 23.3649
24250.000000000004 15.3 16.729 23.377
24275.000000000004 15.308 16.7377 23.3891
24300.0 15.316 16.7464 23.4012
24325.0 15.324 16.7551 23.4133
24350.0 15.331999999999999 16.7638 23.4254
24375.0 15.34 16.7725 23.4375
24400.0 15.347999999999999 16.7812 23.4496
24425.0 15.356 16.7899 23.461699999999997
24450.0 15.363999999999999 16.798599999999997 23.473799999999997
24475.000000000004 15.372 16.8073 23.4859
24500.0 15.379999999999999 16.816 23.498
24525.0 15.388 16.8247 23.5101
24550.0 15.395999999999999 16.833399999999997 23.522199999999998
24575.0 15.404 16.8421 23.534299999999998
24600.0 15.411999999999999 16.8508 23.5464
24625.0 15.419999999999998 16.859499999999997 23.5585
24650.0 15.427999999999999 16.868199999999998 23.5706
24675.000000000004 15.436 16.8769 23.5827
24700.0 15.443999999999999 16.8856 23.5948
24725.0 15.452 16.894299999999998 23.6069
24750.0 15.459999999999999 16.903 23.619
24775.0 15.468 16.9117 23.6311
24800.0 15.475999999999999 16.920399999999997 23.6432
24825.0 15.483999999999998 16.9291 23.655299999999997
24850.0 15.491999999999999 16.9378 23.667399999999997
24875.000000000004 15.5 16.9465 23.6795
24900.000000000004 15.508 16.955199999999998 23.6916
24925.0 15.516 16.9639 23.703699999999998
24950.0 15.524 16.9726 23.715799999999998
24975.0 15.532 16.981299999999997 23.727899999999998
25000.0 15.54 16.99 23.74
25025.0 15.5475 16.998299999999997 23.7516
25050.0 15.555 17.0066 23.763199999999998
25075.0 15.562499999999998 17.014899999999997 23.7748
25100.000000000004 15.57 17.0232 23.7864
25125.0 15.5775 17.031499999999998 23.798
25150.0 15.584999999999999 17.0398 23.8096
25175.0 15.5925 17.048099999999998 23.821199999999997
25200.0 15.6 17.0564 23.8328
25225.0 15.607499999999998 17.0647 23.844399999999997
25250.0 15.614999999999998 17.072999999999997 23.855999999999998
25275.0 15.622499999999999 17.0813 23.8676
25300.000000000004 15.629999999999999 17.0896 23.8792
25325.000000000004 15.6375 17.0979 23.8908
25350.0 15.645 17.106199999999998 23.9024
25375.0 15.6525 17.1145 23.913999999999998
25400.0 15.66 17.122799999999998 23.9256
25425.0 15.667499999999999 17.1311 23.937199999999997
25450.0 15.674999999999999 17.1394 23.9488
25475.0 15.6825 17.147699999999997 23.960399999999996
25500.000000000004 15.69 17.156 23.972
25525.000000000004 15.6975 17.1643 23.9836
25550.0 15.705 17.1726 23.9952
25575.0 15.712499999999999 17.180899999999998 24.0068
25600.0 15.719999999999999 17.1892 24.0184
25625.0 15.7275 17.197499999999998 24.029999999999998
25650.0 15.735 17.2058 24.0416
25675.0 15.7425 17.2141 24.053199999999997
25700.0 15.749999999999998 17.222399999999997 24.064799999999998
25725.000000000004 15.7575 17.2307 24.0764
25750.0 15.765 17.239 24.088
25775.0 15.772499999999999 17.2473 24.0996
25800.0 15.78 17.255599999999998 24.1112
25825.0 15.7875 17.2639 24.122799999999998
25850.0 15.794999999999998 17.272199999999998 24.1344
25875.0 15.802499999999998 17.2805 24.145999999999997
25900.0 15.809999999999999 17.2888 24.1576
25925.000000000004 15.817499999999999 17.2971 24.1692
25950.000000000004 15.825 17.3054 24.180799999999998
25975.0 15.8325 17.3137 24.1924
26000.0 15.84 17.322 24.204
26025.0 15.8475 17.330299999999998 24.2156
26050.0 15.854999999999999 17.3386 24.2272
26075.0 15.862499999999999 17.346899999999998 24.238799999999998
26100.0 15.87 17.3552 24.2504
26125.000000000004 15.8775 17.363500000000002 24.262
26150.000000000004 15.885 17.3718 24.2736
26175.0 15.8925 17.3801 24.2852
26200.0 15.899999999999999 17.3884 24.296799999999998
26225.0 15.907499999999999 17.3967 24.3084
26250.0 15.915 17.405 24.32
26275.0 15.9225 17.4133 24.331599999999998
26300.0 15.93 17.421599999999998 24.3432
26325.0 15.937499999999998 17.4299 24.354799999999997
26350.000000000004 15.945 17.438200000000002 24.3664
26375.0 15.9525 17.4465 24.378
26400.0 15.959999999999999 17.4548 24.389599999999998
26425.0 15.9675 17.4631 24.4012
26450.0 15.975 17.4714 24.412799999999997
26475.0 15.982499999999998 17.4797 24.4244
26500.0 15.989999999999998 17.488 24.435999999999996
26525.0 15.997499999999999 17.496299999999998 24.447599999999998
26550.000000000004 16.005 17.5046 24.4592
26575.000000000004 16.0125 17.512900000000002 24.4708
26600.0 16.02 17.5212 24.4824
26625.0 16.0275 17.5295 24.494
26650.0 16.035 17.5378 24.505599999999998
26675.0 16.0425 17.5461 24.5172
26700.0 16.049999999999997 17.5544 24.528799999999997
26725.0 16.057499999999997 17.5627 24.540399999999998
26750.000000000004 16.065 17.571 24.552
26775.000000000004 16.072499999999998 17.5793 24.5636
26800.0 16.08 17.587600000000002 24.5752
26825.0 16.0875 17.5959 24.5868
26850.0 16.095 17.6042 24.598399999999998
26875.0 16.1025 17.6125 24.61
26900.0 16.11 17.6208 24.621599999999997
26925.0 16.1175 17.6291 24.6332
26950.0 16.125 17.6374 24.644799999999996
26975.000000000004 16.1325 17.6457 24.656399999999998
27000.0 16.14 17.654 24.668
27025.0 16.1475 17.662300000000002 24.6796
27050.0 16.155 17.6706 24.6912
27075.0 16.162499999999998 17.6789 24.7028
27100.0 16.169999999999998 17.6872 24.714399999999998
27125.0 16.1775 17.6955 24.726
27150.0 16.185 17.7038 24.737599999999997
27175.000000000004 16.1925 17.7121 24.7492
27200.0 16.2 17.7204 24.7608
27225.0 16.2075 17.7287 24.772399999999998
27250.0 16.215 17.737000000000002 24.784
27275.0 16.2225 17.7453 24.7956
27300.0 16.23 17.7536 24.807199999999998
27325.0 16.237499999999997 17.7619 24.8188
27350.0 16.244999999999997 17.7702 24.830399999999997
27375.000000000004 16.2525 17.7785 24.842
27400.000000000004 16.259999999999998 17.7868 24.8536
27425.0 16.2675 17.7951 24.865199999999998
27450.0 16.275 17.8034 24.8768
27475.0 16.2825 17.811700000000002 24.888399999999997
27500.0 16.29 17.82 24.9
27525.0 16.2973 17.8279 24.911099999999998
27550.0 16.304599999999997 17.8358 24.922199999999997
27575.000000000004 16.3119 17.843700000000002 24.9333
27600.000000000004 16.3192 17.8516 24.944399999999998
27625.0 16.3265 17.8595 24.9555
27650.0 16.3338 17.8674 24.9666
27675.0 16.3411 17.8753 24.9777
27700.0 16.348399999999998 17.8832 24.988799999999998
27725.0 16.3557 17.8911 24.9999
27750.0 16.363 17.899 25.011
27775.0 16.3703 17.9069 25.0221
27800.000000000004 16.3776 17.9148 25.0332
27825.000000000004 16.3849 17.922700000000003 25.0443
27850.0 16.3922 17.930600000000002 25.0554
27875.0 16.3995 17.9385 25.066499999999998
27900.0 16.4068 17.9464 25.0776
27925.0 16.414099999999998 17.9543 25.0887
27950.0 16.4214 17.9622 25.0998
27975.0 16.4287 17.9701 25.110899999999997
28000.000000000004 16.436 17.978 25.122
28025.000000000004 16.4433 17.9859 25.1331
28050.0 16.4506 17.9938 25.1442
28075.0 16.4579 18.0017 25.1553
28100.0 16.4652 18.0096 25.1664
28125.0 16.4725 18.0175 25.1775
28150.0 16.479799999999997 18.0254 25.188599999999997
28175.0 16.487099999999998 18.0333 25.1997
28200.000000000004 16.4944 18.0412 25.2108
28225.000000000004 16.5017 18.0491 25.2219
28250.0 16.509 18.057000000000002 25.233
28275.0 16.5163 18.0649 25.2441
28300.0 16.5236 18.0728 25.2552
28325.0 16.5309 18.0807 25.2663
28350.0 16.5382 18.0886 25.2774
28375.0 16.5455 18.0965 25.2885
28400.0 16.552799999999998 18.1044 25.299599999999998
28425.000000000004 16.5601 18.1123 25.3107
28450.000000000004 16.5674 18.1202 25.3218
28475.0 16.5747 18.1281 25.3329
28500.0 16.582 18.136 25.344
28525.0 16.589299999999998 18.1439 25.3551
28550.0 16.5966 18.1518 25.3662
28575.0 16.6039 18.1597 25.377299999999998
28600.0 16.6112 18.1676 25.3884
28625.000000000004 16.6185 18.1755 25.3995
28650.000000000004 16.6258 18.1834 25.410600000000002
28675.0 16.6331 18.191300000000002 25.4217
28700.0 16.6404 18.1992 25.4328
28725.0 16.6477 18.2071 25.4439
28750.0 16.655 18.215 25.455
28775.0 16.6623 18.2229 25.4661
28800.0 16.6696 18.2308 25.4772
28825.000000000004 16.6769 18.2387 25.488300000000002
28850.000000000004 16.6842 18.2466 25.4994
28875.0 16.6915 18.2545 25.5105
28900.0 16.6988 18.2624 25.5216
28925.0 16.7061 18.2703 25.532700000000002
28950.0 16.7134 18.2782 25.5438
28975.0 16.7207 18.2861 25.5549
29000.0 16.727999999999998 18.294 25.566
29025.0 16.7353 18.3019 25.5771
29050.000000000004 16.7426 18.3098 25.5882
29075.000000000004 16.7499 18.317700000000002 25.5993
29100.0 16.7572 18.3256 25.610400000000002
29125.0 16.764499999999998 18.3335 25.6215
29150.0 16.7718 18.3414 25.6326
29175.0 16.7791 18.3493 25.6437
29200.0 16.7864 18.3572 25.6548
29225.0 16.793699999999998 18.365099999999998 25.6659
29250.000000000004 16.801000000000002 18.373 25.677000000000003
29275.000000000004 16.8083 18.3809 25.688100000000002
29300.0 16.8156 18.3888 25.6992
29325.0 16.8229 18.3967 25.7103
29350.0 16.830199999999998 18.4046 25.721400000000003
29375.0 16.8375 18.4125 25.7325
29400.0 16.8448 18.4204 25.7436
29425.0 16.8521 18.4283 25.7547
29450.000000000004 16.8594 18.4362 25.765800000000002
29475.000000000004 16.8667 18.4441 25.7769
29500.0 16.874 18.452 25.788
29525.0 16.8813 18.4599 25.799100000000003
29550.0 16.8886 18.4678 25.810200000000002
29575.0 16.8959 18.4757 25.8213
29600.0 16.9032 18.4836 25.8324
29625.0 16.9105 18.4915 25.843500000000002
29650.0 16.9178 18.499399999999998 25.8546
29675.000000000004 16.9251 18.5073 25.865700000000004
29700.0 16.9324 18.5152 25.876800000000003
29725.0 16.9397 18.5231 25.887900000000002
29750.0 16.947 18.531 25.899
29775.0 16.9543 18.538899999999998 25.9101
29800.0 16.9616 18.5468 25.921200000000002
29825.0 16.968899999999998 18.5547 25.9323
29850.0 16.9762 18.5626 25.9434
29875.000000000004 16.9835 18.5705 25.954500000000003
29900.000000000004 16.9908 18.5784 25.965600000000002
29925.0 16.9981 18.5863 25.9767
29950.0 17.0054 18.5942 25.987800000000004
29975.0 17.0127 18.6021 25.998900000000003
30000.0 17.02 18.61 26.01
30025.0 17.0275 18.6176 26.0206
30050.0 17.035 18.6252 26.031200000000002
30075.000000000004 17.0425 18.6328 26.041800000000002
30100.000000000004 17.05 18.6404 26.052400000000002
30125.0 17.0575 18.648 26.063000000000002
30150.0 17.065 18.6556 26.073600000000003
30175.0 17.072499999999998 18.6632 26.084200000000003
30200.0 17.08 18.6708 26.094800000000003
30225.0 17.0875 18.6784 26.105400000000003
30250.0 17.095 18.686 26.116
30275.0 17.1025 18.6936 26.1266
30300.000000000004 17.11 18.7012 26.137200000000004
30325.000000000004 17.1175 18.7088 26.147800000000004
30350.0 17.125 18.7164 26.1584
30375.0 17.1325 18.724 26.169
30400.0 17.14 18.7316 26.1796
30425.0 17.1475 18.7392 26.1902
30450.0 17.155 18.7468 26.2008
30475.0 17.162499999999998 18.7544 26.2114
30500.000000000004 17.17 18.762 26.222
30525.000000000004 17.177500000000002 18.7696 26.2326
30550.0 17.185 18.7772 26.2432
30575.0 17.1925 18.7848 26.253800000000002
30600.0 17.2 18.7924 26.264400000000002
30625.0 17.2075 18.8 26.275000000000002
30650.0 17.215 18.8076 26.285600000000002
30675.0 17.2225 18.8152 26.296200000000002
30700.000000000004 17.23 18.8228 26.306800000000003
30725.000000000004 17.2375 18.8304 26.317400000000003
30750.0 17.245 18.838 26.328000000000003
30775.0 17.2525 18.8456 26.338600000000003
30800.0 17.259999999999998 18.8532 26.3492
30825.0 17.2675 18.8608 26.3598
30850.0 17.275 18.8684 26.3704
30875.0 17.2825 18.876 26.381
30900.0 17.29 18.8836 26.3916
30925.000000000004 17.2975 18.8912 26.4022
30950.000000000004 17.305 18.8988 26.4128
30975.0 17.3125 18.9064 26.4234
31000.0 17.32 18.914 26.434
31025.0 17.3275 18.9216 26.4446
31050.0 17.335 18.9292 26.4552
31075.0 17.3425 18.9368 26.4658
31100.0 17.349999999999998 18.944399999999998 26.4764
31125.000000000004 17.3575 18.952 26.487000000000002
31150.000000000004 17.365000000000002 18.959600000000002 26.497600000000002
31175.0 17.3725 18.967200000000002 26.508200000000002
31200.0 17.38 18.974800000000002 26.518800000000002
31225.0 17.3875 18.982400000000002 26.529400000000003
31250.0 17.395 18.990000000000002 26.54
31275.0 17.4025 18.9976 26.5506
31300.0 17.41 19.0052 26.5612
31325.000000000004 17.4175 19.012800000000002 26.571800000000003
31350.000000000004 17.425 19.020400000000002 26.582400000000003
31375.0 17.4325 19.028000000000002 26.593
31400.0 17.44 19.035600000000002 26.6036
31425.0 17.447499999999998 19.0432 26.6142
31450.0 17.455 19.0508 26.6248
31475.0 17.4625 19.0584 26.6354
31500.0 17.47 19.066 26.646
31525.0 17.4775 19.0736 26.6566
31550.000000000004 17.485 19.081200000000003 26.6672
31575.000000000004 17.4925 19.088800000000003 26.6778
31600.0 17.5 19.0964 26.6884
31625.0 17.5075 19.104 26.699
31650.0 17.515 19.1116 26.709600000000002
31675.0 17.5225 19.1192 26.720200000000002
31700.0 17.53 19.1268 26.730800000000002
31725.0 17.537499999999998 19.1344 26.7414
31750.000000000004 17.545 19.142000000000003 26.752000000000002
31775.000000000004 17.552500000000002 19.1496 26.762600000000003
31800.0 17.56 19.1572 26.773200000000003
31825.0 17.5675 19.1648 26.7838
31850.0 17.575 19.1724 26.7944
31875.0 17.5825 19.18 26.805
31900.0 17.59 19.1876 26.8156
31925.0 17.5975 19.1952 26.8262
31950.000000000004 17.605 19.2028 26.8368
31975.000000000004 17.6125 19.2104 26.8474
32000.0 17.62 19.218 26.858
32025.0 17.6275 19.2256 26.8686
32050.0 17.634999999999998 19.2332 26.8792
32075.0 17.6425 19.2408 26.8898
32100.0 17.65 19.2484 26.9004
32125.0 17.6575 19.256 26.911
32150.0 17.665 19.2636 26.9216
32175.000000000004 17.6725 19.2712 26.9322
32200.0 17.68 19.2788 26.942800000000002
32225.0 17.6875 19.2864 26.953400000000002
32250.0 17.695 19.294 26.964000000000002
32275.0 17.7025 19.3016 26.974600000000002
32300.0 17.71 19.3092 26.9852
32325.0 17.7175 19.3168 26.9958
32350.0 17.724999999999998 19.3244 27.0064
32375.000000000004 17.7325 19.332 27.017000000000003
32400.000000000004 17.740000000000002 19.3396 27.0276
32425.0 17.7475 19.3472 27.0382
32450.0 17.755 19.3548 27.0488
32475.0 17.7625 19.3624 27.0594
32500.0 17.77 19.37 27.07
32525.0 17.7791 19.3773 27.0802
32550.0 17.7882 19.3846 27.0904
32575.000000000004 17.7973 19.391900000000003 27.1006
32600.000000000004 17.8064 19.3992 27.1108
32625.0 17.8155 19.4065 27.121000000000002
32650.0 17.8246 19.413800000000002 27.1312
32675.0 17.8337 19.421100000000003 27.1414
32700.0 17.8428 19.4284 27.151600000000002
32725.0 17.8519 19.4357 27.1618
32750.0 17.861 19.443 27.172
32775.0 17.8701 19.450300000000002 27.182199999999998
32800.0 17.8792 19.457600000000003 27.192400000000003
32825.0 17.8883 19.4649 27.2026
32850.0 17.8974 19.4722 27.2128
32875.0 17.9065 19.4795 27.223
32900.0 17.9156 19.486800000000002 27.2332
32925.0 17.924699999999998 19.4941 27.2434
32950.0 17.933799999999998 19.5014 27.2536
32975.0 17.942899999999998 19.5087 27.2638
33000.0 17.952 19.516000000000002 27.274
33025.0 17.961100000000002 19.523300000000003 27.284200000000002
33050.0 17.9702 19.530600000000003 27.2944
33075.0 17.9793 19.5379 27.3046
33100.0 17.9884 19.5452 27.3148
33125.0 17.9975 19.552500000000002 27.325
33150.0 18.0066 19.559800000000003 27.3352
33175.0 18.0157 19.5671 27.345399999999998
33200.0 18.0248 19.5744 27.355600000000003
33225.0 18.0339 19.5817 27.3658
33250.0 18.043 19.589000000000002 27.376
33275.0 18.0521 19.596300000000003 27.386200000000002
33300.0 18.0612 19.6036 27.3964
33325.0 18.0703 19.6109 27.4066
33350.0 18.0794 19.6182 27.4168
33375.0 18.0885 19.625500000000002 27.427
33400.0 18.0976 19.6328 27.4372
33425.0 18.1067 19.6401 27.447400000000002
33450.0 18.1158 19.6474 27.4576
33475.0 18.1249 19.654700000000002 27.4678
33500.0 18.134 19.662000000000003 27.478
33525.0 18.1431 19.6693 27.4882
33550.0 18.1522 19.6766 27.4984
33575.0 18.1613 19.6839 27.5086
33600.0 18.1704 19.691200000000002 27.5188
33625.0 18.1795 19.698500000000003 27.529
33650.0 18.1886 19.705800000000004 27.5392
33675.0 18.1977 19.7131 27.549400000000002
33700.0 18.2068 19.7204 27.5596
33725.0 18.2159 19.727700000000002 27.5698
33750.0 18.225 19.735 27.58
33775.0 18.234099999999998 19.7423 27.5902
33800.0 18.243199999999998 19.7496 27.6004
33825.0 18.2523 19.7569 27.6106
33850.0 18.261400000000002 19.764200000000002 27.620800000000003
33875.0 18.270500000000002 19.771500000000003 27.631
33900.0 18.2796 19.7788 27.6412
33925.0 18.2887 19.7861 27.6514
33950.0 18.2978 19.793400000000002 27.6616
33975.0 18.3069 19.800700000000003 27.6718
34000.0 18.316 19.808 27.682
34025.0 18.3251 19.8153 27.6922
34050.0 18.3342 19.8226 27.7024
34075.0 18.3433 19.829900000000002 27.712600000000002
34100.0 18.3524 19.837200000000003 27.7228
34125.0 18.3615 19.8445 27.733
34150.0 18.3706 19.8518 27.7432
34175.0 18.3797 19.8591 27.7534
34200.0 18.3888 19.866400000000002 27.7636
34225.0 18.3979 19.8737 27.773799999999998
34250.0 18.407 19.881000000000004 27.784000000000002
34275.0 18.4161 19.8883 27.7942
34300.0 18.4252 19.8956 27.8044
34325.0 18.4343 19.902900000000002 27.8146
34350.0 18.4434 19.910200000000003 27.8248
34375.0 18.4525 19.9175 27.835
34400.0 18.4616 19.9248 27.8452
34425.0 18.4707 19.932100000000002 27.8554
34450.0 18.4798 19.939400000000003 27.8656
34475.0 18.4889 19.946700000000003 27.8758
34500.0 18.498 19.954 27.886
34525.0 18.5071 19.9613 27.8962
34550.0 18.5162 19.968600000000002 27.9064
34575.0 18.5253 19.975900000000003 27.9166
34600.0 18.534399999999998 19.9832 27.9268
34625.0 18.543499999999998 19.9905 27.937
34650.0 18.552599999999998 19.9978 27.9472
34675.0 18.561700000000002 20.005100000000002 27.9574
34700.0 18.570800000000002 20.012400000000003 27.9676
34725.0 18.5799 20.0197 27.977800000000002
34750.0 18.589 20.027 27.988
34775.0 18.5981 20.0343 27.9982
34800.0 18.6072 20.041600000000003 28.008399999999998
34825.0 18.6163 20.0489 28.0186
34850.0 18.6254 20.0562 28.0288
34875.0 18.6345 20.0635 28.039
34900.0 18.6436 20.070800000000002 28.0492
34925.0 18.6527 20.078100000000003 28.0594
34950.0 18.6618 20.0854 28.0696
34975.0 18.6709 20.0927 28.0798
35000.0 18.68 20.1 28.09
35025.0 18.6881 20.107100000000003 28.099899999999998
35050.0 18.6962 20.1142 28.1098
35075.0 18.7043 20.1213 28.1197
35100.0 18.7124 20.128400000000003 28.1296
35125.0 18.7205 20.1355 28.1395
35150.0 18.7286 20.1426 28.1494
35175.0 18.7367 20.149700000000003 28.1593
35200.0 18.744799999999998 20.1568 28.1692
35225.0 18.7529 20.1639 28.1791
35250.0 18.761 20.171 28.189
35275.0 18.769099999999998 20.1781 28.1989
35300.0 18.7772 20.185200000000002 28.2088
35325.0 18.7853 20.192300000000003 28.218700000000002
35350.0 18.7934 20.1994 28.2286
35375.0 18.8015 20.206500000000002 28.2385
35400.0 18.8096 20.2136 28.2484
35425.0 18.8177 20.2207 28.2583
35450.0 18.8258 20.227800000000002 28.2682
35475.0 18.8339 20.2349 28.2781
35500.0 18.842 20.242 28.288
35525.0 18.8501 20.249100000000002 28.297900000000002
35550.0 18.8582 20.2562 28.3078
35575.0 18.8663 20.2633 28.3177
35600.0 18.874399999999998 20.270400000000002 28.3276
35625.0 18.8825 20.2775 28.3375
35650.0 18.8906 20.2846 28.3474
35675.0 18.898699999999998 20.2917 28.3573
35700.0 18.9068 20.2988 28.3672
35725.0 18.9149 20.3059 28.3771
35750.0 18.923 20.313000000000002 28.387
35775.0 18.9311 20.3201 28.3969
35800.0 18.9392 20.3272 28.4068
35825.0 18.9473 20.3343 28.4167
35850.0 18.955399999999997 20.3414 28.4266
35875.0 18.9635 20.3485 28.4365
35900.0 18.9716 20.3556 28.446399999999997
35925.0 18.9797 20.3627 28.4563
35950.0 18.9878 20.3698 28.4662
35975.0 18.9959 20.3769 28.4761
36000.0 19.003999999999998 20.384 28.486
36025.0 19.0121 20.3911 28.4959
36050.0 19.0202 20.3982 28.5058
36075.0 19.028299999999998 20.4053 28.5157
36100.0 19.0364 20.412399999999998 28.525599999999997
36125.0 19.0445 20.4195 28.5355
36150.0 19.052599999999998 20.4266 28.5454
36175.0 19.0607 20.4337 28.5553
36200.0 19.0688 20.4408 28.5652
36225.0 19.0769 20.4479 28.5751
36250.0 19.085 20.455 28.585
36275.0 19.0931 20.4621 28.5949
36300.0 19.1012 20.4692 28.604799999999997
36325.0 19.1093 20.476300000000002 28.6147
36350.0 19.1174 20.4834 28.6246
36375.0 19.1255 20.4905 28.6345
36400.0 19.133599999999998 20.4976 28.6444
36425.0 19.1417 20.5047 28.6543
36450.0 19.1498 20.5118 28.664199999999997
36475.0 19.157899999999998 20.5189 28.6741
36500.0 19.166 20.526 28.683999999999997
36525.0 19.1741 20.5331 28.6939
36550.0 19.182199999999998 20.5402 28.7038
36575.0 19.1903 20.5473 28.7137
36600.0 19.1984 20.5544 28.7236
36625.0 19.2065 20.5615 28.7335
36650.0 19.214599999999997 20.5686 28.743399999999998
36675.0 19.2227 20.5757 28.7533
36700.0 19.2308 20.5828 28.763199999999998
36725.0 19.238899999999997 20.5899 28.7731
36750.0 19.247 20.597 28.783
36775.0 19.2551 20.6041 28.7929
36800.0 19.263199999999998 20.6112 28.802799999999998
36825.0 19.2713 20.6183 28.8127
36850.0 19.2794 20.6254 28.822599999999998
36875.0 19.287499999999998 20.6325 28.8325
36900.0 19.2956 20.639599999999998 28.842399999999998
36925.0 19.3037 20.6467 28.8523
36950.0 19.311799999999998 20.6538 28.8622
36975.0 19.3199 20.6609 28.8721
37000.0 19.328 20.668 28.881999999999998
37025.0 19.3361 20.6751 28.8919
37050.0 19.3442 20.682199999999998 28.901799999999998
37075.0 19.3523 20.6893 28.9117
37100.0 19.3604 20.6964 28.921599999999998
37125.0 19.368499999999997 20.7035 28.9315
37150.0 19.3766 20.7106 28.941399999999998
37175.0 19.3847 20.7177 28.9513
37200.0 19.392799999999998 20.7248 28.961199999999998
37225.0 19.4009 20.7319 28.9711
37250.0 19.409 20.739 28.980999999999998
37275.0 19.417099999999998 20.7461 28.9909
37300.0 19.425199999999997 20.7532 29.000799999999998
37325.0 19.4333 20.760299999999997 29.0107
37350.0 19.441399999999998 20.7674 29.020599999999998
37375.0 19.4495 20.7745 29.0305
37400.0 19.4576 20.7816 29.040399999999998
37425.0 19.4657 20.7887 29.0503
37450.0 19.473799999999997 20.7958 29.0602
37475.0 19.4819 20.802899999999998 29.0701
37500.0 19.49 20.81 29.08
37525.00000000001 19.4973 20.8168 29.0895
37550.0 19.504599999999996 20.8236 29.098999999999997
37575.0 19.5119 20.8304 29.1085
37600.0 19.519199999999998 20.8372 29.118
37625.0 19.5265 20.843999999999998 29.127499999999998
37650.0 19.533799999999996 20.8508 29.136999999999997
37675.0 19.5411 20.857599999999998 29.1465
37700.00000000001 19.5484 20.8644 29.156
37725.0 19.555699999999998 20.871199999999998 29.165499999999998
37750.0 19.563 20.878 29.175
37775.0 19.5703 20.8848 29.184499999999996
37800.0 19.5776 20.8916 29.194
37825.0 19.584899999999998 20.8984 29.2035
37850.0 19.5922 20.9052 29.213
37875.0 19.5995 20.912 29.222499999999997
37900.0 19.6068 20.918799999999997 29.232
37925.00000000001 19.6141 20.9256 29.241500000000002
37950.0 19.621399999999998 20.932399999999998 29.250999999999998
37975.0 19.6287 20.9392 29.2605
38000.0 19.636 20.945999999999998 29.27
38025.0 19.6433 20.9528 29.2795
38050.0 19.650599999999997 20.9596 29.288999999999998
38075.0 19.657899999999998 20.9664 29.2985
38100.00000000001 19.6652 20.9732 29.308
38125.0 19.6725 20.979999999999997 29.3175
38150.00000000001 19.6798 20.9868 29.327
38175.0 19.687099999999997 20.993599999999997 29.336499999999997
38200.0 19.694399999999998 21.0004 29.346
38225.0 19.7017 21.007199999999997 29.3555
38250.0 19.709 21.014 29.365
38275.0 19.716299999999997 21.020799999999998 29.374499999999998
38300.0 19.723599999999998 21.0276 29.384
38325.00000000001 19.7309 21.0344 29.3935
38350.0 19.7382 21.0412 29.403
38375.0 19.7455 21.048 29.4125
38400.0 19.752799999999997 21.054799999999997 29.421999999999997
38425.0 19.760099999999998 21.0616 29.4315
38450.0 19.7674 21.068399999999997 29.441
38475.0 19.7747 21.0752 29.4505
38500.0 19.781999999999996 21.081999999999997 29.459999999999997
38525.0 19.789299999999997 21.0888 29.4695
38550.00000000001 19.7966 21.0956 29.479000000000003
38575.0 19.8039 21.1024 29.4885
38600.0 19.8112 21.109199999999998 29.498
38625.0 19.818499999999997 21.116 29.5075
38650.0 19.8258 21.122799999999998 29.517
38675.0 19.833099999999998 21.129599999999996 29.5265
38700.0 19.8404 21.1364 29.536
38725.00000000001 19.8477 21.1432 29.5455
38750.0 19.854999999999997 21.15 29.555
38775.00000000001 19.8623 21.1568 29.564500000000002
38800.0 19.8696 21.1636 29.573999999999998
38825.0 19.8769 21.1704 29.5835
38850.0 19.884199999999996 21.1772 29.593
38875.0 19.8915 21.183999999999997 29.6025
38900.0 19.898799999999998 21.1908 29.612
38925.0 19.9061 21.197599999999998 29.6215
38950.00000000001 19.9134 21.2044 29.631
38975.0 19.9207 21.211199999999998 29.6405
39000.0 19.928 21.218 29.650000000000002
39025.0 19.935299999999998 21.2248 29.6595
39050.0 19.9426 21.2316 29.669
39075.0 19.9499 21.2384 29.6785
39100.0 19.9572 21.2452 29.688000000000002
39125.0 19.964499999999997 21.252 29.697499999999998
39150.0 19.971799999999998 21.258799999999997 29.707
39175.00000000001 19.9791 21.2656 29.716500000000003
39200.0 19.9864 21.272399999999998 29.726
39225.0 19.9937 21.2792 29.735500000000002
39250.0 20.000999999999998 21.285999999999998 29.745
39275.0 20.0083 21.2928 29.7545
39300.0 20.0156 21.299599999999998 29.764
39325.0 20.0229 21.3064 29.773500000000002
39350.00000000001 20.0302 21.3132 29.783
39375.0 20.037499999999998 21.32 29.7925
39400.00000000001 20.0448 21.3268 29.802000000000003
39425.0 20.0521 21.333599999999997 29.8115
39450.0 20.0594 21.3404 29.821
39475.0 20.066699999999997 21.347199999999997 29.8305
39500.0 20.073999999999998 21.354 29.84
39525.0 20.0813 21.360799999999998 29.8495
39550.0 20.0886 21.3676 29.859
39575.00000000001 20.0959 21.3744 29.8685
39600.0 20.103199999999998 21.3812 29.878
39625.0 20.1105 21.387999999999998 29.887500000000003
39650.0 20.1178 21.394799999999996 29.897
39675.0 20.1251 21.4016 29.9065
39700.0 20.132399999999997 21.408399999999997 29.916
39725.0 20.139699999999998 21.4152 29.9255
39750.0 20.147 21.421999999999997 29.935
39775.0 20.1543 21.4288 29.9445
39800.00000000001 20.1616 21.4356 29.954000000000004
39825.0 20.168899999999997 21.4424 29.9635
39850.0 20.1762 21.449199999999998 29.973000000000003
39875.0 20.1835 21.456 29.9825
39900.0 20.1908 21.462799999999998 29.992
39925.0 20.198099999999997 21.469599999999996 30.0015
39950.0 20.205399999999997 21.476399999999998 30.011000000000003
39975.00000000001 20.2127 21.4832 30.020500000000002
40000.0 20.22 21.49 30.03
40050.00000000001 20.2326 21.503 30.048300000000005
40100.0 20.245199999999997 21.516 30.0666
40150.00000000001 20.2578 21.529 30.084900000000005
40199.99999999999 20.2704 21.541999999999998 30.1032
40250.0 20.283 21.555 30.1215
40299.99999999999 20.295599999999997 21.567999999999998 30.139799999999997
40350.0 20.3082 21.581 30.1581
40400.00000000001 20.320800000000002 21.594 30.176400000000005
40450.0 20.333399999999997 21.607 30.1947
40500.00000000001 20.346 21.62 30.213000000000005
40550.0 20.3586 21.633 30.2313
40600.00000000001 20.3712 21.646 30.249600000000004
40649.99999999999 20.383799999999997 21.659 30.267899999999997
40700.0 20.3964 21.672 30.2862
40750.00000000001 20.409000000000002 21.685000000000002 30.304500000000004
40800.0 20.421599999999998 21.698 30.3228
40850.00000000001 20.4342 21.711000000000002 30.341100000000004
40900.0 20.4468 21.723999999999997 30.3594
40950.00000000001 20.459400000000002 21.737000000000002 30.377700000000004
41000.0 20.471999999999998 21.749999999999996 30.396
41050.00000000001 20.4846 21.762999999999998 30.4143
41099.99999999999 20.4972 21.775999999999996 30.432599999999997
41150.0 20.5098 21.788999999999998 30.4509
41200.00000000001 20.5224 21.802 30.469200000000004
41250.0 20.535 21.814999999999998 30.4875
41300.00000000001 20.547600000000003 21.828 30.505800000000004
41350.0 20.5602 21.840999999999998 30.5241
41400.00000000001 20.5728 21.854 30.542400000000004
41449.99999999999 20.5854 21.866999999999997 30.5607
41500.0 20.598 21.88 30.579
41549.99999999999 20.610599999999998 21.892999999999997 30.597299999999997
41600.0 20.6232 21.906 30.6156
41650.00000000001 20.635800000000003 21.919 30.633900000000004
41700.0 20.6484 21.932 30.6522
41750.00000000001 20.661 21.945 30.670500000000004
41800.0 20.6736 21.958 30.6888
41850.00000000001 20.6862 21.971 30.707100000000004
41899.99999999999 20.6988 21.983999999999998 30.7254
41950.0 20.7114 21.997 30.7437
42000.00000000001 20.724000000000004 22.01 30.762000000000004
42050.0 20.7366 22.023 30.7803
42100.00000000001 20.749200000000002 22.036 30.798600000000004
42150.0 20.7618 22.049 30.8169
42200.00000000001 20.7744 22.062 30.835200000000004
42250.0 20.787 22.075 30.8535
42300.00000000001 20.7996 22.088 30.8718
42349.99999999999 20.812199999999997 22.101 30.890099999999997
42400.0 20.8248 22.114 30.9084
42450.00000000001 20.837400000000002 22.127000000000002 30.926700000000004
42500.0 20.85 22.14 30.945
42550.00000000001 20.8626 22.153000000000002 30.963300000000004
42600.0 20.8752 22.165999999999997 30.9816
42650.00000000001 20.887800000000002 22.179000000000002 30.999900000000004
42699.99999999999 20.900399999999998 22.191999999999997 31.0182
42750.0 20.913 22.205 31.0365
42799.99999999999 20.9256 22.217999999999996 31.054799999999997
42850.0 20.938200000000002 22.230999999999998 31.0731
42900.00000000001 20.9508 22.244 31.091400000000004
42950.0 20.9634 22.256999999999998 31.1097
43000.00000000001 20.976000000000003 22.27 31.128000000000004
43050.0 20.988599999999998 22.282999999999998 31.1463
43100.00000000001 21.0012 22.296 31.1646
43149.99999999999 21.0138 22.308999999999997 31.182899999999997
43200.0 21.0264 22.322 31.2012
43250.00000000001 21.039 22.335 31.219500000000004
43300.0 21.0516 22.348 31.2378
43350.00000000001 21.064200000000003 22.361 31.256100000000004
43400.0 21.0768 22.374 31.2744
43450.00000000001 21.0894 22.387 31.292700000000004
43500.0 21.102 22.4 31.311
43550.00000000001 21.1146 22.413 31.3293
43599.99999999999 21.1272 22.426 31.347599999999996
43650.0 21.1398 22.439 31.3659
43700.00000000001 21.152400000000004 22.452 31.384200000000003
43750.0 21.165 22.465 31.4025
43800.00000000001 21.1776 22.478 31.420800000000003
43850.0 21.1902 22.491 31.4391
43900.00000000001 21.2028 22.504 31.457400000000003
43949.99999999999 21.2154 22.517 31.4757
44000.0 21.228 22.53 31.494
44049.99999999999 21.240599999999997 22.542999999999996 31.512299999999996
44100.0 21.2532 22.556 31.5306
44150.00000000001 21.265800000000002 22.569000000000003 31.548900000000003
44200.0 21.2784 22.581999999999997 31.5672
44250.00000000001 21.291 22.595000000000002 31.585500000000003
44300.0 21.3036 22.607999999999997 31.6038
44350.00000000001 21.316200000000002 22.621000000000002 31.622100000000003
44399.99999999999 21.328799999999998 22.633999999999997 31.6404
44450.0 21.3414 22.647 31.6587
44500.000000000015 21.354000000000003 22.660000000000004 31.677000000000003
44550.0 21.366600000000002 22.673 31.6953
44600.00000000001 21.3792 22.686 31.713600000000003
44650.0 21.3918 22.698999999999998 31.7319
44700.00000000001 21.404400000000003 22.712 31.750200000000003
44750.0 21.416999999999998 22.724999999999998 31.7685
44800.00000000001 21.4296 22.738 31.7868
44849.99999999999 21.4422 22.750999999999998 31.805099999999996
44900.0 21.454800000000002 22.764 31.8234
44950.00000000001 21.4674 22.777 31.841700000000003
45000.0 21.48 22.79 31.86
45050.00000000001 21.4907 22.802400000000002 31.877200000000002
45100.0 21.5014 22.814799999999998 31.894399999999997
45150.00000000001 21.5121 22.8272 31.9116
45199.99999999999 21.5228 22.839599999999997 31.9288
45250.0 21.5335 22.852 31.946
45299.99999999999 21.5442 22.864399999999996 31.963199999999997
45350.0 21.5549 22.8768 31.9804
45400.00000000001 21.565600000000003 22.889200000000002 31.997600000000002
45450.0 21.5763 22.9016 32.0148
45500.00000000001 21.587000000000003 22.914 32.032000000000004
45550.0 21.5977 22.926399999999997 32.0492
45600.00000000001 21.608400000000003 22.9388 32.0664
45649.99999999999 21.6191 22.951199999999996 32.0836
45700.0 21.6298 22.9636 32.1008
45750.00000000001 21.640500000000003 22.976000000000003 32.118
45800.0 21.6512 22.9884 32.1352
45850.00000000001 21.661900000000003 23.0008 32.1524
45900.0 21.6726 23.013199999999998 32.169599999999996
45950.00000000001 21.683300000000003 23.0256 32.1868
46000.0 21.694 23.038 32.204
46050.00000000001 21.704700000000003 23.0504 32.2212
46099.99999999999 21.7154 23.0628 32.2384
46150.0 21.726100000000002 23.0752 32.2556
46200.00000000001 21.736800000000002 23.087600000000002 32.272800000000004
46250.0 21.747500000000002 23.1 32.29
46300.00000000001 21.758200000000002 23.1124 32.3072
46350.0 21.7689 23.1248 32.3244
46400.00000000001 21.779600000000002 23.1372 32.3416
46449.99999999999 21.7903 23.1496 32.358799999999995
46500.0 21.801000000000002 23.162 32.376
46549.99999999999 21.8117 23.1744 32.3932
46600.0 21.822400000000002 23.1868 32.4104
46650.00000000001 21.8331 23.1992 32.427600000000005
46700.0 21.8438 23.2116 32.4448
46750.00000000001 21.8545 23.224 32.462
46800.0 21.8652 23.2364 32.4792
46850.00000000001 21.8759 23.248800000000003 32.4964
46899.99999999999 21.886599999999998 23.2612 32.5136
46950.0 21.8973 23.273600000000002 32.5308
47000.00000000001 21.908 23.286 32.548
47050.0 21.9187 23.2984 32.5652
47100.00000000001 21.9294 23.3108 32.5824
47150.0 21.9401 23.3232 32.599599999999995
47200.00000000001 21.9508 23.335600000000003 32.6168
47250.0 21.9615 23.348 32.634
47300.00000000001 21.9722 23.360400000000002 32.6512
47349.99999999999 21.9829 23.372799999999998 32.6684
47400.0 21.9936 23.3852 32.6856
47450.00000000001 22.004300000000004 23.397600000000004 32.7028
47500.0 22.015 23.41 32.72
47550.00000000001 22.0257 23.422400000000003 32.7372
47600.0 22.0364 23.4348 32.7544
47650.00000000001 22.0471 23.447200000000002 32.7716
47699.99999999999 22.0578 23.4596 32.788799999999995
47750.0 22.0685 23.472 32.806
47799.99999999999 22.0792 23.484399999999997 32.8232
47850.0 22.0899 23.4968 32.8404
47900.00000000001 22.100600000000004 23.509200000000003 32.857600000000005
47950.0 22.1113 23.5216 32.8748
48000.00000000001 22.122000000000003 23.534000000000002 32.892
48050.0 22.1327 23.5464 32.9092
48100.00000000001 22.143400000000003 23.5588 32.9264
48149.99999999999 22.1541 23.571199999999997 32.943599999999996
48200.0 22.1648 23.5836 32.9608
48250.00000000001 22.175500000000003 23.596000000000004 32.978
48300.0 22.1862 23.6084 32.9952
48350.00000000001 22.196900000000003 23.620800000000003 33.0124
48400.0 22.2076 23.6332 33.029599999999995
48450.00000000001 22.218300000000003 23.6456 33.0468
48500.0 22.229 23.658 33.064
48550.00000000001 22.239700000000003 23.6704 33.0812
48599.99999999999 22.2504 23.6828 33.0984
48650.0 22.261100000000003 23.6952 33.1156
48700.00000000001 22.271800000000002 23.707600000000003 33.1328
48750.0 22.2825 23.72 33.15
48800.00000000001 22.293200000000002 23.732400000000002 33.1672
48850.0 22.3039 23.7448 33.1844
48900.00000000001 22.314600000000002 23.7572 33.2016
48949.99999999999 22.3253 23.7696 33.218799999999995
49000.0 22.336000000000002 23.782 33.236
49049.99999999999 22.3467 23.7944 33.2532
49100.0 22.357400000000002 23.806800000000003 33.2704
49150.00000000001 22.368100000000002 23.819200000000002 33.287600000000005
49200.0 22.378800000000002 23.8316 33.3048
49250.00000000001 22.3895 23.844 33.322
49300.0 22.4002 23.8564 33.3392
49350.00000000001 22.4109 23.8688 33.3564
49399.99999999999 22.421599999999998 23.8812 33.373599999999996
49450.0 22.4323 23.893600000000003 33.3908
49500.000000000015 22.443 23.906000000000002 33.408
49550.0 22.4537 23.918400000000002 33.4252
49600.00000000001 22.4644 23.930800000000005 33.4424
49650.0 22.4751 23.9432 33.459599999999995
49700.00000000001 22.4858 23.955600000000004 33.4768
49750.0 22.4965 23.968 33.494
49800.00000000001 22.5072 23.980400000000003 33.5112
49849.99999999999 22.5179 23.9928 33.5284
49900.0 22.5286 24.005200000000002 33.5456
49950.00000000001 22.539300000000004 24.017600000000005 33.5628
50000.0 22.55 24.03 33.58
50050.00000000001 22.559500000000003 24.041700000000002 33.5964
50100.0 22.569 24.0534 33.6128
50150.00000000001 22.578500000000002 24.0651 33.6292
50199.99999999999 22.588 24.0768 33.645599999999995
50250.0 22.5975 24.088500000000003 33.662
50299.99999999999 22.607 24.1002 33.678399999999996
50350.0 22.616500000000002 24.111900000000002 33.6948
50400.00000000001 22.626 24.123600000000003 33.7112
50450.0 22.6355 24.1353 33.727599999999995
50500.00000000001 22.645000000000003 24.147000000000002 33.744
50550.0 22.6545 24.1587 33.7604
50600.00000000001 22.664 24.1704 33.7768
50649.99999999999 22.6735 24.1821 33.7932
50700.0 22.683 24.193800000000003 33.809599999999996
50750.00000000001 22.692500000000003 24.205500000000004 33.826
50800.0 22.702 24.217200000000002 33.8424
50850.00000000001 22.7115 24.228900000000003 33.8588
50900.0 22.721 24.2406 33.8752
50950.00000000001 22.730500000000003 24.2523 33.891600000000004
51000.0 22.74 24.264 33.907999999999994
51050.00000000001 22.7495 24.2757 33.9244
51099.99999999999 22.759 24.287399999999998 33.940799999999996
51150.0 22.7685 24.299100000000003 33.9572
51200.00000000001 22.778000000000002 24.310800000000004 33.973600000000005
51250.0 22.7875 24.3225 33.989999999999995
51300.00000000001 22.797 24.334200000000003 34.0064
51350.0 22.8065 24.3459 34.0228
51400.00000000001 22.816000000000003 24.3576 34.0392
51449.99999999999 22.825499999999998 24.3693 34.0556
51500.0 22.835 24.381 34.072
51549.99999999999 22.8445 24.392699999999998 34.08839999999999
51600.0 22.854 24.404400000000003 34.1048
51650.00000000001 22.863500000000002 24.416100000000004 34.1212
51700.0 22.873 24.4278 34.1376
51750.00000000001 22.8825 24.439500000000002 34.154
51800.0 22.892 24.4512 34.1704
51850.00000000001 22.901500000000002 24.4629 34.1868
51899.99999999999 22.910999999999998 24.4746 34.203199999999995
51950.0 22.9205 24.4863 34.2196
52000.00000000001 22.930000000000003 24.498000000000005 34.236000000000004
52050.0 22.9395 24.509700000000002 34.2524
52100.00000000001 22.949 24.521400000000003 34.2688
52150.0 22.9585 24.5331 34.285199999999996
52200.00000000001 22.968 24.544800000000002 34.3016
52250.0 22.9775 24.5565 34.318
52300.00000000001 22.987000000000002 24.5682 34.3344
52349.99999999999 22.996499999999997 24.5799 34.3508
52400.0 23.006 24.5916 34.3672
52450.00000000001 23.015500000000003 24.603300000000004 34.3836
52500.0 23.025 24.615000000000002 34.4
52550.00000000001 23.0345 24.626700000000003 34.4164
52600.0 23.044 24.6384 34.4328
52650.00000000001 23.0535 24.650100000000002 34.4492
52699.99999999999 23.063 24.6618 34.465599999999995
52750.0 23.0725 24.6735 34.482
52799.99999999999 23.082 24.6852 34.4984
52850.0 23.0915 24.6969 34.5148
52900.00000000001 23.101000000000003 24.7086 34.5312
52950.0 23.110500000000002 24.720299999999998 34.547599999999996
53000.00000000001 23.12 24.732000000000003 34.564
53050.0 23.1295 24.7437 34.5804
53100.00000000001 23.139000000000003 24.7554 34.5968
53149.99999999999 23.1485 24.7671 34.6132
53200.0 23.158 24.7788 34.629599999999996
53250.00000000001 23.167500000000004 24.7905 34.646
53300.0 23.177 24.8022 34.6624
53350.00000000001 23.186500000000002 24.8139 34.6788
53400.0 23.196 24.825599999999998 34.6952
53450.00000000001 23.2055 24.837300000000003 34.711600000000004
53500.0 23.215 24.849 34.727999999999994
53550.00000000001 23.224500000000003 24.8607 34.7444
53599.99999999999 23.233999999999998 24.8724 34.760799999999996
53650.0 23.2435 24.8841 34.7772
53700.00000000001 23.253000000000004 24.8958 34.793600000000005
53750.0 23.2625 24.9075 34.81
53800.00000000001 23.272000000000002 24.9192 34.8264
53850.0 23.2815 24.930899999999998 34.8428
53900.00000000001 23.291 24.942600000000002 34.8592
53949.99999999999 23.3005 24.9543 34.8756
54000.0 23.310000000000002 24.966 34.892
54049.99999999999 23.319499999999998 24.9777 34.9084
54100.0 23.329 24.9894 34.9248
54150.00000000001 23.338500000000003 25.0011 34.9412
54200.0 23.348 25.0128 34.9576
54250.00000000001 23.3575 25.0245 34.974000000000004
54300.0 23.367 25.036199999999997 34.9904
54350.00000000001 23.3765 25.047900000000002 35.0068
54399.99999999999 23.386 25.0596 35.023199999999996
54450.0 23.395500000000002 25.0713 35.0396
54500.000000000015 23.405 25.083000000000002 35.056000000000004
54550.0 23.4145 25.0947 35.0724
54600.00000000001 23.424000000000003 25.1064 35.0888
54650.0 23.4335 25.1181 35.105199999999996
54700.00000000001 23.443 25.1298 35.1216
54750.0 23.4525 25.141499999999997 35.138
54800.00000000001 23.462 25.153200000000002 35.1544
54849.99999999999 23.4715 25.1649 35.1708
54900.0 23.481 25.1766 35.1872
54950.00000000001 23.4905 25.1883 35.2036
55000.0 23.5 25.2 35.22
55050.00000000001 23.5087 25.2127 35.2356
55100.0 23.5174 25.2254 35.2512
55150.00000000001 23.5261 25.2381 35.2668
55199.99999999999 23.5348 25.250799999999998 35.282399999999996
55250.0 23.5435 25.2635 35.298
55299.99999999999 23.5522 25.2762 35.313599999999994
55350.0 23.5609 25.288899999999998 35.3292
55400.00000000001 23.5696 25.3016 35.3448
55450.0 23.5783 25.3143 35.3604
55500.00000000001 23.587 25.327 35.376000000000005
55550.0 23.5957 25.339699999999997 35.3916
55600.00000000001 23.604400000000002 25.3524 35.4072
55649.99999999999 23.6131 25.365099999999998 35.422799999999995
55700.0 23.6218 25.3778 35.4384
55750.00000000001 23.6305 25.390500000000003 35.454
55800.0 23.6392 25.4032 35.4696
55850.00000000001 23.6479 25.4159 35.4852
55900.0 23.6566 25.4286 35.5008
55950.00000000001 23.665300000000002 25.441300000000002 35.516400000000004
56000.0 23.674 25.453999999999997 35.532
56050.00000000001 23.6827 25.4667 35.5476
56099.99999999999 23.691399999999998 25.4794 35.563199999999995
56150.0 23.7001 25.4921 35.5788
56200.00000000001 23.708800000000004 25.504800000000003 35.5944
56250.0 23.7175 25.5175 35.61
56300.00000000001 23.726200000000002 25.5302 35.6256
56350.0 23.7349 25.5429 35.6412
56400.00000000001 23.7436 25.555600000000002 35.656800000000004
56449.99999999999 23.752299999999998 25.568299999999997 35.672399999999996
56500.0 23.761 25.581 35.688
56549.99999999999 23.7697 25.5937 35.703599999999994
56600.0 23.7784 25.6064 35.7192
56650.00000000001 23.787100000000002 25.619100000000003 35.7348
56700.0 23.7958 25.6318 35.7504
56750.00000000001 23.8045 25.6445 35.766000000000005
56800.0 23.8132 25.6572 35.7816
56850.00000000001 23.821900000000003 25.669900000000002 35.797200000000004
56899.99999999999 23.8306 25.682599999999997 35.812799999999996
56950.0 23.8393 25.6953 35.8284
57000.00000000001 23.848000000000003 25.708000000000002 35.844
57050.0 23.8567 25.7207 35.8596
57100.00000000001 23.8654 25.7334 35.8752
57150.0 23.8741 25.7461 35.8908
57200.00000000001 23.882800000000003 25.7588 35.906400000000005
57250.0 23.8915 25.7715 35.922
57300.00000000001 23.9002 25.7842 35.9376
57349.99999999999 23.9089 25.796899999999997 35.953199999999995
57400.0 23.9176 25.8096 35.9688
57450.00000000001 23.9263 25.822300000000002 35.9844
57500.0 23.935000000000002 25.835 36.0
57550.00000000001 23.943700000000003 25.8477 36.0156
57600.0 23.9524 25.8604 36.0312
57650.00000000001 23.961100000000002 25.8731 36.046800000000005
57699.99999999999 23.9698 25.885799999999996 36.0624
57750.0 23.9785 25.8985 36.078
57799.99999999999 23.987199999999998 25.911199999999997 36.093599999999995
57850.0 23.995900000000002 25.9239 36.1092
57900.00000000001 24.004600000000003 25.936600000000002 36.1248
57950.0 24.0133 25.949299999999997 36.1404
58000.00000000001 24.022000000000002 25.962 36.156000000000006
58050.0 24.0307 25.9747 36.1716
58100.00000000001 24.0394 25.9874 36.187200000000004
58149.99999999999 24.048099999999998 26.000099999999996 36.202799999999996
58200.0 24.056800000000003 26.0128 36.2184
58250.00000000001 24.065500000000004 26.0255 36.234
58300.0 24.0742 26.0382 36.2496
58350.00000000001 24.082900000000002 26.050900000000002 36.2652
58400.0 24.0916 26.063599999999997 36.2808
58450.00000000001 24.1003 26.0763 36.296400000000006
58500.0 24.109 26.089 36.312
58550.00000000001 24.117700000000003 26.1017 36.327600000000004
58599.99999999999 24.1264 26.114399999999996 36.343199999999996
58650.0 24.1351 26.1271 36.3588
58700.00000000001 24.143800000000002 26.1398 36.3744
58750.0 24.1525 26.1525 36.39
58800.00000000001 24.1612 26.165200000000002 36.4056
58850.0 24.169900000000002 26.177899999999998 36.4212
58900.00000000001 24.178600000000003 26.1906 36.436800000000005
58949.99999999999 24.1873 26.2033 36.4524
59000.0 24.196 26.216 36.468
59049.99999999999 24.2047 26.228699999999996 36.483599999999996
59100.0 24.2134 26.2414 36.4992
59150.00000000001 24.2221 26.2541 36.5148
59200.0 24.230800000000002 26.2668 36.5304
59250.00000000001 24.239500000000003 26.279500000000002 36.54600000000001
59300.0 24.2482 26.292199999999998 36.5616
59350.00000000001 24.2569 26.3049 36.577200000000005
59399.99999999999 24.2656 26.3176 36.5928
59450.0 24.2743 26.3303 36.6084
59500.000000000015 24.283 26.343 36.624
59550.0 24.291700000000002 26.3557 36.6396
59600.00000000001 24.300400000000003 26.3684 36.6552
59650.0 24.3091 26.3811 36.6708
59700.00000000001 24.317800000000002 26.3938 36.686400000000006
59750.0 24.3265 26.406499999999998 36.702
59800.00000000001 24.3352 26.4192 36.717600000000004
59849.99999999999 24.3439 26.4319 36.7332
59900.0 24.352600000000002 26.4446 36.7488
59950.00000000001 24.361300000000004 26.4573 36.7644
60000.0 24.37 26.47 36.78
60050.00000000001 24.378200000000003 26.483 36.795100000000005
60100.0 24.386400000000002 26.496 36.8102
60150.00000000001 24.3946 26.509 36.825300000000006
60199.99999999999 24.4028 26.522 36.8404
60250.0 24.411 26.535 36.8555
60299.99999999999 24.4192 26.548 36.870599999999996
60350.0 24.427400000000002 26.561 36.8857
60400.00000000001 24.4356 26.574 36.900800000000004
60450.0 24.4438 26.587 36.9159
60500.00000000001 24.452 26.6 36.931000000000004
60550.0 24.4602 26.613 36.9461
60600.00000000001 24.468400000000003 26.626 36.961200000000005
60649.99999999999 24.4766 26.639 36.9763
60700.0 24.4848 26.652 36.9914
60750.00000000001 24.493000000000002 26.665000000000003 37.0065
60800.0 24.5012 26.678 37.0216
60850.00000000001 24.509400000000003 26.691000000000003 37.0367
60900.0 24.5176 26.703999999999997 37.0518
60950.00000000001 24.525800000000004 26.717000000000002 37.066900000000004
61000.0 24.534 26.729999999999997 37.082
61050.00000000001 24.5422 26.743 37.097100000000005
61099.99999999999 24.5504 26.755999999999997 37.1122
61150.0 24.558600000000002 26.769 37.1273
61200.00000000001 24.566800000000004 26.782 37.1424
61250.0 24.575000000000003 26.794999999999998 37.1575
61300.00000000001 24.5832 26.808 37.1726
61350.0 24.5914 26.820999999999998 37.1877
61400.00000000001 24.599600000000002 26.834 37.2028
61449.99999999999 24.6078 26.846999999999998 37.2179
61500.0 24.616000000000003 26.86 37.233000000000004
61549.99999999999 24.6242 26.872999999999998 37.2481
61600.0 24.6324 26.886 37.2632
61650.00000000001 24.640600000000003 26.899 37.2783
61700.0 24.6488 26.912 37.2934
61750.00000000001 24.657000000000004 26.925 37.3085
61800.0 24.665200000000002 26.938 37.3236
61850.00000000001 24.6734 26.951 37.3387
61899.99999999999 24.6816 26.964 37.3538
61950.0 24.6898 26.977 37.368900000000004
62000.00000000001 24.698000000000004 26.990000000000002 37.384
62050.0 24.706200000000003 27.003 37.3991
62100.00000000001 24.7144 27.016000000000002 37.4142
62150.0 24.7226 27.029 37.4293
62200.00000000001 24.730800000000002 27.042 37.4444
62250.0 24.739 27.055 37.4595
62300.00000000001 24.747200000000003 27.068 37.4746
62349.99999999999 24.7554 27.080999999999996 37.4897
62400.0 24.7636 27.094 37.5048
62450.00000000001 24.771800000000002 27.107000000000003 37.5199
62500.0 24.78 27.119999999999997 37.535
62550.00000000001 24.788200000000003 27.133000000000003 37.5501
62600.0 24.796400000000002 27.145999999999997 37.5652
62650.00000000001 24.8046 27.159 37.5803
62699.99999999999 24.8128 27.171999999999997 37.5954
62750.0 24.821 27.185 37.6105
62799.99999999999 24.8292 27.197999999999997 37.6256
62850.0 24.837400000000002 27.211 37.6407
62900.00000000001 24.8456 27.224 37.6558
62950.0 24.8538 27.237 37.6709
63000.00000000001 24.862000000000002 27.25 37.686
63050.0 24.8702 27.262999999999998 37.7011
63100.00000000001 24.878400000000003 27.276 37.7162
63149.99999999999 24.8866 27.288999999999998 37.7313
63200.0 24.8948 27.302 37.7464
63250.00000000001 24.903000000000002 27.315 37.761500000000005
63300.0 24.9112 27.328 37.7766
63350.00000000001 24.919400000000003 27.341 37.791700000000006
63400.0 24.9276 27.354 37.8068
63450.00000000001 24.9358 27.367 37.8219
63500.0 24.944 27.38 37.836999999999996
63550.00000000001 24.9522 27.393 37.8521
63599.99999999999 24.9604 27.406 37.8672
63650.0 24.968600000000002 27.419 37.8823
63700.00000000001 24.976800000000004 27.432000000000002 37.897400000000005
63750.0 24.985 27.445 37.9125
63800.00000000001 24.9932 27.458000000000002 37.927600000000005
63850.0 25.0014 27.471 37.9427
63900.00000000001 25.009600000000002 27.484 37.9578
63949.99999999999 25.0178 27.497 37.972899999999996
64000.0 25.026000000000003 27.51 37.988
64049.99999999999 25.0342 27.522999999999996 38.003099999999996
64100.0 25.0424 27.536 38.0182
64150.00000000001 25.050600000000003 27.549000000000003 38.033300000000004
64200.0 25.0588 27.561999999999998 38.0484
64250.00000000001 25.067000000000004 27.575000000000003 38.063500000000005
64300.0 25.075200000000002 27.587999999999997 38.0786
64350.00000000001 25.0834 27.601 38.0937
64399.99999999999 25.0916 27.613999999999997 38.108799999999995
64450.0 25.099800000000002 27.627 38.1239
64500.000000000015 25.108000000000004 27.64 38.139
64550.0 25.116200000000003 27.653 38.1541
64600.00000000001 25.1244 27.666 38.169200000000004
64650.0 25.1326 27.679 38.1843
64700.00000000001 25.140800000000002 27.692 38.199400000000004
64750.0 25.149 27.705 38.2145
64800.00000000001 25.157200000000003 27.718 38.2296
64849.99999999999 25.1654 27.730999999999998 38.244699999999995
64900.0 25.1736 27.744 38.2598
64950.00000000001 25.181800000000003 27.757 38.2749
65000.0 25.19 27.77 38.29
65050.00000000001 25.1977 27.782600000000002 38.3044
65100.0 25.2054 27.795199999999998 38.318799999999996
65150.00000000001 25.2131 27.8078 38.3332
65199.99999999999 25.2208 27.8204 38.3476
65250.0 25.2285 27.833000000000002 38.362
65299.99999999999 25.2362 27.845599999999997 38.3764
65350.0 25.2439 27.8582 38.3908
65400.00000000001 25.251600000000003 27.870800000000003 38.4052
65450.0 25.2593 27.883399999999998 38.419599999999996
65500.00000000001 25.267000000000003 27.896 38.434
65550.0 25.2747 27.9086 38.4484
65600.0 25.282400000000003 27.921200000000002 38.4628
65650.0 25.2901 27.933799999999998 38.477199999999996
65700.0 25.297800000000002 27.9464 38.4916
65750.00000000001 25.305500000000002 27.959000000000003 38.506
65800.0 25.313200000000002 27.9716 38.5204
65850.00000000001 25.3209 27.9842 38.534800000000004
65900.0 25.3286 27.9968 38.5492
65950.0 25.3363 28.009400000000003 38.5636
66000.0 25.344 28.022 38.577999999999996
66050.0 25.3517 28.0346 38.5924
66100.0 25.3594 28.0472 38.6068
66150.0 25.3671 28.0598 38.6212
66200.00000000001 25.374800000000004 28.072400000000002 38.635600000000004
66250.0 25.3825 28.085 38.65
66300.00000000001 25.390200000000004 28.097600000000003 38.6644
66350.0 25.3979 28.1102 38.678799999999995
66400.0 25.405600000000003 28.1228 38.6932
66450.0 25.4133 28.1354 38.7076
66500.0 25.421000000000003 28.148 38.722
66550.0 25.4287 28.1606 38.736399999999996
66600.0 25.436400000000003 28.1732 38.7508
66650.00000000001 25.444100000000002 28.185800000000004 38.7652
66700.0 25.451800000000002 28.1984 38.779599999999995
66750.0 25.459500000000002 28.211000000000002 38.794
66800.0 25.467200000000002 28.2236 38.8084
66850.0 25.4749 28.2362 38.8228
66900.0 25.4826 28.2488 38.837199999999996
66950.0 25.4903 28.261400000000002 38.8516
67000.00000000001 25.498 28.274000000000004 38.866
67050.0 25.5057 28.2866 38.8804
67100.00000000001 25.5134 28.299200000000003 38.894800000000004
67150.0 25.5211 28.311799999999998 38.9092
67200.0 25.5288 28.3244 38.9236
67250.0 25.5365 28.337 38.937999999999995
67300.0 25.5442 28.349600000000002 38.9524
67350.0 25.5519 28.362199999999998 38.9668
67400.0 25.559600000000003 28.3748 38.9812
67450.00000000001 25.567300000000003 28.387400000000003 38.9956
67500.0 25.575000000000003 28.4 39.01
67550.00000000001 25.582700000000003 28.4126 39.0244
67600.0 25.590400000000002 28.4252 39.038799999999995
67650.0 25.598100000000002 28.437800000000003 39.0532
67700.0 25.605800000000002 28.4504 39.0676
67750.0 25.613500000000002 28.463 39.082
67800.0 25.6212 28.4756 39.096399999999996
67850.0 25.6289 28.4882 39.1108
67900.00000000001 25.6366 28.5008 39.1252
67950.0 25.6443 28.5134 39.139599999999994
68000.0 25.652 28.526000000000003 39.153999999999996
68050.0 25.6597 28.5386 39.1684
68100.0 25.6674 28.5512 39.1828
68150.0 25.6751 28.5638 39.197199999999995
68200.0 25.6828 28.5764 39.2116
68250.00000000001 25.690500000000004 28.589000000000002 39.226
68300.0 25.6982 28.6016 39.2404
68350.00000000001 25.705900000000003 28.614200000000004 39.2548
68400.0 25.7136 28.6268 39.2692
68450.0 25.721300000000003 28.639400000000002 39.2836
68500.0 25.729 28.652 39.297999999999995
68550.0 25.736700000000003 28.6646 39.3124
68600.0 25.7444 28.6772 39.3268
68650.0 25.752100000000002 28.6898 39.3412
68700.00000000001 25.759800000000002 28.702400000000004 39.3556
68750.0 25.767500000000002 28.715 39.37
68800.00000000001 25.7752 28.727600000000002 39.3844
68850.0 25.7829 28.7402 39.398799999999994
68900.0 25.7906 28.7528 39.413199999999996
68950.0 25.7983 28.7654 39.4276
69000.0 25.806 28.778000000000002 39.442
69050.0 25.8137 28.790599999999998 39.456399999999995
69100.0 25.8214 28.8032 39.4708
69150.00000000001 25.829100000000004 28.815800000000003 39.4852
69200.0 25.8368 28.828400000000002 39.499599999999994
69250.0 25.844500000000004 28.841 39.513999999999996
69300.0 25.8522 28.8536 39.5284
69350.0 25.859900000000003 28.866200000000003 39.5428
69400.0 25.8676 28.8788 39.557199999999995
69450.0 25.875300000000003 28.8914 39.5716
69500.00000000001 25.883000000000003 28.904000000000003 39.586
69550.0 25.890700000000002 28.916600000000003 39.6004
69600.00000000001 25.898400000000002 28.9292 39.6148
69650.0 25.906100000000002 28.9418 39.6292
69700.0 25.913800000000002 28.954400000000003 39.6436
69750.0 25.9215 28.967 39.657999999999994
69800.0 25.9292 28.9796 39.672399999999996
69850.0 25.9369 28.9922 39.6868
69900.0 25.9446 29.004800000000003 39.7012
69950.00000000001 25.9523 29.017400000000002 39.7156
70000.0 25.96 29.03 39.73
70100.00000000001 25.974600000000002 29.052900000000005 39.7575
70200.0 25.9892 29.0758 39.785
70300.00000000001 26.003800000000002 29.098700000000004 39.8125
70399.99999999999 26.0184 29.1216 39.839999999999996
70500.0 26.033 29.144500000000004 39.8675
70599.99999999999 26.0476 29.167399999999997 39.894999999999996
70700.0 26.0622 29.1903 39.9225
70800.00000000001 26.076800000000002 29.213200000000004 39.95
70900.0 26.0914 29.2361 39.9775
71000.00000000001 26.106 29.259000000000004 40.005
71100.0 26.1206 29.2819 40.0325
71200.00000000001 26.1352 29.304800000000004 40.06
71299.99999999999 26.1498 29.3277 40.08749999999999
71400.0 26.1644 29.350600000000004 40.114999999999995
71500.00000000001 26.179000000000006 29.373500000000007 40.142500000000005
71600.0 26.1936 29.3964 40.169999999999995
71700.00000000001 26.208200000000005 29.419300000000003 40.197500000000005
71800.0 26.2228 29.4422 40.224999999999994
71900.00000000001 26.237400000000004 29.465100000000003 40.2525
72000.0 26.252 29.488 40.279999999999994
72100.00000000001 26.266600000000004 29.510900000000003 40.3075
72199.99999999999 26.2812 29.5338 40.334999999999994
72300.0 26.295800000000003 29.556700000000003 40.3625
72400.00000000001 26.310400000000005 29.579600000000006 40.39
72500.0 26.325000000000003 29.6025 40.4175
72600.00000000001 26.339600000000004 29.625400000000006 40.445
72700.0 26.3542 29.6483 40.4725
72800.00000000001 26.368800000000004 29.671200000000002 40.5
72899.99999999999 26.383399999999998 29.6941 40.527499999999996
73000.0 26.398000000000003 29.717000000000002 40.555
73099.99999999999 26.412599999999998 29.7399 40.582499999999996
73200.0 26.427200000000003 29.762800000000002 40.61
73300.00000000001 26.441800000000004 29.785700000000006 40.6375
73400.0 26.456400000000002 29.808600000000002 40.665
73500.00000000001 26.471000000000004 29.831500000000005 40.6925
73600.0 26.4856 29.8544 40.72
73700.00000000001 26.500200000000003 29.8773 40.7475
73799.99999999999 26.5148 29.900199999999998 40.77499999999999
73900.0 26.529400000000003 29.9231 40.802499999999995
74000.00000000001 26.544000000000004 29.946000000000005 40.830000000000005
74100.0 26.558600000000002 29.9689 40.857499999999995
74200.00000000001 26.573200000000003 29.991800000000005 40.885000000000005
74300.0 26.5878 30.0147 40.912499999999994
74400.00000000001 26.602400000000003 30.037600000000005 40.94
74500.0 26.617 30.060499999999998 40.967499999999994
74600.00000000001 26.631600000000002 30.083400000000005 40.995
74699.99999999999 26.6462 30.106299999999997 41.022499999999994
74800.0 26.660800000000002 30.1292 41.05
74900.00000000001 26.675400000000003 30.152100000000004 41.0775
75000.0 26.69 30.175 41.105
75100.00000000001 26.704600000000003 30.197900000000004 41.1325
75200.0 26.7192 30.2208 41.16
75300.00000000001 26.733800000000002 30.243700000000004 41.1875
75399.99999999999 26.7484 30.266599999999997 41.214999999999996
75500.0 26.763 30.289500000000004 41.2425
75599.99999999999 26.7776 30.312399999999997 41.269999999999996
75700.0 26.7922 30.3353 41.2975
75800.00000000001 26.806800000000003 30.358200000000004 41.325
75900.0 26.8214 30.3811 41.3525
76000.00000000001 26.836000000000002 30.404000000000003 41.38
76100.0 26.8506 30.4269 41.4075
76200.00000000001 26.8652 30.449800000000003 41.435
76299.99999999999 26.8798 30.4727 41.46249999999999
76400.0 26.8944 30.495600000000003 41.489999999999995
76500.00000000001 26.909000000000006 30.518500000000007 41.517500000000005
76600.0 26.9236 30.5414 41.544999999999995
76700.00000000001 26.938200000000005 30.564300000000003 41.572500000000005
76800.0 26.9528 30.5872 41.599999999999994
76900.00000000001 26.967400000000005 30.610100000000003 41.6275
77000.0 26.982 30.633 41.654999999999994
77100.00000000001 26.9966 30.655900000000003 41.6825
77199.99999999999 27.0112 30.6788 41.709999999999994
77300.0 27.025800000000004 30.701700000000002 41.7375
77400.00000000001 27.040400000000005 30.724600000000006 41.765
77500.0 27.055 30.747500000000002 41.7925
77600.00000000001 27.069600000000005 30.770400000000002 41.82
77700.0 27.084200000000003 30.7933 41.8475
77800.00000000001 27.098800000000004 30.816200000000002 41.875
77899.99999999999 27.1134 30.8391 41.902499999999996
78000.0 27.128000000000004 30.862000000000002 41.93
78099.99999999999 27.142599999999998 30.8849 41.957499999999996
78200.0 27.157200000000003 30.9078 41.985
78300.00000000001 27.171800000000005 30.930700000000005 42.0125
78400.0 27.186400000000003 30.9536 42.04
78500.00000000001 27.201000000000004 30.976500000000005 42.0675
78600.0 27.215600000000002 30.999399999999998 42.095
78700.00000000001 27.230200000000004 31.0223 42.1225
78799.99999999999 27.2448 31.045199999999998 42.14999999999999
78900.0 27.259400000000003 31.0681 42.177499999999995
79000.00000000003 27.274000000000004 31.091000000000005 42.205000000000005
79100.0 27.288600000000002 31.1139 42.232499999999995
79200.00000000001 27.303200000000004 31.136800000000004 42.260000000000005
79300.0 27.317800000000002 31.1597 42.287499999999994
79400.00000000001 27.332400000000003 31.182600000000004 42.315
79500.0 27.347 31.2055 42.342499999999994
79600.00000000001 27.361600000000003 31.2284 42.37
79699.99999999999 27.3762 31.251299999999997 42.397499999999994
79800.0 27.390800000000002 31.2742 42.425
79900.00000000001 27.405400000000004 31.297100000000004 42.4525
80000.0 27.42 31.32 42.48
80100.00000000001 27.433600000000006 31.339400000000005 42.5057
80200.0 27.447200000000002 31.3588 42.5314
80300.00000000001 27.460800000000003 31.378200000000003 42.5571
80399.99999999999 27.4744 31.397599999999997 42.58279999999999
80500.0 27.488000000000003 31.417 42.6085
80600.00000000003 27.501600000000003 31.436400000000006 42.6342
80700.0 27.515200000000004 31.4558 42.6599
80800.00000000001 27.528800000000004 31.475200000000005 42.6856
80900.0 27.5424 31.4946 42.711299999999994
81000.00000000001 27.556000000000004 31.514000000000003 42.737
81100.0 27.5696 31.5334 42.762699999999995
81200.00000000001 27.5832 31.5528 42.7884
81299.99999999999 27.5968 31.5722 42.814099999999996
81400.0 27.610400000000002 31.5916 42.8398
81500.00000000001 27.624000000000006 31.611000000000004 42.865500000000004
81600.0 27.637600000000003 31.6304 42.8912
81700.00000000001 27.651200000000003 31.649800000000003 42.9169
81800.0 27.6648 31.6692 42.9426
81900.00000000001 27.678400000000003 31.6886 42.9683
82000.0 27.692 31.708 42.99399999999999
82100.00000000001 27.705600000000004 31.727400000000003 43.0197
82199.99999999999 27.7192 31.746799999999997 43.045399999999994
82300.0 27.7328 31.7662 43.0711
82400.00000000001 27.746400000000005 31.785600000000002 43.0968
82500.0 27.76 31.805 43.122499999999995
82600.00000000001 27.773600000000005 31.824400000000004 43.1482
82700.0 27.787200000000002 31.843799999999998 43.173899999999996
82800.00000000001 27.800800000000002 31.863200000000003 43.1996
82899.99999999999 27.8144 31.882599999999996 43.2253
83000.0 27.828000000000003 31.902 43.251
83100.00000000003 27.841600000000003 31.921400000000006 43.276700000000005
83200.0 27.855200000000004 31.9408 43.3024
83300.00000000001 27.868800000000004 31.960200000000004 43.3281
83400.0 27.8824 31.979599999999998 43.3538
83500.00000000001 27.896000000000004 31.999000000000002 43.3795
83600.0 27.9096 32.0184 43.405199999999994
83700.00000000001 27.9232 32.037800000000004 43.4309
83799.99999999999 27.9368 32.057199999999995 43.456599999999995
83900.0 27.950400000000002 32.0766 43.482299999999995
84000.00000000001 27.964000000000006 32.096000000000004 43.508
84100.0 27.977600000000002 32.1154 43.533699999999996
84200.00000000001 27.991200000000003 32.134800000000006 43.559400000000004
84300.0 28.0048 32.154199999999996 43.5851
84400.00000000001 28.018400000000003 32.1736 43.6108
84500.0 28.032 32.193 43.6365
84600.00000000001 28.045600000000004 32.2124 43.6622
84699.99999999999 28.0592 32.2318 43.68789999999999
84800.0 28.0728 32.2512 43.7136
84900.00000000001 28.086400000000005 32.2706 43.7393
85000.0 28.1 32.29 43.765
85100.00000000001 28.113600000000005 32.309400000000004 43.7907
85200.0 28.127200000000002 32.3288 43.816399999999994
85300.00000000001 28.140800000000002 32.3482 43.8421
85399.99999999999 28.1544 32.367599999999996 43.867799999999995
85500.0 28.168000000000003 32.387 43.893499999999996
85600.00000000003 28.181600000000003 32.406400000000005 43.919200000000004
85700.0 28.195200000000003 32.4258 43.9449
85800.00000000001 28.208800000000004 32.4452 43.970600000000005
85900.0 28.2224 32.4646 43.9963
86000.00000000001 28.236000000000004 32.484 44.022
86100.0 28.2496 32.5034 44.0477
86200.00000000001 28.2632 32.522800000000004 44.0734
86299.99999999999 28.2768 32.542199999999994 44.09909999999999
86400.0 28.2904 32.5616 44.1248
86500.00000000001 28.304000000000006 32.581 44.1505
86600.0 28.317600000000002 32.6004 44.176199999999994
86700.00000000001 28.331200000000003 32.619800000000005 44.2019
86800.0 28.3448 32.639199999999995 44.227599999999995
86900.00000000001 28.358400000000003 32.6586 44.2533
87000.0 28.372 32.678 44.278999999999996
87100.00000000001 28.385600000000004 32.6974 44.3047
87199.99999999999 28.3992 32.7168 44.3304
87300.0 28.4128 32.7362 44.3561
87400.00000000001 28.426400000000005 32.7556 44.381800000000005
87500.0 28.44 32.775 44.4075
87600.00000000001 28.4536 32.7944 44.4332
87700.0 28.467200000000002 32.8138 44.45889999999999
87800.00000000001 28.480800000000002 32.8332 44.4846
87899.99999999999 28.4944 32.852599999999995 44.510299999999994
88000.0 28.508000000000003 32.872 44.536
88100.00000000003 28.521600000000003 32.891400000000004 44.5617
88200.0 28.535200000000003 32.9108 44.587399999999995
88300.00000000001 28.548800000000004 32.9302 44.6131
88400.0 28.5624 32.9496 44.638799999999996
88500.00000000001 28.576000000000004 32.969 44.664500000000004
88600.0 28.5896 32.9884 44.6902
88700.00000000001 28.6032 33.0078 44.7159
88799.99999999999 28.6168 33.02719999999999 44.74159999999999
88900.0 28.6304 33.0466 44.7673
89000.00000000003 28.644000000000005 33.066 44.793000000000006
89100.0 28.657600000000002 33.0854 44.8187
89200.00000000001 28.671200000000002 33.104800000000004 44.8444
89300.0 28.6848 33.124199999999995 44.870099999999994
89400.00000000001 28.698400000000003 33.1436 44.8958
89500.0 28.712 33.163 44.921499999999995
89600.00000000001 28.725600000000004 33.1824 44.9472
89699.99999999999 28.7392 33.2018 44.972899999999996
89800.0 28.7528 33.221199999999996 44.998599999999996
89900.00000000001 28.766400000000004 33.2406 45.024300000000004
90000.0 28.78 33.26 45.05
90100.00000000001 28.792800000000003 33.2764 45.074400000000004
90200.0 28.805600000000002 33.2928 45.0988
90300.00000000001 28.818400000000004 33.3092 45.1232
90399.99999999999 28.8312 33.325599999999994 45.1476
90500.0 28.844 33.342 45.172
90600.00000000003 28.856800000000003 33.3584 45.196400000000004
90700.0 28.869600000000002 33.3748 45.2208
90800.00000000001 28.882400000000004 33.3912 45.245200000000004
90900.0 28.8952 33.407599999999995 45.2696
91000.00000000001 28.908 33.424 45.294000000000004
91100.0 28.9208 33.4404 45.3184
91200.00000000001 28.933600000000002 33.4568 45.3428
91299.99999999999 28.9464 33.4732 45.3672
91400.0 28.959200000000003 33.489599999999996 45.3916
91500.00000000001 28.972000000000005 33.506 45.416000000000004
91600.0 28.9848 33.5224 45.4404
91700.00000000001 28.997600000000002 33.5388 45.464800000000004
91800.0 29.0104 33.5552 45.4892
91900.00000000001 29.023200000000003 33.571600000000004 45.513600000000004
92000.0 29.036 33.587999999999994 45.538
92100.00000000001 29.0488 33.6044 45.5624
92199.99999999999 29.0616 33.620799999999996 45.5868
92300.0 29.0744 33.6372 45.6112
92400.00000000001 29.087200000000003 33.653600000000004 45.635600000000004
92500.0 29.1 33.67 45.66
92600.00000000001 29.112800000000004 33.6864 45.684400000000004
92700.0 29.1256 33.702799999999996 45.7088
92800.00000000001 29.1384 33.7192 45.733200000000004
92899.99999999999 29.1512 33.7356 45.7576
93000.0 29.164 33.752 45.782000000000004
93100.00000000003 29.176800000000004 33.7684 45.806400000000004
93200.0 29.189600000000002 33.7848 45.830799999999996
93300.00000000001 29.202400000000004 33.8012 45.8552
93400.0 29.2152 33.8176 45.879599999999996
93500.00000000001 29.228 33.834 45.904
93600.0 29.2408 33.8504 45.928399999999996
93700.00000000001 29.253600000000002 33.8668 45.9528
93799.99999999999 29.266399999999997 33.883199999999995 45.977199999999996
93900.0 29.2792 33.8996 46.0016
94000.00000000001 29.292 33.916000000000004 46.026
94100.0 29.3048 33.9324 46.050399999999996
94200.00000000001 29.317600000000002 33.9488 46.0748
94300.0 29.3304 33.965199999999996 46.099199999999996
94400.00000000001 29.343200000000003 33.9816 46.1236
94500.0 29.355999999999998 33.998 46.147999999999996
94600.00000000001 29.3688 34.0144 46.1724
94699.99999999999 29.3816 34.0308 46.196799999999996
94800.0 29.3944 34.0472 46.2212
94900.00000000001 29.407200000000003 34.0636 46.2456
95000.0 29.42 34.08 46.269999999999996
95100.00000000001 29.4328 34.0964 46.2944
95200.0 29.4456 34.1128 46.318799999999996
95300.00000000001 29.4584 34.1292 46.3432
95399.99999999999 29.4712 34.145599999999995 46.367599999999996
95500.0 29.484 34.162 46.392
95600.00000000003 29.496800000000004 34.1784 46.4164
95700.0 29.5096 34.1948 46.4408
95800.00000000001 29.5224 34.2112 46.4652
95900.0 29.5352 34.227599999999995 46.4896
96000.00000000001 29.548000000000002 34.244 46.514
96100.0 29.5608 34.2604 46.538399999999996
96200.00000000001 29.573600000000003 34.2768 46.5628
96299.99999999999 29.586399999999998 34.2932 46.587199999999996
96400.0 29.5992 34.309599999999996 46.6116
96500.00000000001 29.612000000000002 34.326 46.636
96600.0 29.6248 34.3424 46.6604
96700.00000000001 29.637600000000003 34.3588 46.6848
96800.0 29.650399999999998 34.3752 46.7092
96900.00000000001 29.6632 34.3916 46.7336
97000.0 29.676 34.407999999999994 46.757999999999996
97100.00000000001 29.6888 34.4244 46.7824
97199.99999999999 29.7016 34.440799999999996 46.806799999999996
97300.0 29.7144 34.4572 46.8312
97400.00000000001 29.727200000000003 34.473600000000005 46.8556
97500.0 29.74 34.489999999999995 46.88
97600.00000000001 29.7528 34.5064 46.9044
97700.0 29.7656 34.5228 46.9288
97800.00000000001 29.7784 34.5392 46.9532
97899.99999999999 29.791199999999996 34.5556 46.977599999999995
98000.0 29.804 34.572 47.002
98100.00000000003 29.8168 34.5884 47.02640000000001
98200.0 29.8296 34.6048 47.0508
98300.00000000001 29.8424 34.6212 47.0752
98400.0 29.8552 34.6376 47.0996
98500.00000000001 29.868000000000002 34.654 47.124
98600.0 29.880799999999997 34.6704 47.1484
98700.00000000001 29.8936 34.6868 47.1728
98799.99999999999 29.906399999999998 34.703199999999995 47.1972
98900.0 29.9192 34.7196 47.2216
99000.00000000003 29.932000000000002 34.736000000000004 47.24600000000001
99100.0 29.9448 34.7524 47.2704
99200.00000000001 29.9576 34.7688 47.29480000000001
99300.0 29.970399999999998 34.785199999999996 47.3192
99400.00000000001 29.9832 34.8016 47.3436
99500.0 29.996 34.818 47.368
99600.00000000001 30.0088 34.8344 47.3924
99699.99999999999 30.021599999999996 34.8508 47.4168
99800.0 30.034399999999998 34.8672 47.4412
99900.00000000001 30.0472 34.8836 47.46560000000001
100000.0 30.06 34.9 47.49
100100.00000000001 30.072200000000002 34.9139 47.513200000000005
100200.0 30.0844 34.9278 47.5364
100300.00000000001 30.0966 34.9417 47.5596
100399.99999999999 30.1088 34.9556 47.5828
100500.0 30.121 34.9695 47.606
100600.00000000003 30.133200000000002 34.9834 47.629200000000004
100700.0 30.1454 34.997299999999996 47.6524
100800.00000000001 30.157600000000002 35.0112 47.6756
100900.0 30.1698 35.0251 47.6988
101000.00000000001 30.182000000000002 35.039 47.72200000000001
101100.0 30.1942 35.0529 47.745200000000004
101200.00000000001 30.2064 35.0668 47.76840000000001
101299.99999999999 30.2186 35.0807 47.7916
101400.0 30.2308 35.0946 47.814800000000005
101500.00000000001 30.243000000000002 35.1085 47.83800000000001
101600.0 30.2552 35.1224 47.861200000000004
101700.00000000001 30.267400000000002 35.1363 47.88440000000001
101800.0 30.2796 35.1502 47.9076
101900.00000000001 30.291800000000002 35.1641 47.930800000000005
102000.0 30.304 35.178 47.954
102100.00000000001 30.316200000000002 35.1919 47.9772
102199.99999999999 30.3284 35.205799999999996 48.0004
102300.0 30.3406 35.219699999999996 48.0236
102400.00000000001 30.352800000000002 35.2336 48.046800000000005
102500.0 30.365 35.2475 48.07
102600.00000000001 30.377200000000002 35.2614 48.0932
102700.0 30.3894 35.2753 48.1164
102800.00000000001 30.401600000000002 35.2892 48.1396
102899.99999999999 30.4138 35.3031 48.1628
103000.0 30.426000000000002 35.317 48.18600000000001
103100.00000000003 30.438200000000002 35.3309 48.20920000000001
103200.0 30.4504 35.3448 48.232400000000005
103300.00000000001 30.462600000000002 35.3587 48.25560000000001
103400.0 30.4748 35.3726 48.278800000000004
103500.00000000001 30.487000000000002 35.3865 48.30200000000001
103600.0 30.4992 35.4004 48.3252
103700.00000000001 30.511400000000002 35.4143 48.348400000000005
103799.99999999999 30.5236 35.4282 48.3716
103900.0 30.535800000000002 35.442099999999996 48.394800000000004
104000.00000000001 30.548000000000002 35.456 48.418000000000006
104100.0 30.5602 35.469899999999996 48.4412
104200.00000000001 30.572400000000002 35.4838 48.464400000000005
104300.0 30.5846 35.4977 48.4876
104400.00000000001 30.5968 35.5116 48.5108
104500.0 30.608999999999998 35.5255 48.534
104600.00000000001 30.6212 35.5394 48.5572
104699.99999999999 30.633399999999998 35.5533 48.5804
104800.0 30.6456 35.5672 48.6036
104900.00000000001 30.6578 35.5811 48.62680000000001
105000.0 30.67 35.595 48.650000000000006
105100.00000000001 30.6822 35.6089 48.67320000000001
105200.0 30.694399999999998 35.6228 48.696400000000004
105300.00000000001 30.7066 35.6367 48.71960000000001
105399.99999999999 30.718799999999998 35.6506 48.7428
105500.0 30.731 35.6645 48.766000000000005
105600.00000000003 30.7432 35.6784 48.78920000000001
105700.0 30.7554 35.692299999999996 48.812400000000004
105800.00000000001 30.7676 35.7062 48.83560000000001
105900.0 30.7798 35.7201 48.8588
106000.00000000001 30.792 35.734 48.882000000000005
106100.0 30.804199999999998 35.7479 48.9052
106200.00000000001 30.8164 35.7618 48.9284
106299.99999999999 30.828599999999998 35.7757 48.9516
106400.0 30.8408 35.7896 48.9748
106500.00000000001 30.853 35.8035 48.998000000000005
106600.0 30.8652 35.8174 49.0212
106700.00000000001 30.8774 35.8313 49.0444
106800.0 30.8896 35.8452 49.0676
106900.00000000001 30.9018 35.8591 49.0908
107000.0 30.913999999999998 35.873 49.114
107100.00000000001 30.9262 35.8869 49.13720000000001
107199.99999999999 30.938399999999998 35.9008 49.1604
107300.0 30.9506 35.914699999999996 49.183600000000006
107400.00000000001 30.9628 35.9286 49.20680000000001
107500.0 30.975 35.942499999999995 49.230000000000004
107600.00000000001 30.9872 35.9564 49.25320000000001
107700.0 30.9994 35.9703 49.2764
107800.00000000001 31.0116 35.9842 49.299600000000005
107899.99999999999 31.0238 35.9981 49.3228
108000.0 31.036 36.012 49.346000000000004
108100.00000000003 31.048200000000005 36.0259 49.369200000000006
108200.0 31.0604 36.0398 49.3924
108300.00000000001 31.0726 36.0537 49.415600000000005
108400.0 31.0848 36.0676 49.4388
108500.00000000001 31.097 36.0815 49.462
108600.0 31.1092 36.0954 49.4852
108700.00000000001 31.1214 36.1093 49.5084
108799.99999999999 31.1336 36.1232 49.5316
108900.0 31.1458 36.1371 49.5548
109000.00000000003 31.158000000000005 36.151 49.57800000000001
109100.0 31.1702 36.1649 49.601200000000006
109200.00000000001 31.1824 36.1788 49.62440000000001
109300.0 31.1946 36.1927 49.647600000000004
109400.00000000001 31.2068 36.2066 49.67080000000001
109500.0 31.219 36.2205 49.694
109600.00000000001 31.2312 36.2344 49.717200000000005
109699.99999999999 31.2434 36.2483 49.7404
109800.0 31.2556 36.2622 49.763600000000004
109900.00000000001 31.267800000000005 36.2761 49.78680000000001
110000.0 31.28 36.29 49.81
110100.00000000001 31.291800000000002 36.3022 49.832100000000004
110200.0 31.3036 36.3144 49.8542
110300.00000000001 31.315400000000004 36.3266 49.87630000000001
110399.99999999999 31.3272 36.3388 49.8984
110500.0 31.339000000000002 36.351 49.920500000000004
110600.00000000003 31.350800000000003 36.3632 49.942600000000006
110700.0 31.3626 36.3754 49.9647
110800.00000000001 31.374400000000005 36.3876 49.98680000000001
110900.0 31.386200000000002 36.3998 50.008900000000004
111000.00000000001 31.398000000000003 36.412 50.031000000000006
111100.0 31.4098 36.4242 50.0531
111200.00000000001 31.4216 36.4364 50.0752
111299.99999999999 31.4334 36.4486 50.0973
111400.0 31.445200000000003 36.4608 50.119400000000006
111500.00000000001 31.457000000000004 36.473 50.14150000000001
111600.0 31.4688 36.4852 50.1636
111700.00000000001 31.480600000000003 36.4974 50.185700000000004
111800.0 31.4924 36.5096 50.2078
111900.00000000001 31.5042 36.5218 50.22990000000001
112000.0 31.516000000000002 36.534 50.252
112100.00000000001 31.527800000000003 36.5462 50.274100000000004
112199.99999999999 31.5396 36.5584 50.2962
112300.0 31.5514 36.5706 50.3183
112400.00000000001 31.563200000000002 36.5828 50.34040000000001
112500.0 31.575000000000003 36.595 50.362500000000004
112600.00000000001 31.586800000000004 36.6072 50.384600000000006
112700.0 31.5986 36.6194 50.4067
112800.00000000001 31.610400000000002 36.6316 50.4288
112899.99999999999 31.6222 36.6438 50.4509
113000.0 31.634 36.656 50.473000000000006
113100.00000000003 31.645800000000005 36.6682 50.49510000000001
113200.0 31.657600000000002 36.6804 50.5172
113300.00000000001 31.669400000000003 36.6926 50.539300000000004
113400.0 31.6812 36.7048 50.5614
113500.00000000001 31.693 36.717 50.58350000000001
113600.0 31.7048 36.7292 50.6056
113700.00000000001 31.716600000000003 36.7414 50.627700000000004
113799.99999999999 31.7284 36.7536 50.6498
113900.0 31.7402 36.7658 50.6719
114000.00000000001 31.752000000000002 36.778 50.69400000000001
114100.0 31.7638 36.7902 50.716100000000004
114200.00000000001 31.775600000000004 36.8024 50.738200000000006
114300.0 31.7874 36.8146 50.7603
114400.00000000001 31.799200000000003 36.8268 50.7824
114500.0 31.811 36.839 50.804500000000004
114600.00000000001 31.8228 36.8512 50.826600000000006
114699.99999999999 31.8346 36.8634 50.8487
114800.0 31.846400000000003 36.8756 50.8708
114900.00000000001 31.858200000000004 36.8878 50.892900000000004
115000.0 31.87 36.9 50.915000000000006
115100.00000000001 31.881800000000002 36.9122 50.93710000000001
115200.0 31.8936 36.9244 50.9592
115300.00000000001 31.905400000000004 36.9366 50.981300000000005
115399.99999999999 31.9172 36.9488 51.0034
115500.0 31.929000000000002 36.961 51.0255
115600.00000000003 31.940800000000003 36.9732 51.04760000000001
115700.0 31.9526 36.9854 51.069700000000005
115800.00000000001 31.964400000000005 36.9976 51.091800000000006
115900.0 31.976200000000002 37.0098 51.1139
116000.00000000001 31.988000000000003 37.022 51.136
116100.0 31.9998 37.0342 51.158100000000005
116200.00000000001 32.0116 37.0464 51.180200000000006
116299.99999999999 32.0234 37.0586 51.2023
116400.0 32.0352 37.0708 51.2244
116500.00000000001 32.047000000000004 37.083 51.246500000000005
116600.0 32.0588 37.0952 51.268600000000006
116700.00000000001 32.070600000000006 37.1074 51.29070000000001
116800.0 32.0824 37.1196 51.3128
116900.00000000001 32.0942 37.1318 51.334900000000005
117000.0 32.106 37.144 51.357
117100.00000000001 32.1178 37.1562 51.37910000000001
117199.99999999999 32.129599999999996 37.1684 51.4012
117300.0 32.141400000000004 37.1806 51.423300000000005
117400.00000000001 32.153200000000005 37.1928 51.44540000000001
117500.0 32.165 37.205 51.4675
117600.00000000001 32.1768 37.2172 51.48960000000001
117700.0 32.1886 37.2294 51.511700000000005
117800.00000000001 32.2004 37.2416 51.53380000000001
117899.99999999999 32.2122 37.2538 51.5559
118000.0 32.224000000000004 37.266 51.578
118100.00000000003 32.235800000000005 37.2782 51.600100000000005
118200.0 32.2476 37.2904 51.62220000000001
118300.00000000001 32.25940000000001 37.3026 51.64430000000001
118400.0 32.2712 37.3148 51.6664
118500.00000000001 32.283 37.327 51.688500000000005
118600.0 32.2948 37.3392 51.7106
118700.00000000001 32.3066 37.3514 51.73270000000001
118799.99999999999 32.3184 37.3636 51.7548
118900.0 32.330200000000005 37.3758 51.776900000000005
119000.00000000003 32.342000000000006 37.388 51.79900000000001
119100.0 32.3538 37.4002 51.8211
119200.00000000001 32.3656 37.4124 51.84320000000001
119300.0 32.3774 37.4246 51.865300000000005
119400.00000000001 32.3892 37.4368 51.88740000000001
119500.0 32.401 37.449 51.9095
119600.00000000001 32.412800000000004 37.4612 51.9316
119699.99999999999 32.4246 37.4734 51.9537
119800.0 32.4364 37.4856 51.97580000000001
119900.00000000001 32.4482 37.4978 51.99790000000001
120000.0 32.46 37.51 52.02
120100.00000000001 32.4714 37.5207 52.04130000000001
120200.0 32.4828 37.5314 52.0626
120300.00000000001 32.4942 37.5421 52.08390000000001
120399.99999999999 32.5056 37.5528 52.1052
120500.0 32.517 37.5635 52.12650000000001
120600.00000000003 32.528400000000005 37.5742 52.14780000000001
120700.0 32.5398 37.5849 52.1691
120800.00000000001 32.5512 37.5956 52.190400000000004
120900.0 32.5626 37.6063 52.2117
121000.00000000001 32.574000000000005 37.617 52.233000000000004
121100.0 32.5854 37.6277 52.2543
121200.00000000001 32.5968 37.6384 52.275600000000004
121299.99999999999 32.6082 37.6491 52.2969
121400.0 32.6196 37.6598 52.318200000000004
121500.00000000001 32.631 37.6705 52.33950000000001
121600.0 32.6424 37.6812 52.360800000000005
121700.00000000001 32.653800000000004 37.6919 52.38210000000001
121800.0 32.6652 37.7026 52.403400000000005
121900.00000000001 32.6766 37.7133 52.4247
122000.0 32.688 37.724 52.446
122100.00000000001 32.699400000000004 37.7347 52.4673
122199.99999999999 32.7108 37.7454 52.4886
122300.0 32.7222 37.756099999999996 52.5099
122400.00000000001 32.7336 37.7668 52.531200000000005
122500.0 32.745000000000005 37.777499999999996 52.5525
122600.00000000001 32.7564 37.788199999999996 52.573800000000006
122700.0 32.7678 37.798899999999996 52.5951
122800.00000000001 32.7792 37.809599999999996 52.616400000000006
122899.99999999999 32.7906 37.820299999999996 52.6377
123000.0 32.802 37.830999999999996 52.659000000000006
123100.00000000003 32.8134 37.8417 52.68030000000001
123200.0 32.8248 37.852399999999996 52.7016
123300.00000000001 32.836200000000005 37.8631 52.7229
123400.0 32.8476 37.873799999999996 52.7442
123500.00000000001 32.859 37.8845 52.7655
123600.0 32.870400000000004 37.895199999999996 52.7868
123700.00000000001 32.881800000000005 37.9059 52.8081
123799.99999999999 32.8932 37.916599999999995 52.8294
123900.0 32.9046 37.927299999999995 52.8507
124000.00000000001 32.916000000000004 37.938 52.87200000000001
124100.0 32.9274 37.948699999999995 52.8933
124200.00000000001 32.9388 37.9594 52.91460000000001
124300.0 32.9502 37.970099999999995 52.935900000000004
124400.00000000001 32.961600000000004 37.9808 52.9572
124500.0 32.973 37.991499999999995 52.9785
124600.00000000001 32.9844 38.0022 52.9998
124699.99999999999 32.9958 38.012899999999995 53.0211
124800.0 33.007200000000005 38.0236 53.0424
124900.00000000001 33.018600000000006 38.0343 53.063700000000004
125000.0 33.03 38.045 53.085
125100.00000000001 33.0414 38.0557 53.106300000000005
125200.0 33.0528 38.066399999999994 53.1276
125300.00000000001 33.0642 38.0771 53.148900000000005
125399.99999999999 33.0756 38.087799999999994 53.1702
125500.0 33.087 38.0985 53.191500000000005
125600.00000000003 33.098400000000005 38.1092 53.21280000000001
125700.0 33.1098 38.1199 53.2341
125800.00000000001 33.1212 38.1306 53.2554
125900.0 33.132600000000004 38.1413 53.2767
126000.00000000001 33.144000000000005 38.152 53.298
126100.0 33.1554 38.1627 53.3193
126200.00000000001 33.1668 38.1734 53.3406
126299.99999999999 33.1782 38.184099999999994 53.3619
126400.0 33.1896 38.1948 53.3832
126500.00000000001 33.201 38.2055 53.404500000000006
126600.0 33.2124 38.2162 53.4258
126700.00000000001 33.223800000000004 38.2269 53.447100000000006
126800.0 33.2352 38.2376 53.4684
126900.00000000001 33.2466 38.2483 53.4897
127000.0 33.258 38.259 53.510999999999996
127100.00000000001 33.269400000000005 38.2697 53.5323
127199.99999999999 33.2808 38.2804 53.553599999999996
127300.0 33.2922 38.2911 53.5749
127400.00000000001 33.3036 38.3018 53.5962
127500.0 33.315 38.3125 53.6175
127600.00000000001 33.3264 38.3232 53.6388
127700.0 33.3378 38.3339 53.6601
127800.00000000001 33.3492 38.3446 53.681400000000004
127899.99999999999 33.3606 38.3553 53.7027
128000.0 33.372 38.366 53.724000000000004
128100.00000000003 33.3834 38.3767 53.74530000000001
128200.0 33.394800000000004 38.3874 53.7666
128300.00000000001 33.406200000000005 38.3981 53.7879
128400.0 33.4176 38.4088 53.8092
128500.00000000001 33.429 38.4195 53.8305
128600.0 33.440400000000004 38.4302 53.8518
128700.00000000001 33.451800000000006 38.4409 53.8731
128799.99999999999 33.4632 38.4516 53.8944
128900.0 33.4746 38.4623 53.9157
129000.00000000003 33.486000000000004 38.473 53.937000000000005
129100.0 33.4974 38.4837 53.9583
129200.00000000001 33.5088 38.4944 53.979600000000005
129300.0 33.5202 38.5051 54.0009
129400.00000000001 33.531600000000005 38.5158 54.0222
129500.0 33.543 38.5265 54.043499999999995
129600.00000000001 33.5544 38.5372 54.0648
129699.99999999999 33.5658 38.5479 54.086099999999995
129800.0 33.577200000000005 38.5586 54.1074
129900.00000000001 33.58860000000001 38.5693 54.1287
130000.0 33.6 38.58 54.15
130100.00000000001 33.611200000000004 38.5896 54.1704
130200.0 33.6224 38.599199999999996 54.190799999999996
130300.00000000001 33.6336 38.6088 54.2112
130399.99999999999 33.644800000000004 38.618399999999994 54.2316
130500.0 33.656 38.628 54.252
130600.00000000003 33.6672 38.6376 54.272400000000005
130700.0 33.6784 38.6472 54.2928
130800.00000000001 33.689600000000006 38.6568 54.3132
130900.0 33.7008 38.666399999999996 54.3336
131000.00000000001 33.712 38.676 54.354
131100.0 33.7232 38.6856 54.374399999999994
131200.0 33.7344 38.6952 54.394800000000004
131300.0 33.7456 38.7048 54.4152
131400.0 33.7568 38.7144 54.4356
131500.00000000003 33.768 38.724000000000004 54.456
131600.0 33.7792 38.733599999999996 54.4764
131700.00000000003 33.790400000000005 38.7432 54.4968
131800.0 33.8016 38.7528 54.517199999999995
131900.0 33.8128 38.7624 54.5376
132000.0 33.824 38.772 54.558
132100.0 33.8352 38.7816 54.5784
132200.0 33.8464 38.791199999999996 54.5988
132300.0 33.8576 38.8008 54.6192
132400.00000000003 33.8688 38.8104 54.6396
132500.0 33.88 38.82 54.66
132600.00000000003 33.891200000000005 38.8296 54.6804
132700.0 33.9024 38.8392 54.7008
132800.0 33.9136 38.8488 54.7212
132900.0 33.9248 38.858399999999996 54.7416
133000.0 33.936 38.868 54.762
133100.00000000003 33.9472 38.8776 54.7824
133200.0 33.9584 38.8872 54.8028
133300.00000000003 33.9696 38.8968 54.8232
133400.0 33.9808 38.9064 54.843599999999995
133500.0 33.992000000000004 38.916 54.864000000000004
133600.0 34.0032 38.925599999999996 54.8844
133700.0 34.0144 38.9352 54.9048
133800.0 34.0256 38.9448 54.9252
133900.0 34.0368 38.9544 54.9456
134000.00000000003 34.048 38.964 54.966
134100.0 34.0592 38.9736 54.986399999999996
134200.00000000003 34.0704 38.983200000000004 55.0068
134300.0 34.0816 38.992799999999995 55.0272
134400.0 34.092800000000004 39.0024 55.0476
134500.0 34.104 39.012 55.068
134600.0 34.1152 39.0216 55.0884
134700.0 34.1264 39.0312 55.108799999999995
134800.0 34.1376 39.0408 55.1292
134900.00000000003 34.1488 39.0504 55.1496
135000.0 34.16 39.06 55.17
135100.00000000003 34.1712 39.0696 55.190400000000004
135200.0 34.1824 39.0792 55.2108
135300.0 34.1936 39.0888 55.2312
135400.0 34.2048 39.0984 55.251599999999996
135500.0 34.216 39.108 55.272
135600.00000000003 34.2272 39.1176 55.2924
135700.0 34.2384 39.1272 55.312799999999996
135800.00000000003 34.2496 39.1368 55.333200000000005
135900.0 34.2608 39.1464 55.3536
136000.0 34.272 39.156 55.374
136100.0 34.2832 39.1656 55.3944
136200.0 34.2944 39.1752 55.4148
136300.0 34.3056 39.184799999999996 55.435199999999995
136400.0 34.3168 39.1944 55.4556
136500.00000000003 34.328 39.204 55.476
136600.0 34.3392 39.2136 55.4964
136700.00000000003 34.3504 39.2232 55.5168
136800.0 34.3616 39.2328 55.5372
136900.0 34.3728 39.2424 55.5576
137000.0 34.384 39.251999999999995 55.577999999999996
137100.0 34.3952 39.2616 55.5984
137200.0 34.4064 39.2712 55.61879999999999
137300.0 34.4176 39.2808 55.6392
137400.00000000003 34.4288 39.2904 55.659600000000005
137500.0 34.44 39.3 55.68
137600.00000000003 34.4512 39.3096 55.7004
137700.0 34.4624 39.319199999999995 55.7208
137800.0 34.4736 39.3288 55.7412
137900.0 34.4848 39.3384 55.761599999999994
138000.0 34.496 39.348 55.782
138100.00000000003 34.507200000000005 39.3576 55.802400000000006
138200.0 34.5184 39.3672 55.8228
138300.00000000003 34.5296 39.3768 55.8432
138400.0 34.5408 39.3864 55.8636
138500.0 34.552 39.396 55.884
138600.0 34.5632 39.4056 55.904399999999995
138700.0 34.5744 39.4152 55.9248
138800.0 34.5856 39.4248 55.94519999999999
138900.0 34.5968 39.4344 55.9656
139000.00000000003 34.608000000000004 39.444 55.986000000000004
139100.0 34.6192 39.4536 56.0064
139200.00000000003 34.6304 39.4632 56.0268
139300.0 34.6416 39.4728 56.0472
139400.0 34.6528 39.4824 56.0676
139500.0 34.664 39.492 56.087999999999994
139600.0 34.6752 39.5016 56.1084
139700.0 34.6864 39.511199999999995 56.1288
139800.0 34.6976 39.5208 56.1492
139900.00000000003 34.708800000000004 39.5304 56.1696
140000.0 34.72 39.54 56.19
140100.00000000003 34.7311 39.5488 56.2097
140200.0 34.7422 39.5576 56.2294
140300.0 34.7533 39.5664 56.2491
140400.0 34.764399999999995 39.575199999999995 56.2688
140500.0 34.7755 39.584 56.2885
140600.00000000003 34.7866 39.592800000000004 56.3082
140700.0 34.7977 39.6016 56.3279
140800.00000000003 34.8088 39.6104 56.3476
140900.0 34.8199 39.6192 56.3673
141000.0 34.831 39.628 56.387
141100.0 34.842099999999995 39.6368 56.406699999999994
141200.0 34.8532 39.6456 56.4264
141300.0 34.8643 39.654399999999995 56.446099999999994
141400.0 34.8754 39.6632 56.4658
141500.00000000003 34.8865 39.672000000000004 56.4855
141600.0 34.8976 39.6808 56.505199999999995
141700.00000000003 34.9087 39.6896 56.5249
141800.0 34.919799999999995 39.6984 56.544599999999996
141900.0 34.9309 39.7072 56.5643
142000.0 34.942 39.716 56.583999999999996
142100.0 34.9531 39.7248 56.603699999999996
142200.0 34.9642 39.733599999999996 56.6234
142300.0 34.9753 39.7424 56.6431
142400.00000000003 34.9864 39.751200000000004 56.662800000000004
142500.0 34.9975 39.76 56.6825
142600.00000000003 35.0086 39.7688 56.7022
142700.0 35.0197 39.7776 56.7219
142800.0 35.0308 39.7864 56.7416
142900.0 35.0419 39.7952 56.7613
143000.0 35.053 39.804 56.781
143100.00000000003 35.0641 39.8128 56.8007
143200.0 35.0752 39.821600000000004 56.8204
143300.00000000003 35.0863 39.830400000000004 56.8401
143400.0 35.0974 39.8392 56.8598
143500.0 35.1085 39.848 56.8795
143600.0 35.1196 39.8568 56.89919999999999
143700.0 35.1307 39.8656 56.9189
143800.0 35.141799999999996 39.8744 56.938599999999994
143900.0 35.1529 39.8832 56.9583
144000.00000000003 35.164 39.892 56.978
144100.0 35.1751 39.900800000000004 56.997699999999995
144200.00000000003 35.1862 39.909600000000005 57.0174
144300.0 35.1973 39.9184 57.037099999999995
144400.0 35.2084 39.9272 57.0568
144500.0 35.2195 39.936 57.076499999999996
144600.0 35.2306 39.9448 57.096199999999996
144700.0 35.241699999999994 39.9536 57.115899999999996
144800.0 35.2528 39.9624 57.1356
144900.00000000003 35.2639 39.9712 57.155300000000004
145000.0 35.275 39.980000000000004 57.175
145100.00000000003 35.2861 39.988800000000005 57.1947
145200.0 35.2972 39.9976 57.2144
145300.0 35.3083 40.0064 57.2341
145400.0 35.319399999999995 40.0152 57.2538
145500.0 35.3305 40.024 57.2735
145600.00000000003 35.3416 40.0328 57.2932
145700.0 35.3527 40.0416 57.3129
145800.00000000003 35.3638 40.0504 57.3326
145900.0 35.3749 40.059200000000004 57.3523
146000.0 35.386 40.068000000000005 57.372
146100.0 35.397099999999995 40.0768 57.39169999999999
146200.0 35.4082 40.0856 57.4114
146300.0 35.4193 40.0944 57.431099999999994
146400.0 35.4304 40.1032 57.4508
146500.00000000003 35.4415 40.112 57.4705
146600.0 35.4526 40.1208 57.490199999999994
146700.00000000003 35.4637 40.1296 57.5099
146800.0 35.474799999999995 40.1384 57.529599999999995
146900.0 35.4859 40.147200000000005 57.5493
147000.0 35.497 40.156 57.568999999999996
147100.0 35.5081 40.1648 57.588699999999996
147200.0 35.5192 40.1736 57.608399999999996
147300.0 35.5303 40.1824 57.628099999999996
147400.00000000003 35.5414 40.1912 57.647800000000004
147500.0 35.552499999999995 40.2 57.6675
147600.00000000003 35.5636 40.208800000000004 57.6872
147700.0 35.5747 40.2176 57.7069
147800.0 35.5858 40.226400000000005 57.7266
147900.0 35.5969 40.2352 57.7463
148000.0 35.608 40.244 57.766
148100.00000000003 35.6191 40.2528 57.7857
148200.0 35.6302 40.2616 57.8054
148300.00000000003 35.6413 40.2704 57.8251
148400.0 35.6524 40.2792 57.8448
148500.0 35.6635 40.288000000000004 57.8645
148600.0 35.6746 40.2968 57.88419999999999
148700.0 35.6857 40.305600000000005 57.9039
148800.0 35.696799999999996 40.3144 57.92359999999999
148900.0 35.7079 40.3232 57.9433
149000.00000000003 35.719 40.332 57.963
149100.0 35.7301 40.3408 57.982699999999994
149200.00000000003 35.7412 40.3496 58.0024
149300.0 35.7523 40.3584 58.022099999999995
149400.0 35.7634 40.367200000000004 58.0418
149500.0 35.774499999999996 40.376 58.061499999999995
149600.0 35.7856 40.384800000000006 58.081199999999995
149700.00000000003 35.7967 40.393600000000006 58.1009
149800.0 35.8078 40.4024 58.120599999999996
149900.00000000003 35.8189 40.4112 58.1403
150000.0 35.83 40.42 58.16
150100.00000000003 35.8408 40.4281 58.1791
150200.0 35.8516 40.4362 58.19819999999999
150300.0 35.8624 40.444300000000005 58.2173
150400.0 35.8732 40.452400000000004 58.236399999999996
150500.0 35.884 40.4605 58.2555
150600.00000000003 35.894800000000004 40.4686 58.2746
150700.0 35.9056 40.4767 58.293699999999994
150800.00000000003 35.9164 40.4848 58.3128
150900.0 35.9272 40.4929 58.3319
151000.0 35.938 40.501000000000005 58.351
151100.0 35.9488 40.509100000000004 58.370099999999994
151200.0 35.9596 40.5172 58.3892
151300.0 35.9704 40.5253 58.4083
151400.0 35.9812 40.5334 58.4274
151500.00000000003 35.992 40.5415 58.4465
151600.0 36.0028 40.5496 58.465599999999995
151700.00000000003 36.0136 40.557700000000004 58.484700000000004
151800.0 36.0244 40.5658 58.5038
151900.0 36.035199999999996 40.5739 58.5229
152000.0 36.046 40.582 58.541999999999994
152100.0 36.056799999999996 40.5901 58.561099999999996
152200.00000000003 36.0676 40.598200000000006 58.580200000000005
152300.0 36.078399999999995 40.606300000000005 58.5993
152400.00000000003 36.0892 40.6144 58.6184
152500.0 36.099999999999994 40.6225 58.637499999999996
152600.00000000003 36.1108 40.6306 58.6566
152700.0 36.1216 40.6387 58.6757
152800.0 36.1324 40.6468 58.6948
152900.0 36.1432 40.6549 58.713899999999995
153000.0 36.153999999999996 40.663000000000004 58.733
153100.00000000003 36.1648 40.6711 58.7521
153200.0 36.175599999999996 40.6792 58.7712
153300.00000000003 36.1864 40.6873 58.7903
153400.0 36.197199999999995 40.6954 58.8094
153500.0 36.208 40.7035 58.8285
153600.0 36.218799999999995 40.7116 58.8476
153700.0 36.2296 40.7197 58.8667
153800.0 36.240399999999994 40.7278 58.885799999999996
153900.0 36.2512 40.7359 58.9049
154000.00000000003 36.262 40.744 58.924
154100.0 36.2728 40.7521 58.9431
154200.00000000003 36.2836 40.7602 58.9622
154300.0 36.294399999999996 40.768299999999996 58.9813
154400.0 36.3052 40.7764 59.0004
154500.0 36.315999999999995 40.7845 59.019499999999994
154600.0 36.3268 40.7926 59.0386
154700.00000000003 36.3376 40.8007 59.057700000000004
154800.0 36.3484 40.8088 59.0768
154900.00000000003 36.3592 40.816900000000004 59.0959
155000.0 36.37 40.825 59.114999999999995
155100.00000000003 36.3808 40.8331 59.134100000000004
155200.0 36.3916 40.8412 59.1532
155300.0 36.4024 40.8493 59.1723
155400.0 36.413199999999996 40.8574 59.191399999999994
155500.0 36.424 40.8655 59.2105
155600.00000000003 36.4348 40.8736 59.229600000000005
155700.0 36.4456 40.8817 59.2487
155800.00000000003 36.4564 40.8898 59.2678
155900.0 36.4672 40.8979 59.286899999999996
156000.0 36.478 40.906 59.306000000000004
156100.0 36.4888 40.9141 59.3251
156200.0 36.4996 40.9222 59.3442
156300.0 36.5104 40.930299999999995 59.363299999999995
156400.0 36.5212 40.9384 59.3824
156500.00000000003 36.532 40.9465 59.401500000000006
156600.0 36.5428 40.9546 59.4206
156700.00000000003 36.553599999999996 40.9627 59.4397
156800.0 36.5644 40.9708 59.4588
156900.0 36.575199999999995 40.978899999999996 59.4779
157000.0 36.586 40.986999999999995 59.497
157100.0 36.596799999999995 40.9951 59.5161
157200.00000000003 36.6076 41.0032 59.5352
157300.0 36.618399999999994 41.0113 59.5543
157400.00000000003 36.6292 41.0194 59.57340000000001
157500.0 36.64 41.027499999999996 59.5925
157600.00000000003 36.6508 41.0356 59.6116
157700.0 36.6616 41.0437 59.6307
157800.0 36.672399999999996 41.0518 59.6498
157900.0 36.6832 41.0599 59.6689
158000.0 36.693999999999996 41.068 59.688
158100.00000000003 36.7048 41.0761 59.707100000000004
158200.0 36.715599999999995 41.084199999999996 59.7262
158300.00000000003 36.7264 41.0923 59.7453
158400.0 36.737199999999994 41.1004 59.7644
158500.0 36.748 41.1085 59.783500000000004
158600.0 36.758799999999994 41.1166 59.8026
158700.0 36.7696 41.1247 59.8217
158800.0 36.78039999999999 41.132799999999996 59.8408
158900.0 36.791199999999996 41.140899999999995 59.8599
159000.00000000003 36.802 41.149 59.879000000000005
159100.0 36.812799999999996 41.1571 59.8981
159200.00000000003 36.8236 41.1652 59.9172
159300.0 36.834399999999995 41.1733 59.9363
159400.0 36.8452 41.1814 59.955400000000004
159500.0 36.855999999999995 41.189499999999995 59.9745
159600.0 36.8668 41.197599999999994 59.9936
159700.00000000003 36.8776 41.2057 60.0127
159800.0 36.8884 41.2138 60.031800000000004
159900.00000000003 36.8992 41.2219 60.050900000000006
160000.0 36.91 41.23 60.07
160099.99999999997 36.92079999999999 41.23779999999999 60.088499999999996
160200.00000000003 36.9316 41.245599999999996 60.107000000000006
160300.0 36.9424 41.2534 60.1255
160400.0 36.953199999999995 41.261199999999995 60.144
160499.99999999997 36.96399999999999 41.26899999999999 60.162499999999994
160600.00000000003 36.9748 41.2768 60.181000000000004
160700.0 36.9856 41.2846 60.1995
160799.99999999997 36.996399999999994 41.292399999999994 60.217999999999996
160900.00000000003 37.0072 41.3002 60.23650000000001
161000.0 37.018 41.308 60.255
161100.0 37.0288 41.315799999999996 60.2735
161199.99999999997 37.03959999999999 41.32359999999999 60.291999999999994
161300.00000000003 37.0504 41.3314 60.310500000000005
161400.0 37.0612 41.3392 60.329
161500.0 37.071999999999996 41.346999999999994 60.3475
161600.00000000003 37.0828 41.3548 60.36600000000001
161700.00000000003 37.0936 41.3626 60.3845
161800.0 37.1044 41.3704 60.403
161899.99999999997 37.115199999999994 41.37819999999999 60.421499999999995
162000.00000000003 37.126 41.386 60.440000000000005
162100.0 37.1368 41.3938 60.4585
162200.0 37.1476 41.401599999999995 60.477
162300.00000000003 37.1584 41.4094 60.49550000000001
162400.00000000003 37.169200000000004 41.4172 60.514
162500.0 37.18 41.425 60.5325
162599.99999999997 37.190799999999996 41.43279999999999 60.550999999999995
162700.00000000003 37.2016 41.440599999999996 60.569500000000005
162800.0 37.2124 41.4484 60.588
162900.0 37.2232 41.456199999999995 60.6065
162999.99999999997 37.233999999999995 41.46399999999999 60.62499999999999
163100.00000000003 37.2448 41.4718 60.6435
163200.0 37.2556 41.4796 60.662
163299.99999999997 37.2664 41.487399999999994 60.680499999999995
163400.00000000003 37.2772 41.4952 60.699000000000005
163500.0 37.288 41.503 60.7175
163600.0 37.2988 41.510799999999996 60.736
163699.99999999997 37.309599999999996 41.51859999999999 60.75449999999999
163800.00000000003 37.3204 41.5264 60.773
163900.0 37.3312 41.5342 60.7915
164000.0 37.342 41.541999999999994 60.809999999999995
164100.00000000003 37.3528 41.5498 60.828500000000005
164200.00000000003 37.3636 41.5576 60.847
164300.0 37.3744 41.5654 60.8655
164399.99999999997 37.3852 41.57319999999999 60.88399999999999
164500.00000000003 37.396 41.581 60.9025
164600.0 37.4068 41.5888 60.921
164700.0 37.4176 41.596599999999995 60.939499999999995
164800.00000000003 37.4284 41.6044 60.958000000000006
164900.00000000003 37.4392 41.6122 60.9765
165000.0 37.45 41.62 60.995000000000005
165099.99999999997 37.4608 41.62779999999999 61.0135
165200.00000000003 37.4716 41.6356 61.032000000000004
165300.0 37.4824 41.6434 61.0505
165400.0 37.4932 41.651199999999996 61.069
165499.99999999997 37.504 41.65899999999999 61.0875
165600.00000000003 37.5148 41.6668 61.10600000000001
165700.0 37.5256 41.6746 61.124500000000005
165799.99999999997 37.5364 41.682399999999994 61.143
165900.00000000003 37.547200000000004 41.6902 61.16150000000001
166000.0 37.558 41.698 61.18000000000001
166100.0 37.568799999999996 41.705799999999996 61.1985
166199.99999999997 37.5796 41.71359999999999 61.217
166300.00000000003 37.5904 41.7214 61.23550000000001
166400.0 37.6012 41.7292 61.254000000000005
166500.0 37.612 41.736999999999995 61.2725
166600.00000000003 37.622800000000005 41.7448 61.29100000000001
166700.00000000003 37.6336 41.7526 61.30950000000001
166800.0 37.6444 41.7604 61.328
166899.99999999997 37.6552 41.76819999999999 61.3465
167000.00000000003 37.666000000000004 41.776 61.36500000000001
167100.0 37.6768 41.7838 61.383500000000005
167200.0 37.687599999999996 41.791599999999995 61.402
167300.00000000003 37.69840000000001 41.7994 61.42050000000001
167400.00000000003 37.7092 41.8072 61.43900000000001
167500.0 37.72 41.815 61.4575
167599.99999999997 37.7308 41.822799999999994 61.476
167700.00000000003 37.741600000000005 41.8306 61.49450000000001
167800.0 37.7524 41.8384 61.513000000000005
167900.0 37.7632 41.846199999999996 61.5315
167999.99999999997 37.774 41.85399999999999 61.55
168100.00000000003 37.784800000000004 41.8618 61.56850000000001
168200.0 37.7956 41.8696 61.587
168299.99999999997 37.8064 41.877399999999994 61.6055
168400.00000000003 37.81720000000001 41.8852 61.62400000000001
168500.0 37.828 41.893 61.642500000000005
168600.0 37.8388 41.9008 61.661
168699.99999999997 37.849599999999995 41.90859999999999 61.6795
168800.00000000003 37.860400000000006 41.9164 61.69800000000001
168900.0 37.8712 41.9242 61.7165
169000.0 37.882 41.931999999999995 61.735
169100.00000000003 37.89280000000001 41.9398 61.75350000000001
169200.00000000003 37.903600000000004 41.9476 61.772000000000006
169300.0 37.9144 41.9554 61.7905
169399.99999999997 37.9252 41.96319999999999 61.809
169500.00000000003 37.93600000000001 41.971000000000004 61.82750000000001
169600.0 37.9468 41.9788 61.846000000000004
169700.0 37.9576 41.986599999999996 61.8645
169800.00000000003 37.9684 41.9944 61.88300000000001
169900.00000000003 37.979200000000006 42.0022 61.901500000000006
170000.0 37.99 42.01 61.92
170099.99999999997 38.0007 42.017399999999995 61.9379
170200.00000000003 38.0114 42.0248 61.95580000000001
170300.0 38.0221 42.032199999999996 61.9737
170400.0 38.0328 42.0396 61.9916
170499.99999999997 38.0435 42.047 62.009499999999996
170600.00000000003 38.0542 42.0544 62.02740000000001
170700.0 38.0649 42.0618 62.045300000000005
170799.99999999997 38.0756 42.069199999999995 62.0632
170900.00000000003 38.08630000000001 42.0766 62.081100000000006
171000.0 38.097 42.083999999999996 62.099000000000004
171100.0 38.1077 42.0914 62.1169
171199.99999999997 38.1184 42.0988 62.1348
171300.00000000003 38.12910000000001 42.1062 62.1527
171400.0 38.1398 42.1136 62.1706
171500.0 38.1505 42.120999999999995 62.1885
171600.00000000003 38.16120000000001 42.1284 62.20640000000001
171700.00000000003 38.1719 42.135799999999996 62.22430000000001
171800.0 38.1826 42.1432 62.242200000000004
171899.99999999997 38.1933 42.1506 62.260099999999994
172000.00000000003 38.20400000000001 42.158 62.278000000000006
172100.0 38.2147 42.1654 62.2959
172200.0 38.2254 42.172799999999995 62.3138
172300.00000000003 38.23610000000001 42.1802 62.33170000000001
172400.00000000003 38.24680000000001 42.1876 62.3496
172500.0 38.2575 42.195 62.3675
172599.99999999997 38.2682 42.2024 62.3854
172700.00000000003 38.27890000000001 42.2098 62.40330000000001
172800.0 38.2896 42.2172 62.421200000000006
172900.0 38.3003 42.224599999999995 62.4391
172999.99999999997 38.311 42.232 62.456999999999994
173100.00000000003 38.32170000000001 42.2394 62.474900000000005
173200.0 38.3324 42.2468 62.4928
173299.99999999997 38.3431 42.2542 62.5107
173400.00000000003 38.35380000000001 42.2616 62.528600000000004
173500.0 38.36450000000001 42.269 62.5465
173600.0 38.3752 42.276399999999995 62.5644
173699.99999999997 38.3859 42.2838 62.5823
173800.00000000003 38.39660000000001 42.2912 62.60020000000001
173900.0 38.4073 42.2986 62.618100000000005
174000.0 38.418 42.306 62.635999999999996
174100.00000000003 38.428700000000006 42.3134 62.65390000000001
174200.00000000003 38.439400000000006 42.3208 62.671800000000005
174300.0 38.4501 42.328199999999995 62.6897
174399.99999999997 38.4608 42.3356 62.7076
174500.00000000003 38.471500000000006 42.343 62.725500000000004
174600.0 38.482200000000006 42.3504 62.7434
174700.0 38.4929 42.3578 62.7613
174800.00000000003 38.503600000000006 42.3652 62.77920000000001
174900.00000000003 38.514300000000006 42.3726 62.79710000000001
175000.0 38.525000000000006 42.379999999999995 62.815
175099.99999999997 38.5357 42.3874 62.832899999999995
175200.00000000003 38.546400000000006 42.394800000000004 62.85080000000001
175300.0 38.557100000000005 42.4022 62.868700000000004
175400.0 38.5678 42.4096 62.8866
175499.99999999997 38.5785 42.416999999999994 62.9045
175600.00000000003 38.589200000000005 42.4244 62.9224
175700.0 38.599900000000005 42.4318 62.9403
175799.99999999997 38.6106 42.4392 62.9582
175900.00000000003 38.621300000000005 42.446600000000004 62.97610000000001
176000.0 38.632000000000005 42.454 62.99400000000001
176100.0 38.642700000000005 42.4614 63.0119
176199.99999999997 38.6534 42.468799999999995 63.029799999999994
176300.00000000003 38.664100000000005 42.4762 63.047700000000006
176400.0 38.674800000000005 42.4836 63.0656
176500.0 38.6855 42.491 63.0835
176600.00000000003 38.696200000000005 42.498400000000004 63.101400000000005
176700.00000000003 38.706900000000005 42.5058 63.1193
176800.0 38.717600000000004 42.5132 63.1372
176899.99999999997 38.7283 42.520599999999995 63.1551
177000.00000000003 38.739000000000004 42.528 63.17300000000001
177100.0 38.749700000000004 42.5354 63.1909
177200.0 38.760400000000004 42.5428 63.2088
177300.00000000003 38.771100000000004 42.550200000000004 63.22670000000001
177400.00000000003 38.781800000000004 42.5576 63.244600000000005
177500.0 38.792500000000004 42.565 63.2625
177599.99999999997 38.8032 42.572399999999995 63.2804
177700.00000000003 38.813900000000004 42.5798 63.298300000000005
177800.0 38.824600000000004 42.5872 63.3162
177900.0 38.835300000000004 42.5946 63.3341
177999.99999999997 38.846 42.602 63.352
178100.00000000003 38.856700000000004 42.6094 63.36990000000001
178200.0 38.8674 42.6168 63.3878
178299.99999999997 38.8781 42.6242 63.405699999999996
178400.00000000003 38.8888 42.6316 63.42360000000001
178500.0 38.8995 42.639 63.441500000000005
178600.0 38.9102 42.6464 63.4594
178699.99999999997 38.920899999999996 42.6538 63.4773
178800.00000000003 38.9316 42.6612 63.495200000000004
178900.0 38.9423 42.6686 63.5131
179000.0 38.953 42.676 63.531
179100.00000000003 38.9637 42.683400000000006 63.54890000000001
179200.00000000003 38.9744 42.6908 63.5668
179300.0 38.9851 42.6982 63.5847
179399.99999999997 38.9958 42.7056 63.602599999999995
179500.00000000003 39.0065 42.713 63.62050000000001
179600.0 39.0172 42.7204 63.638400000000004
179700.0 39.0279 42.7278 63.6563
179800.00000000003 39.03860000000001 42.735200000000006 63.674200000000006
179900.00000000003 39.0493 42.7426 63.6921
180000.0 39.06 42.75 63.71
180199.99999999997 39.081199999999995 42.7643 63.744499999999995
180400.00000000006 39.10240000000001 42.778600000000004 63.77900000000001
180600.00000000003 39.1236 42.7929 63.813500000000005
180799.99999999997 39.144800000000004 42.8072 63.848
180999.99999999994 39.166 42.82149999999999 63.88249999999999
181200.00000000006 39.187200000000004 42.835800000000006 63.91700000000001
181400.0 39.208400000000005 42.8501 63.9515
181599.99999999997 39.2296 42.864399999999996 63.986
181800.00000000006 39.25080000000001 42.8787 64.02050000000001
182000.00000000003 39.272000000000006 42.893 64.055
182200.0 39.2932 42.9073 64.0895
182399.99999999994 39.3144 42.9216 64.124
182600.00000000006 39.33560000000001 42.935900000000004 64.1585
182800.0 39.3568 42.9502 64.193
182999.99999999997 39.378 42.9645 64.22749999999999
183200.0000000001 39.39920000000001 42.97880000000001 64.26200000000001
183400.00000000003 39.42040000000001 42.993100000000005 64.29650000000001
183600.0 39.4416 43.0074 64.331
183799.99999999994 39.462799999999994 43.021699999999996 64.3655
184000.00000000006 39.48400000000001 43.036 64.4
184200.00000000003 39.5052 43.0503 64.4345
184399.99999999997 39.5264 43.0646 64.469
184600.0000000001 39.54760000000001 43.078900000000004 64.50350000000002
184800.00000000003 39.5688 43.0932 64.53800000000001
185000.0 39.59 43.1075 64.5725
185199.99999999997 39.6112 43.1218 64.607
185400.00000000006 39.63240000000001 43.136100000000006 64.64150000000001
185600.00000000003 39.653600000000004 43.150400000000005 64.676
185799.99999999997 39.6748 43.164699999999996 64.7105
186000.0000000001 39.69600000000001 43.17900000000001 64.74500000000002
186200.00000000006 39.717200000000005 43.1933 64.77950000000001
186400.0 39.7384 43.2076 64.81400000000001
186599.99999999997 39.7596 43.2219 64.84849999999999
186800.00000000006 39.780800000000006 43.236200000000004 64.88300000000001
187000.00000000003 39.80200000000001 43.2505 64.9175
187200.0 39.8232 43.2648 64.952
187399.99999999994 39.84439999999999 43.2791 64.98649999999999
187600.00000000006 39.86560000000001 43.293400000000005 65.02100000000002
187800.0 39.8868 43.307700000000004 65.0555
187999.99999999997 39.908 43.321999999999996 65.08999999999999
188200.0000000001 39.92920000000001 43.33630000000001 65.12450000000001
188400.00000000003 39.9504 43.3506 65.159
188600.0 39.9716 43.3649 65.1935
188799.99999999994 39.992799999999995 43.3792 65.228
189000.00000000006 40.01400000000001 43.3935 65.2625
189200.00000000003 40.0352 43.4078 65.297
189399.99999999997 40.0564 43.4221 65.33149999999999
189600.0000000001 40.07760000000001 43.436400000000006 65.36600000000001
189800.00000000003 40.098800000000004 43.450700000000005 65.40050000000001
190000.0 40.120000000000005 43.465 65.435
190199.99999999997 40.1412 43.479299999999995 65.4695
190400.00000000006 40.162400000000005 43.49360000000001 65.504
190600.00000000003 40.183600000000006 43.5079 65.5385
190799.99999999997 40.2048 43.5222 65.573
191000.0000000001 40.22600000000001 43.536500000000004 65.60750000000002
191200.00000000006 40.24720000000001 43.5508 65.64200000000001
191400.0 40.2684 43.5651 65.6765
191599.99999999997 40.2896 43.5794 65.711
191800.00000000006 40.31080000000001 43.593700000000005 65.7455
192000.00000000003 40.332 43.608000000000004 65.78
192200.0 40.3532 43.622299999999996 65.8145
192399.99999999994 40.374399999999994 43.636599999999994 65.84899999999999
192600.00000000006 40.39560000000001 43.6509 65.88350000000001
192800.0 40.4168 43.6652 65.918
192999.99999999997 40.437999999999995 43.6795 65.95249999999999
193200.0000000001 40.45920000000001 43.6938 65.98700000000001
193400.00000000003 40.4804 43.7081 66.0215
193600.0 40.501599999999996 43.7224 66.056
193799.99999999994 40.5228 43.7367 66.09049999999999
194000.00000000006 40.544000000000004 43.751000000000005 66.12500000000001
194200.00000000003 40.565200000000004 43.7653 66.1595
194399.99999999997 40.5864 43.779599999999995 66.19399999999999
194600.0000000001 40.60760000000001 43.79390000000001 66.22850000000001
194800.00000000003 40.628800000000005 43.8082 66.263
195000.0 40.65 43.8225 66.2975
195199.99999999997 40.6712 43.8368 66.332
195400.00000000006 40.692400000000006 43.8511 66.3665
195600.00000000003 40.7136 43.8654 66.401
195799.99999999997 40.7348 43.8797 66.43549999999999
196000.0000000001 40.75600000000001 43.894000000000005 66.47000000000001
196200.00000000006 40.77720000000001 43.908300000000004 66.50450000000001
196400.0 40.7984 43.9226 66.539
196599.99999999997 40.819599999999994 43.936899999999994 66.5735
196800.00000000006 40.84080000000001 43.95120000000001 66.608
197000.00000000003 40.862 43.9655 66.6425
197200.0 40.8832 43.9798 66.67699999999999
197399.99999999994 40.904399999999995 43.994099999999996 66.71149999999999
197600.00000000006 40.9256 44.0084 66.74600000000001
197800.0 40.9468 44.0227 66.7805
197999.99999999997 40.967999999999996 44.037 66.815
198200.00000000006 40.98920000000001 44.051300000000005 66.8495
198400.00000000003 41.010400000000004 44.0656 66.884
198600.0 41.0316 44.0799 66.9185
198799.99999999994 41.0528 44.094199999999994 66.95299999999999
199000.00000000006 41.074000000000005 44.10850000000001 66.98750000000001
199200.00000000003 41.0952 44.1228 67.022
199399.99999999997 41.1164 44.1371 67.0565
199600.0000000001 41.137600000000006 44.1514 67.09100000000001
199800.00000000003 41.15880000000001 44.1657 67.1255
200000.0 41.18 44.18 67.16
200249.99999999994 41.20629999999999 44.197799999999994 67.20069999999998
200500.0000000001 41.232600000000005 44.2156 67.24140000000001
200750.00000000003 41.258900000000004 44.2334 67.2821
200999.99999999997 41.285199999999996 44.2512 67.32279999999999
201250.00000000012 41.31150000000001 44.269000000000005 67.36350000000002
201500.00000000006 41.33780000000001 44.28680000000001 67.4042
201750.0 41.3641 44.3046 67.4449
201999.99999999997 41.39039999999999 44.322399999999995 67.48559999999999
202250.0000000001 41.416700000000006 44.3402 67.5263
202500.00000000003 41.443000000000005 44.358000000000004 67.56700000000001
202750.0 41.4693 44.3758 67.6077
202999.99999999994 41.495599999999996 44.39359999999999 67.64839999999998
203250.00000000006 41.52190000000001 44.41140000000001 67.68910000000001
203500.0 41.5482 44.4292 67.7298
203749.99999999997 41.57449999999999 44.446999999999996 67.7705
204000.0000000001 41.60080000000001 44.464800000000004 67.81120000000001
204250.00000000003 41.627100000000006 44.482600000000005 67.8519
204500.0 41.6534 44.5004 67.8926
204749.99999999994 41.6797 44.51819999999999 67.93329999999999
205000.00000000006 41.70600000000001 44.53600000000001 67.974
205250.00000000003 41.7323 44.5538 68.0147
205499.99999999997 41.758599999999994 44.5716 68.05539999999999
205750.0000000001 41.78490000000001 44.589400000000005 68.09610000000002
206000.00000000006 41.81120000000001 44.607200000000006 68.13680000000001
206250.0 41.8375 44.625 68.1775
206499.99999999994 41.8638 44.642799999999994 68.2182
206750.0000000001 41.89010000000001 44.6606 68.25890000000001
207000.00000000003 41.9164 44.6784 68.2996
207249.99999999997 41.942699999999995 44.6962 68.3403
207500.00000000012 41.96900000000001 44.714000000000006 68.38100000000001
207750.00000000006 41.99530000000001 44.73180000000001 68.4217
208000.0 42.0216 44.7496 68.4624
208249.99999999997 42.0479 44.767399999999995 68.50309999999999
208500.0000000001 42.07420000000001 44.7852 68.54380000000002
208750.00000000003 42.100500000000004 44.803000000000004 68.5845
209000.0 42.126799999999996 44.8208 68.62519999999999
209249.99999999994 42.153099999999995 44.83859999999999 68.6659
209500.00000000006 42.17940000000001 44.85640000000001 68.70660000000001
209750.0 42.2057 44.8742 68.7473
209999.99999999997 42.232 44.891999999999996 68.788
210250.0000000001 42.25830000000001 44.909800000000004 68.82870000000001
210500.00000000003 42.284600000000005 44.927600000000005 68.86940000000001
210750.0 42.310900000000004 44.9454 68.9101
210999.99999999994 42.337199999999996 44.96319999999999 68.95079999999999
211250.00000000006 42.36350000000001 44.98100000000001 68.99150000000002
211500.00000000003 42.3898 44.9988 69.0322
211749.99999999997 42.4161 45.0166 69.07289999999999
212000.0000000001 42.44240000000001 45.034400000000005 69.11360000000002
212250.00000000006 42.468700000000005 45.052200000000006 69.1543
212500.0 42.495000000000005 45.07 69.195
212749.99999999994 42.5213 45.087799999999994 69.2357
213000.0000000001 42.54760000000001 45.1056 69.27640000000001
213250.00000000003 42.5739 45.123400000000004 69.31710000000001
213499.99999999997 42.6002 45.1412 69.3578
213750.00000000012 42.626500000000014 45.159000000000006 69.39850000000001
214000.00000000006 42.652800000000006 45.17680000000001 69.43920000000001
214250.0 42.679100000000005 45.1946 69.4799
214499.99999999997 42.7054 45.212399999999995 69.52059999999999
214750.0000000001 42.73170000000001 45.2302 69.56130000000002
215000.00000000003 42.758 45.248000000000005 69.602
215250.0 42.7843 45.2658 69.6427
215499.99999999994 42.810599999999994 45.28359999999999 69.68339999999999
215750.00000000006 42.83690000000001 45.30140000000001 69.7241
216000.0 42.863200000000006 45.3192 69.76480000000001
216249.99999999997 42.8895 45.336999999999996 69.8055
216500.0000000001 42.91580000000001 45.354800000000004 69.84620000000001
216750.00000000006 42.9421 45.372600000000006 69.88690000000001
217000.0 42.9684 45.3904 69.9276
217249.99999999994 42.994699999999995 45.408199999999994 69.9683
217500.00000000006 43.02100000000001 45.426 70.00900000000001
217750.00000000003 43.04730000000001 45.4438 70.0497
217999.99999999997 43.0736 45.4616 70.0904
218250.0000000001 43.09990000000001 45.479400000000005 70.13110000000002
218500.00000000006 43.126200000000004 45.49720000000001 70.1718
218750.0 43.1525 45.515 70.2125
218999.99999999994 43.178799999999995 45.532799999999995 70.25319999999999
219250.0000000001 43.20510000000001 45.5506 70.29390000000001
219500.00000000003 43.23140000000001 45.568400000000004 70.33460000000001
219749.99999999997 43.2577 45.5862 70.3753
220000.00000000012 43.28400000000001 45.604000000000006 70.41600000000003
220250.00000000006 43.310300000000005 45.62180000000001 70.45670000000001
220500.0 43.336600000000004 45.6396 70.4974
220749.99999999994 43.362899999999996 45.657399999999996 70.5381
221000.0000000001 43.38920000000001 45.675200000000004 70.57880000000002
221250.00000000003 43.41550000000001 45.693000000000005 70.6195
221500.0 43.4418 45.7108 70.6602
221749.99999999994 43.46809999999999 45.72859999999999 70.70089999999999
222000.00000000006 43.494400000000006 45.74640000000001 70.74160000000002
222250.0 43.520700000000005 45.7642 70.7823
222499.99999999997 43.547 45.782 70.823
222750.0000000001 43.57330000000001 45.799800000000005 70.86370000000002
223000.00000000006 43.59960000000001 45.817600000000006 70.90440000000001
223250.0 43.6259 45.8354 70.9451
223499.99999999994 43.65219999999999 45.853199999999994 70.9858
223750.00000000006 43.67850000000001 45.87100000000001 71.02650000000001
224000.00000000003 43.704800000000006 45.8888 71.06720000000001
224249.99999999997 43.7311 45.9066 71.1079
224500.0000000001 43.75740000000001 45.924400000000006 71.14860000000002
224750.00000000006 43.78370000000001 45.94220000000001 71.18930000000002
225000.0 43.81 45.96 71.23
225249.99999999994 43.836299999999994 45.9784 71.26859999999999
225500.0000000001 43.86260000000001 45.99680000000001 71.30720000000002
225750.00000000003 43.88890000000001 46.0152 71.34580000000001
225999.99999999997 43.9152 46.0336 71.3844
226250.00000000012 43.94150000000001 46.05200000000001 71.42300000000002
226500.00000000006 43.96780000000001 46.07040000000001 71.46160000000002
226750.0 43.9941 46.0888 71.5002
226999.99999999997 44.020399999999995 46.1072 71.5388
227250.0000000001 44.04670000000001 46.125600000000006 71.57740000000001
227500.00000000003 44.07300000000001 46.144000000000005 71.61600000000001
227750.0 44.0993 46.1624 71.6546
227999.99999999994 44.12559999999999 46.1808 71.69319999999999
228250.00000000006 44.15190000000001 46.199200000000005 71.7318
228500.0 44.178200000000004 46.217600000000004 71.77040000000001
228749.99999999997 44.204499999999996 46.236 71.809
229000.0000000001 44.23080000000001 46.254400000000004 71.84760000000001
229250.00000000003 44.25710000000001 46.272800000000004 71.88620000000002
229500.0 44.2834 46.291199999999996 71.9248
229749.99999999994 44.30969999999999 46.309599999999996 71.9634
230000.00000000006 44.336000000000006 46.328 72.00200000000001
230250.00000000003 44.362300000000005 46.3464 72.04060000000001
230499.99999999997 44.3886 46.364799999999995 72.0792
230750.0000000001 44.41490000000001 46.38320000000001 72.11780000000002
231000.00000000006 44.44120000000001 46.4016 72.1564
231250.0 44.4675 46.42 72.19500000000001
231499.99999999994 44.49379999999999 46.438399999999994 72.2336
231750.0000000001 44.520100000000006 46.45680000000001 72.27220000000001
232000.00000000003 44.546400000000006 46.4752 72.31080000000001
232249.99999999997 44.5727 46.4936 72.3494
232500.00000000012 44.59900000000001 46.51200000000001 72.38800000000002
232750.00000000006 44.62530000000001 46.53040000000001 72.42660000000001
233000.0 44.6516 46.5488 72.46520000000001
233249.99999999997 44.677899999999994 46.5672 72.5038
233500.0000000001 44.70420000000001 46.58560000000001 72.54240000000001
233750.00000000003 44.730500000000006 46.604 72.581
234000.0 44.7568 46.6224 72.6196
234249.99999999994 44.78309999999999 46.64079999999999 72.6582
234500.00000000006 44.80940000000001 46.659200000000006 72.69680000000001
234750.0 44.8357 46.6776 72.73540000000001
234999.99999999997 44.861999999999995 46.696 72.774
235250.0000000001 44.88830000000001 46.714400000000005 72.81260000000002
235500.00000000003 44.91460000000001 46.732800000000005 72.8512
235750.0 44.9409 46.7512 72.88980000000001
235999.99999999994 44.96719999999999 46.7696 72.9284
236250.00000000006 44.993500000000004 46.788000000000004 72.96700000000001
236500.00000000003 45.019800000000004 46.806400000000004 73.0056
236749.99999999997 45.046099999999996 46.824799999999996 73.0442
237000.0000000001 45.07240000000001 46.8432 73.08280000000002
237250.00000000006 45.09870000000001 46.8616 73.12140000000001
237500.0 45.125 46.879999999999995 73.16
237749.99999999994 45.15129999999999 46.898399999999995 73.1986
238000.0000000001 45.177600000000005 46.9168 73.23720000000002
238250.00000000003 45.203900000000004 46.9352 73.2758
238499.99999999997 45.230199999999996 46.953599999999994 73.3144
238750.00000000012 45.25650000000001 46.97200000000001 73.35300000000002
239000.00000000006 45.28280000000001 46.9904 73.39160000000001
239250.0 45.3091 47.0088 73.4302
239499.99999999997 45.33539999999999 47.02719999999999 73.4688
239750.0000000001 45.361700000000006 47.04560000000001 73.50740000000002
240000.00000000003 45.388000000000005 47.064 73.546
240250.0 45.4143 47.0824 73.5846
240499.99999999994 45.44059999999999 47.10079999999999 73.6232
240750.00000000006 45.46690000000001 47.119200000000006 73.66180000000001
241000.0 45.4932 47.1376 73.7004
241249.99999999997 45.519499999999994 47.156 73.739
241500.0000000001 45.54580000000001 47.174400000000006 73.77760000000002
241750.00000000006 45.572100000000006 47.1928 73.81620000000001
242000.0 45.5984 47.2112 73.8548
242249.99999999994 45.62469999999999 47.22959999999999 73.8934
242500.00000000006 45.651 47.248000000000005 73.93200000000002
242750.00000000003 45.6773 47.2664 73.9706
242999.99999999997 45.703599999999994 47.2848 74.00919999999999
243250.0000000001 45.72990000000001 47.303200000000004 74.04780000000002
243500.00000000006 45.75620000000001 47.321600000000004 74.08640000000001
243750.0 45.7825 47.339999999999996 74.125
243999.99999999994 45.80879999999999 47.358399999999996 74.1636
244250.0000000001 45.835100000000004 47.3768 74.20220000000002
244500.00000000003 45.8614 47.3952 74.24080000000001
244749.99999999997 45.887699999999995 47.413599999999995 74.2794
245000.00000000012 45.91400000000001 47.432 74.31800000000003
245250.00000000006 45.94030000000001 47.4504 74.35660000000001
245500.0 45.9666 47.4688 74.3952
245749.99999999994 45.99289999999999 47.487199999999994 74.43379999999999
246000.0000000001 46.019200000000005 47.5056 74.47240000000002
246250.00000000003 46.045500000000004 47.524 74.51100000000001
246500.0 46.071799999999996 47.542399999999994 74.5496
246749.99999999994 46.09809999999999 47.56079999999999 74.5882
247000.00000000006 46.12440000000001 47.5792 74.62680000000002
247250.0 46.1507 47.5976 74.6654
247499.99999999997 46.17699999999999 47.61599999999999 74.704
247750.0000000001 46.203300000000006 47.63440000000001 74.74260000000002
248000.00000000006 46.229600000000005 47.6528 74.78120000000001
248250.0 46.2559 47.6712 74.8198
248499.99999999994 46.28219999999999 47.68959999999999 74.85839999999999
248750.00000000006 46.3085 47.708000000000006 74.89700000000002
249000.00000000003 46.3348 47.7264 74.93560000000001
249249.99999999997 46.36109999999999 47.7448 74.9742
249500.0000000001 46.38740000000001 47.763200000000005 75.01280000000001
249750.00000000006 46.413700000000006 47.7816 75.05140000000002
250000.0 46.44 47.8 75.09
250249.99999999994 46.46619999999999 47.819199999999995 75.1266
250500.0000000001 46.4924 47.8384 75.16320000000002
250750.00000000003 46.5186 47.8576 75.19980000000001
250999.99999999997 46.544799999999995 47.876799999999996 75.2364
251250.00000000012 46.57100000000001 47.89600000000001 75.27300000000002
251500.00000000006 46.5972 47.9152 75.30960000000002
251750.0 46.6234 47.9344 75.34620000000001
251999.99999999997 46.64959999999999 47.953599999999994 75.3828
252250.0000000001 46.67580000000001 47.97280000000001 75.41940000000001
252500.00000000003 46.702000000000005 47.992 75.456
252750.0 46.728199999999994 48.011199999999995 75.4926
252999.99999999994 46.75439999999999 48.03039999999999 75.52919999999999
253250.00000000006 46.78060000000001 48.049600000000005 75.56580000000001
253500.0 46.8068 48.068799999999996 75.6024
253749.99999999997 46.83299999999999 48.087999999999994 75.639
254000.0000000001 46.85920000000001 48.107200000000006 75.67560000000002
254250.00000000003 46.885400000000004 48.126400000000004 75.71220000000001
254500.0 46.9116 48.145599999999995 75.7488
254749.99999999994 46.937799999999996 48.16479999999999 75.7854
255000.00000000006 46.964000000000006 48.184000000000005 75.82200000000002
255250.00000000003 46.9902 48.2032 75.85860000000001
255499.99999999997 47.0164 48.22239999999999 75.8952
255750.0000000001 47.04260000000001 48.241600000000005 75.93180000000002
256000.00000000006 47.0688 48.2608 75.96840000000002
256250.0 47.095 48.28 76.005
256499.99999999994 47.121199999999995 48.29919999999999 76.04159999999999
256750.0000000001 47.147400000000005 48.318400000000004 76.07820000000001
257000.00000000003 47.1736 48.3376 76.1148
257249.99999999997 47.199799999999996 48.35679999999999 76.1514
257500.00000000012 47.22600000000001 48.376000000000005 76.18800000000002
257750.00000000006 47.2522 48.3952 76.22460000000001
258000.0 47.2784 48.4144 76.2612
258249.99999999997 47.30459999999999 48.43359999999999 76.2978
258500.0000000001 47.33080000000001 48.4528 76.33440000000002
258750.00000000003 47.357000000000006 48.472 76.37100000000001
259000.0 47.383199999999995 48.4912 76.4076
259249.99999999994 47.40939999999999 48.51039999999999 76.4442
259500.00000000006 47.43560000000001 48.5296 76.48080000000002
259750.0 47.461800000000004 48.5488 76.51740000000001
259999.99999999997 47.48799999999999 48.568 76.554
260250.0000000001 47.51420000000001 48.5872 76.59060000000001
260500.00000000003 47.540400000000005 48.6064 76.6272
260750.0 47.5666 48.6256 76.6638
260999.99999999994 47.5928 48.6448 76.70039999999999
261250.00000000006 47.61900000000001 48.664 76.73700000000001
261500.00000000003 47.6452 48.6832 76.7736
261749.99999999997 47.6714 48.7024 76.8102
262000.0000000001 47.69760000000001 48.7216 76.84680000000002
262250.00000000006 47.723800000000004 48.7408 76.88340000000001
262500.0 47.75 48.76 76.92
262749.99999999994 47.776199999999996 48.779199999999996 76.9566
263000.00000000006 47.802400000000006 48.7984 76.99320000000002
263250.0 47.8286 48.8176 77.02980000000001
263500.0 47.8548 48.8368 77.0664
263750.0000000001 47.881000000000014 48.85600000000001 77.10300000000002
264000.00000000006 47.9072 48.8752 77.13960000000002
264250.0 47.9334 48.8944 77.17620000000001
264499.99999999994 47.959599999999995 48.913599999999995 77.2128
264750.00000000006 47.98580000000001 48.93280000000001 77.24940000000001
265000.00000000006 48.01200000000001 48.952 77.286
265250.0 48.038199999999996 48.971199999999996 77.3226
265499.99999999994 48.06439999999999 48.990399999999994 77.35919999999999
265750.00000000006 48.09060000000001 49.009600000000006 77.39580000000001
266000.0 48.116800000000005 49.0288 77.4324
266249.99999999994 48.142999999999994 49.047999999999995 77.469
266500.0000000001 48.16920000000001 49.06720000000001 77.50560000000002
266750.00000000006 48.19540000000001 49.086400000000005 77.54220000000001
267000.0 48.2216 49.105599999999995 77.5788
267249.99999999994 48.2478 49.12479999999999 77.6154
267500.00000000006 48.27400000000001 49.144000000000005 77.65200000000002
267750.0 48.300200000000004 49.1632 77.68860000000001
268000.0 48.3264 49.182399999999994 77.7252
268250.0000000001 48.35260000000001 49.201600000000006 77.76180000000002
268500.00000000006 48.378800000000005 49.220800000000004 77.79840000000002
268750.0 48.405 49.239999999999995 77.83500000000001
268999.99999999994 48.4312 49.25919999999999 77.8716
269250.00000000006 48.45740000000001 49.278400000000005 77.90820000000001
269500.0 48.4836 49.2976 77.9448
269750.0 48.5098 49.31679999999999 77.9814
270000.0000000001 48.536000000000016 49.336000000000006 78.01800000000001
270250.00000000006 48.562200000000004 49.3552 78.05460000000001
270500.0 48.5884 49.3744 78.0912
270749.99999999994 48.614599999999996 49.39359999999999 78.1278
271000.00000000006 48.64080000000001 49.412800000000004 78.16440000000001
271250.00000000006 48.667 49.432 78.20100000000001
271500.0 48.6932 49.4512 78.2376
271749.99999999994 48.71939999999999 49.47039999999999 78.2742
272000.00000000006 48.74560000000001 49.4896 78.31080000000001
272250.0 48.771800000000006 49.5088 78.34740000000001
272499.99999999994 48.798 49.528 78.384
272750.0000000001 48.82420000000001 49.547200000000004 78.42060000000001
273000.00000000006 48.85040000000001 49.5664 78.4572
273250.0 48.8766 49.5856 78.4938
273499.99999999994 48.9028 49.6048 78.53039999999999
273750.00000000006 48.92900000000001 49.624 78.56700000000001
274000.0 48.955200000000005 49.6432 78.6036
274250.0 48.9814 49.6624 78.6402
274500.0000000001 49.00760000000001 49.6816 78.67680000000001
274750.00000000006 49.03380000000001 49.7008 78.71340000000001
275000.0 49.06 49.72 78.75
275249.99999999994 49.086099999999995 49.7403 78.7851
275500.00000000006 49.11220000000001 49.760600000000004 78.82020000000001
275750.0 49.13830000000001 49.7809 78.8553
276000.0 49.1644 49.801199999999994 78.8904
276250.0000000001 49.190500000000014 49.82150000000001 78.92550000000001
276500.00000000006 49.21660000000001 49.841800000000006 78.96060000000001
276750.0 49.242700000000006 49.8621 78.9957
276999.99999999994 49.2688 49.8824 79.0308
277250.00000000006 49.29490000000001 49.9027 79.06590000000001
277500.00000000006 49.321000000000005 49.923 79.101
277750.0 49.3471 49.9433 79.1361
277999.99999999994 49.3732 49.96359999999999 79.17119999999998
278250.00000000006 49.39930000000001 49.983900000000006 79.20630000000001
278500.0 49.4254 50.0042 79.2414
278749.99999999994 49.451499999999996 50.024499999999996 79.2765
279000.0000000001 49.47760000000001 50.04480000000001 79.31160000000001
279250.00000000006 49.50370000000001 50.0651 79.34670000000001
279500.0 49.5298 50.0854 79.3818
279749.99999999994 49.555899999999994 50.10569999999999 79.4169
280000.00000000006 49.58200000000001 50.126000000000005 79.45200000000001
280250.0 49.60810000000001 50.146300000000004 79.4871
280500.0 49.6342 50.166599999999995 79.5222
280750.0000000001 49.660300000000014 50.18690000000001 79.55730000000001
281000.00000000006 49.686400000000006 50.2072 79.59240000000001
281250.0 49.712500000000006 50.2275 79.6275
281499.99999999994 49.7386 50.2478 79.6626
281750.00000000006 49.76470000000001 50.268100000000004 79.69770000000001
282000.0 49.790800000000004 50.2884 79.73280000000001
282250.0 49.8169 50.308699999999995 79.7679
282500.0000000001 49.84300000000001 50.32900000000001 79.80300000000001
282750.00000000006 49.86910000000001 50.34930000000001 79.83810000000001
283000.0 49.8952 50.3696 79.8732
283249.99999999994 49.921299999999995 50.3899 79.9083
283500.00000000006 49.94740000000001 50.4102 79.94340000000001
283750.00000000006 49.97350000000001 50.4305 79.97850000000001
284000.0 49.9996 50.4508 80.0136
284249.99999999994 50.02569999999999 50.47109999999999 80.0487
284500.00000000006 50.05180000000001 50.491400000000006 80.08380000000001
284750.0 50.07790000000001 50.5117 80.11890000000001
284999.99999999994 50.104 50.532 80.154
285250.0000000001 50.13010000000001 50.55230000000001 80.18910000000001
285500.00000000006 50.156200000000005 50.5726 80.22420000000001
285750.0 50.1823 50.5929 80.2593
285999.99999999994 50.2084 50.61319999999999 80.2944
286250.00000000006 50.23450000000001 50.633500000000005 80.32950000000001
286500.0 50.260600000000004 50.653800000000004 80.36460000000001
286750.0 50.286699999999996 50.674099999999996 80.3997
287000.0000000001 50.31280000000001 50.69440000000001 80.43480000000001
287250.00000000006 50.33890000000001 50.7147 80.46990000000001
287500.0 50.365 50.735 80.505
287749.99999999994 50.391099999999994 50.7553 80.5401
288000.00000000006 50.41720000000001 50.775600000000004 80.57520000000001
288250.0 50.44330000000001 50.7959 80.61030000000001
288500.0 50.4694 50.816199999999995 80.6454
288750.0000000001 50.495500000000014 50.83650000000001 80.68050000000002
289000.00000000006 50.52160000000001 50.85680000000001 80.71560000000001
289250.0 50.547700000000006 50.8771 80.75070000000001
289499.99999999994 50.5738 50.8974 80.7858
289750.00000000006 50.59990000000001 50.9177 80.82090000000001
290000.00000000006 50.626000000000005 50.938 80.85600000000001
290250.0 50.6521 50.9583 80.8911
290499.99999999994 50.6782 50.97859999999999 80.9262
290750.00000000006 50.70430000000001 50.998900000000006 80.96130000000001
291000.0 50.7304 51.0192 80.99640000000001
291249.99999999994 50.756499999999996 51.0395 81.0315
291500.0000000001 50.78260000000001 51.05980000000001 81.06660000000002
291750.00000000006 50.80870000000001 51.0801 81.10170000000001
292000.0 50.8348 51.1004 81.13680000000001
292249.99999999994 50.860899999999994 51.12069999999999 81.1719
292500.00000000006 50.88700000000001 51.141000000000005 81.20700000000001
292750.0 50.91310000000001 51.161300000000004 81.24210000000001
293000.0 50.9392 51.181599999999996 81.2772
293250.0000000001 50.96530000000001 51.20190000000001 81.31230000000002
293500.00000000006 50.991400000000006 51.2222 81.34740000000001
293750.0 51.0175 51.2425 81.38250000000001
293999.99999999994 51.0436 51.2628 81.4176
294250.00000000006 51.06970000000001 51.283100000000005 81.45270000000002
294500.0 51.095800000000004 51.3034 81.48780000000001
294750.0 51.1219 51.323699999999995 81.5229
295000.0000000001 51.14800000000001 51.34400000000001 81.55800000000002
295250.00000000006 51.17410000000001 51.36430000000001 81.5931
295500.0 51.2002 51.3846 81.6282
295749.99999999994 51.226299999999995 51.4049 81.66329999999999
296000.00000000006 51.25240000000001 51.425200000000004 81.69840000000002
296250.00000000006 51.27850000000001 51.4455 81.7335
296500.0 51.3046 51.4658 81.7686
296749.99999999994 51.33069999999999 51.48609999999999 81.80369999999999
297000.00000000006 51.35680000000001 51.506400000000006 81.83880000000002
297250.0 51.38290000000001 51.5267 81.8739
297499.99999999994 51.409 51.547 81.909
297750.0000000001 51.43510000000001 51.56730000000001 81.94410000000002
298000.00000000006 51.461200000000005 51.5876 81.9792
298250.0 51.487300000000005 51.6079 82.0143
298499.99999999994 51.5134 51.62819999999999 82.04939999999999
298750.00000000006 51.53950000000001 51.648500000000006 82.08450000000002
299000.0 51.5656 51.668800000000005 82.1196
299250.0 51.591699999999996 51.689099999999996 82.1547
299500.0000000001 51.61780000000001 51.70940000000001 82.18980000000002
299750.00000000006 51.64390000000001 51.7297 82.2249
300000.0 51.67 51.75 82.26
300249.99999999994 51.696099999999994 51.77119999999999 82.2935
300500.00000000006 51.72220000000001 51.79240000000001 82.32700000000001
300750.0 51.74830000000001 51.8136 82.3605
301000.0 51.7744 51.8348 82.394
301250.0000000001 51.800500000000014 51.85600000000001 82.42750000000002
301500.00000000006 51.826600000000006 51.8772 82.46100000000001
301750.0 51.852700000000006 51.8984 82.4945
301999.99999999994 51.8788 51.919599999999996 82.528
302250.00000000006 51.90490000000001 51.94080000000001 82.56150000000001
302500.00000000006 51.931000000000004 51.962 82.59500000000001
302750.0 51.9571 51.9832 82.6285
302999.99999999994 51.9832 52.0044 82.66199999999999
303250.00000000006 52.00930000000001 52.025600000000004 82.69550000000001
303500.0 52.0354 52.0468 82.729
303749.99999999994 52.061499999999995 52.068 82.7625
304000.0000000001 52.08760000000001 52.089200000000005 82.79600000000002
304250.00000000006 52.11370000000001 52.110400000000006 82.82950000000001
304500.0 52.1398 52.1316 82.863
304749.99999999994 52.16589999999999 52.15279999999999 82.8965
305000.00000000006 52.19200000000001 52.17400000000001 82.93
305250.0 52.21810000000001 52.1952 82.96350000000001
305500.0 52.2442 52.2164 82.997
305750.0000000001 52.27030000000001 52.23760000000001 83.03050000000002
306000.00000000006 52.296400000000006 52.2588 83.06400000000001
306250.0 52.322500000000005 52.28 83.0975
306499.99999999994 52.3486 52.301199999999994 83.131
306750.00000000006 52.37470000000001 52.32240000000001 83.16450000000002
307000.0 52.400800000000004 52.3436 83.19800000000001
307250.0 52.426899999999996 52.364799999999995 83.2315
307500.0000000001 52.45300000000001 52.38600000000001 83.26500000000001
307750.00000000006 52.47910000000001 52.4072 83.2985
308000.0 52.5052 52.428399999999996 83.33200000000001
308249.99999999994 52.531299999999995 52.4496 83.3655
308500.00000000006 52.55740000000001 52.470800000000004 83.39900000000002
308750.00000000006 52.58350000000001 52.492000000000004 83.4325
309000.0 52.6096 52.5132 83.46600000000001
309249.99999999994 52.63569999999999 52.53439999999999 83.4995
309500.00000000006 52.66180000000001 52.555600000000005 83.53300000000002
309750.0 52.687900000000006 52.5768 83.5665
309999.99999999994 52.714 52.598 83.6
310250.0000000001 52.74010000000001 52.619200000000006 83.63350000000001
310500.00000000006 52.766200000000005 52.6404 83.667
310750.0 52.7923 52.6616 83.7005
310999.99999999994 52.8184 52.68279999999999 83.734
311250.00000000006 52.84450000000001 52.70400000000001 83.76750000000001
311500.0 52.8706 52.7252 83.801
311750.0 52.896699999999996 52.746399999999994 83.8345
312000.0000000001 52.92280000000001 52.76760000000001 83.86800000000001
312250.00000000006 52.94890000000001 52.7888 83.90150000000001
312500.0 52.975 52.81 83.935
312749.99999999994 53.001099999999994 52.831199999999995 83.96849999999999
313000.00000000006 53.02720000000001 52.8524 84.00200000000001
313250.0 53.05330000000001 52.8736 84.0355
313500.0 53.0794 52.8948 84.069
313750.0000000001 53.10550000000001 52.91600000000001 84.10250000000002
314000.00000000006 53.131600000000006 52.937200000000004 84.13600000000001
314250.0 53.157700000000006 52.9584 84.1695
314499.99999999994 53.1838 52.9796 84.203
314750.00000000006 53.20990000000001 53.000800000000005 84.2365
315000.00000000006 53.236000000000004 53.022 84.27000000000001
315250.0 53.2621 53.0432 84.3035
315499.99999999994 53.288199999999996 53.06439999999999 84.33699999999999
315750.00000000006 53.31430000000001 53.08560000000001 84.3705
316000.0 53.3404 53.1068 84.404
316249.99999999994 53.366499999999995 53.12799999999999 84.4375
316500.0000000001 53.39260000000001 53.14920000000001 84.47100000000002
316750.00000000006 53.41870000000001 53.1704 84.50450000000001
317000.0 53.4448 53.191599999999994 84.538
317249.99999999994 53.47089999999999 53.212799999999994 84.5715
317500.00000000006 53.49700000000001 53.234 84.605
317750.0 53.52310000000001 53.2552 84.63850000000001
318000.0 53.5492 53.276399999999995 84.672
318250.0000000001 53.57530000000001 53.29760000000001 84.70550000000001
318500.00000000006 53.601400000000005 53.3188 84.739
318750.0 53.6275 53.339999999999996 84.77250000000001
318999.99999999994 53.6536 53.3612 84.806
319250.00000000006 53.67970000000001 53.382400000000004 84.83950000000002
319500.0 53.7058 53.4036 84.873
319750.0 53.731899999999996 53.4248 84.9065
320000.0000000001 53.75800000000001 53.446000000000005 84.94000000000001
320250.00000000006 53.78410000000001 53.467200000000005 84.9735
320500.0 53.8102 53.4884 85.007
320749.99999999994 53.836299999999994 53.50959999999999 85.0405
321000.00000000006 53.86240000000001 53.530800000000006 85.07400000000001
321250.00000000006 53.88850000000001 53.552 85.1075
321500.0 53.9146 53.5732 85.14099999999999
321749.99999999994 53.94069999999999 53.59439999999999 85.1745
322000.00000000006 53.966800000000006 53.6156 85.20800000000001
322250.0 53.992900000000006 53.6368 85.2415
322499.99999999994 54.019 53.657999999999994 85.27499999999999
322750.0000000001 54.04510000000001 53.67920000000001 85.30850000000001
323000.00000000006 54.071200000000005 53.7004 85.342
323250.0 54.097300000000004 53.721599999999995 85.3755
323499.99999999994 54.1234 53.742799999999995 85.40899999999999
323750.00000000006 54.14950000000001 53.764 85.44250000000001
324000.0 54.1756 53.785199999999996 85.476
324250.0 54.201699999999995 53.8064 85.5095
324500.0000000001 54.22780000000001 53.827600000000004 85.543
324750.00000000006 54.25390000000001 53.848800000000004 85.57650000000001
325000.0 54.28 53.87 85.61
325249.99999999994 54.306099999999994 53.892199999999995 85.6424
325500.00000000006 54.33220000000001 53.91440000000001 85.6748
325750.0 54.35830000000001 53.9366 85.7072
326000.0 54.3844 53.9588 85.7396
326250.0000000001 54.41050000000001 53.98100000000001 85.77200000000002
326500.00000000006 54.436600000000006 54.0032 85.8044
326750.0 54.462700000000005 54.0254 85.8368
326999.99999999994 54.4888 54.047599999999996 85.86919999999999
327250.00000000006 54.51490000000001 54.06980000000001 85.90160000000002
327500.00000000006 54.541000000000004 54.092 85.934
327750.0 54.567099999999996 54.1142 85.9664
327999.99999999994 54.593199999999996 54.136399999999995 85.99879999999999
328250.00000000006 54.61930000000001 54.15860000000001 86.03120000000001
328500.0 54.6454 54.1808 86.0636
328749.99999999994 54.671499999999995 54.202999999999996 86.09599999999999
329000.0000000001 54.69760000000001 54.22520000000001 86.12840000000001
329250.00000000006 54.72370000000001 54.2474 86.16080000000001
329500.0 54.7498 54.2696 86.1932
329749.99999999994 54.77589999999999 54.291799999999995 86.22559999999999
330000.00000000006 54.80200000000001 54.31400000000001 86.25800000000001
330250.0 54.828100000000006 54.3362 86.2904
330500.0 54.8542 54.358399999999996 86.3228
330750.0000000001 54.88030000000001 54.38060000000001 86.35520000000001
331000.00000000006 54.906400000000005 54.402800000000006 86.3876
331250.0 54.932500000000005 54.425 86.42
331499.99999999994 54.9586 54.447199999999995 86.4524
331750.00000000006 54.98470000000001 54.46940000000001 86.4848
332000.0 55.0108 54.4916 86.5172
332250.0 55.036899999999996 54.513799999999996 86.5496
332500.0000000001 55.06300000000001 54.53600000000001 86.58200000000001
332750.00000000006 55.08910000000001 54.55820000000001 86.6144
333000.0 55.1152 54.5804 86.6468
333249.99999999994 55.141299999999994 54.602599999999995 86.6792
333500.00000000006 55.16740000000001 54.62480000000001 86.7116
333750.00000000006 55.19350000000001 54.647000000000006 86.744
334000.0 55.2196 54.6692 86.7764
334249.99999999994 55.24569999999999 54.691399999999994 86.80879999999999
334500.00000000006 55.271800000000006 54.71360000000001 86.8412
334750.0 55.297900000000006 54.7358 86.8736
334999.99999999994 55.324 54.757999999999996 86.90599999999999
335250.0000000001 55.35010000000001 54.78020000000001 86.93840000000002
335500.00000000006 55.376200000000004 54.802400000000006 86.9708
335750.0 55.4023 54.8246 87.00319999999999
335999.99999999994 55.428399999999996 54.846799999999995 87.03559999999999
336250.00000000006 55.45450000000001 54.86900000000001 87.06800000000001
336500.0 55.4806 54.891200000000005 87.1004
336750.0 55.506699999999995 54.913399999999996 87.13279999999999
337000.0000000001 55.53280000000001 54.93560000000001 87.16520000000001
337250.00000000006 55.55890000000001 54.957800000000006 87.19760000000001
337500.0 55.585 54.980000000000004 87.22999999999999
337749.99999999994 55.61109999999999 55.002199999999995 87.26239999999999
338000.00000000006 55.63720000000001 55.02440000000001 87.29480000000001
338250.0 55.66330000000001 55.046600000000005 87.3272
338500.0 55.6894 55.068799999999996 87.3596
338750.0000000001 55.71550000000001 55.09100000000001 87.39200000000001
339000.00000000006 55.741600000000005 55.113200000000006 87.4244
339250.0 55.767700000000005 55.135400000000004 87.4568
339499.99999999994 55.7938 55.157599999999995 87.4892
339750.00000000006 55.81990000000001 55.17980000000001 87.5216
340000.00000000006 55.846000000000004 55.202000000000005 87.554
340250.0 55.872099999999996 55.224199999999996 87.5864
340499.99999999994 55.898199999999996 55.246399999999994 87.6188
340750.00000000006 55.92430000000001 55.268600000000006 87.6512
341000.0 55.9504 55.290800000000004 87.6836
341249.99999999994 55.976499999999994 55.312999999999995 87.716
341500.0000000001 56.00260000000001 55.33520000000001 87.7484
341750.00000000006 56.02870000000001 55.357400000000005 87.7808
342000.0 56.0548 55.3796 87.8132
342249.99999999994 56.08089999999999 55.401799999999994 87.84559999999999
342500.00000000006 56.107000000000006 55.42400000000001 87.878
342750.0 56.133100000000006 55.446200000000005 87.9104
343000.0 56.1592 55.4684 87.94279999999999
343250.0000000001 56.18530000000001 55.49060000000001 87.97520000000002
343500.00000000006 56.211400000000005 55.512800000000006 88.0076
343750.0 56.2375 55.535000000000004 88.03999999999999
343999.99999999994 56.2636 55.557199999999995 88.07239999999999
344250.00000000006 56.28970000000001 55.57940000000001 88.10480000000001
344500.0 56.3158 55.601600000000005 88.13719999999999
344750.0 56.341899999999995 55.6238 88.16959999999999
345000.0000000001 56.36800000000001 55.646000000000015 88.20200000000001
345250.00000000006 56.39410000000001 55.668200000000006 88.23440000000001
345500.0 56.4202 55.690400000000004 88.26679999999999
345749.99999999994 56.446299999999994 55.7126 88.29919999999998
346000.00000000006 56.47240000000001 55.73480000000001 88.33160000000001
346250.00000000006 56.49850000000001 55.757000000000005 88.364
346500.0 56.5246 55.7792 88.3964
346749.99999999994 56.55069999999999 55.801399999999994 88.42879999999998
347000.00000000006 56.576800000000006 55.823600000000006 88.4612
347250.0 56.602900000000005 55.845800000000004 88.4936
347499.99999999994 56.629 55.868 88.526
347750.0000000001 56.65510000000001 55.890200000000014 88.5584
348000.00000000006 56.681200000000004 55.912400000000005 88.5908
348250.0 56.707300000000004 55.9346 88.6232
348499.99999999994 56.733399999999996 55.9568 88.65559999999999
348750.00000000006 56.75950000000001 55.979000000000006 88.688
349000.0 56.7856 56.001200000000004 88.7204
349250.0 56.811699999999995 56.0234 88.7528
349500.0000000001 56.83780000000001 56.045600000000015 88.7852
349750.00000000006 56.86390000000001 56.067800000000005 88.8176
350000.0 56.89 56.09 88.85
350249.99999999994 56.916 56.113099999999996 88.88109999999999
350500.00000000006 56.94200000000001 56.13620000000001 88.9122
350750.0 56.968 56.15930000000001 88.9433
351000.0 56.994 56.1824 88.97439999999999
351250.0000000001 57.02000000000001 56.205500000000015 89.00550000000001
351500.00000000006 57.04600000000001 56.22860000000001 89.0366
351750.0 57.072 56.25170000000001 89.0677
351999.99999999994 57.098 56.2748 89.09879999999998
352250.00000000006 57.12400000000001 56.29790000000001 89.1299
352500.00000000006 57.150000000000006 56.321000000000005 89.161
352750.0 57.176 56.344100000000005 89.1921
352999.99999999994 57.20199999999999 56.3672 89.22319999999999
353250.00000000006 57.22800000000001 56.39030000000001 89.2543
353500.0 57.254000000000005 56.4134 89.2854
353749.99999999994 57.279999999999994 56.4365 89.31649999999999
354000.0000000001 57.30600000000001 56.45960000000001 89.3476
354250.00000000006 57.33200000000001 56.48270000000001 89.3787
354500.0 57.358 56.5058 89.40979999999999
354749.99999999994 57.38399999999999 56.5289 89.44089999999998
355000.00000000006 57.41000000000001 56.55200000000001 89.47200000000001
355250.0 57.436 56.575100000000006 89.5031
355500.0 57.461999999999996 56.5982 89.53419999999998
355750.0000000001 57.488000000000014 56.62130000000001 89.56530000000001
356000.00000000006 57.514 56.644400000000005 89.5964
356250.0 57.54 56.667500000000004 89.6275
356499.99999999994 57.565999999999995 56.690599999999996 89.65859999999999
356750.00000000006 57.592000000000006 56.71370000000001 89.6897
357000.0 57.618 56.7368 89.7208
357250.0 57.644 56.7599 89.75189999999999
357500.0000000001 57.67000000000001 56.78300000000001 89.783
357750.00000000006 57.696000000000005 56.80610000000001 89.8141
358000.0 57.722 56.8292 89.84519999999999
358249.99999999994 57.748 56.8523 89.87629999999999
358500.00000000006 57.77400000000001 56.875400000000006 89.90740000000001
358750.00000000006 57.800000000000004 56.898500000000006 89.9385
359000.0 57.826 56.9216 89.96959999999999
359249.99999999994 57.852 56.9447 90.00069999999998
359500.00000000006 57.87800000000001 56.967800000000004 90.0318
359750.0 57.904 56.9909 90.0629
359999.99999999994 57.93 57.013999999999996 90.094
360250.0000000001 57.95600000000001 57.03710000000001 90.1251
360500.00000000006 57.982000000000006 57.06020000000001 90.1562
360750.0 58.008 57.0833 90.1873
360999.99999999994 58.03399999999999 57.106399999999994 90.21839999999999
361250.00000000006 58.06000000000001 57.12950000000001 90.2495
361500.0 58.086000000000006 57.15260000000001 90.28059999999999
361750.0 58.111999999999995 57.1757 90.31169999999999
362000.0000000001 58.13800000000001 57.19880000000001 90.34280000000001
362250.00000000006 58.16400000000001 57.221900000000005 90.3739
362500.0 58.19 57.245000000000005 90.405
362749.99999999994 58.215999999999994 57.2681 90.43609999999998
363000.00000000006 58.24200000000001 57.29120000000001 90.4672
363250.0 58.268 57.3143 90.4983
363500.0 58.294 57.3374 90.5294
363750.0000000001 58.320000000000014 57.36050000000001 90.5605
364000.00000000006 58.346000000000004 57.38360000000001 90.5916
364250.0 58.372 57.4067 90.6227
364499.99999999994 58.397999999999996 57.4298 90.65379999999999
364750.00000000006 58.424000000000014 57.45290000000001 90.6849
365000.00000000006 58.45 57.476000000000006 90.716
365250.0 58.476 57.4991 90.74709999999999
365499.99999999994 58.501999999999995 57.5222 90.77819999999998
365750.00000000006 58.528000000000006 57.545300000000005 90.80930000000001
366000.0 58.554 57.568400000000004 90.8404
366249.99999999994 58.58 57.591499999999996 90.87149999999998
366500.0000000001 58.60600000000001 57.61460000000001 90.9026
366750.00000000006 58.632000000000005 57.6377 90.9337
367000.0 58.658 57.6608 90.9648
367249.99999999994 58.684 57.683899999999994 90.99589999999999
367500.00000000006 58.71000000000001 57.70700000000001 91.027
367750.0 58.736000000000004 57.7301 91.0581
368000.0 58.762 57.7532 91.08919999999999
368250.0000000001 58.78800000000001 57.776300000000006 91.1203
368500.00000000006 58.81400000000001 57.799400000000006 91.1514
368750.0 58.84 57.8225 91.18249999999999
368999.99999999994 58.866 57.8456 91.21359999999999
369250.00000000006 58.89200000000001 57.868700000000004 91.24470000000001
369500.0 58.918000000000006 57.8918 91.2758
369750.0 58.944 57.914899999999996 91.30689999999998
370000.0000000001 58.97000000000001 57.93800000000001 91.33800000000001
370250.00000000006 58.99600000000001 57.9611 91.3691
370500.0 59.022000000000006 57.9842 91.4002
370749.99999999994 59.047999999999995 58.007299999999994 91.4313
371000.00000000006 59.07400000000001 58.03040000000001 91.4624
371250.00000000006 59.10000000000001 58.0535 91.4935
371500.0 59.126 58.0766 91.52459999999999
371749.99999999994 59.151999999999994 58.09969999999999 91.55569999999999
372000.00000000006 59.17800000000001 58.122800000000005 91.5868
372250.0 59.204 58.1459 91.61789999999999
372499.99999999994 59.23 58.169 91.64899999999999
372750.0000000001 59.256000000000014 58.19210000000001 91.68010000000001
373000.00000000006 59.282000000000004 58.2152 91.7112
373250.0 59.308 58.238299999999995 91.7423
373499.99999999994 59.333999999999996 58.261399999999995 91.77339999999998
373750.00000000006 59.36000000000001 58.28450000000001 91.8045
374000.0 59.386 58.3076 91.8356
374250.0 59.412 58.33069999999999 91.8667
374500.0000000001 59.43800000000001 58.35380000000001 91.8978
374750.00000000006 59.464000000000006 58.376900000000006 91.9289
375000.0 59.49 58.4 91.96
375249.99999999994 59.5158 58.42379999999999 92.00219999999999
375500.00000000006 59.54160000000001 58.44760000000001 92.04440000000001
375750.0 59.567400000000006 58.4714 92.0866
376000.0 59.5932 58.4952 92.12879999999998
376250.0000000001 59.619000000000014 58.519000000000005 92.171
376500.00000000006 59.64480000000001 58.54280000000001 92.2132
376750.0 59.6706 58.5666 92.2554
376999.99999999994 59.6964 58.590399999999995 92.29759999999999
377250.00000000006 59.72220000000001 58.614200000000004 92.33980000000001
377500.00000000006 59.748000000000005 58.638000000000005 92.382
377750.0 59.7738 58.6618 92.4242
377999.99999999994 59.7996 58.685599999999994 92.46639999999998
378250.00000000006 59.82540000000001 58.7094 92.5086
378500.0 59.851200000000006 58.733200000000004 92.5508
378749.99999999994 59.876999999999995 58.757 92.59299999999999
379000.0000000001 59.90280000000001 58.780800000000006 92.63520000000001
379250.00000000006 59.9286 58.8046 92.6774
379500.0 59.9544 58.828399999999995 92.7196
379749.99999999994 59.980199999999996 58.852199999999996 92.76179999999998
380000.00000000006 60.00600000000001 58.876000000000005 92.804
380250.0 60.031800000000004 58.8998 92.8462
380500.0 60.0576 58.92359999999999 92.88839999999999
380750.0000000001 60.08340000000001 58.94740000000001 92.93060000000001
381000.00000000006 60.10920000000001 58.9712 92.9728
381250.0 60.135000000000005 58.995 93.015
381499.99999999994 60.160799999999995 59.01879999999999 93.0572
381750.00000000006 60.18660000000001 59.04260000000001 93.09940000000002
382000.0 60.2124 59.0664 93.1416
382250.0 60.2382 59.090199999999996 93.18379999999999
382500.0000000001 60.26400000000001 59.11400000000001 93.22600000000001
382750.00000000006 60.28980000000001 59.137800000000006 93.26820000000001
383000.0 60.3156 59.1616 93.3104
383249.99999999994 60.3414 59.185399999999994 93.3526
383500.00000000006 60.36720000000001 59.20920000000001 93.39480000000002
383750.00000000006 60.39300000000001 59.233000000000004 93.437
384000.0 60.4188 59.2568 93.47919999999999
384249.99999999994 60.444599999999994 59.28059999999999 93.52139999999999
384500.00000000006 60.470400000000005 59.30440000000001 93.56360000000001
384750.0 60.4962 59.3282 93.6058
384999.99999999994 60.522 59.352 93.648
385250.0000000001 60.54780000000001 59.375800000000005 93.69020000000002
385500.00000000006 60.573600000000006 59.39960000000001 93.73240000000001
385750.0 60.5994 59.4234 93.77459999999999
385999.99999999994 60.62519999999999 59.447199999999995 93.81679999999999
386250.00000000006 60.65100000000001 59.471000000000004 93.85900000000001
386500.0 60.6768 59.494800000000005 93.9012
386750.0 60.7026 59.5186 93.9434
387000.0000000001 60.728400000000015 59.54240000000001 93.98560000000002
387250.00000000006 60.754200000000004 59.5662 94.02780000000001
387500.0 60.78 59.59 94.07
387749.99999999994 60.8058 59.6138 94.11219999999999
388000.00000000006 60.83160000000001 59.637600000000006 94.15440000000001
388250.0 60.857400000000005 59.6614 94.1966
388500.0 60.8832 59.685199999999995 94.2388
388750.0000000001 60.90900000000001 59.70900000000001 94.28100000000002
389000.00000000006 60.93480000000001 59.732800000000005 94.32320000000001
389250.0 60.9606 59.7566 94.36540000000001
389499.99999999994 60.986399999999996 59.78039999999999 94.40759999999999
389750.00000000006 61.01220000000001 59.80420000000001 94.44980000000001
390000.00000000006 61.038000000000004 59.828 94.492
390250.0 61.0638 59.8518 94.5342
390499.99999999994 61.0896 59.87559999999999 94.57639999999999
390750.00000000006 61.11540000000001 59.89940000000001 94.61860000000001
391000.0 61.141200000000005 59.9232 94.66080000000001
391249.99999999994 61.166999999999994 59.946999999999996 94.703
391500.0000000001 61.19280000000001 59.97080000000001 94.74520000000001
391750.00000000006 61.2186 59.994600000000005 94.7874
392000.0 61.2444 60.0184 94.8296
392249.99999999994 61.270199999999996 60.042199999999994 94.8718
392500.00000000006 61.29600000000001 60.06600000000001 94.91400000000002
392750.0 61.3218 60.089800000000004 94.95620000000001
393000.0 61.3476 60.1136 94.9984
393250.0000000001 61.37340000000001 60.13740000000001 95.04060000000003
393500.00000000006 61.39920000000001 60.16120000000001 95.0828
393750.0 61.425 60.185 95.125
393999.99999999994 61.450799999999994 60.2088 95.1672
394250.00000000006 61.47660000000001 60.232600000000005 95.20940000000002
394500.0 61.5024 60.256400000000006 95.25160000000001
394750.0 61.5282 60.2802 95.2938
395000.0000000001 61.55400000000001 60.30400000000001 95.33600000000003
395250.00000000006 61.579800000000006 60.3278 95.37820000000002
395500.0 61.6056 60.351600000000005 95.4204
395749.99999999994 61.6314 60.3754 95.4626
396000.00000000006 61.65720000000001 60.39920000000001 95.50480000000002
396250.00000000006 61.68300000000001 60.423 95.54700000000001
396500.0 61.7088 60.446799999999996 95.5892
396749.99999999994 61.73459999999999 60.4706 95.6314
397000.00000000006 61.760400000000004 60.494400000000006 95.67360000000002
397250.0 61.7862 60.5182 95.7158
397499.99999999994 61.812 60.541999999999994 95.758
397750.0000000001 61.83780000000001 60.56580000000001 95.80020000000002
398000.00000000006 61.863600000000005 60.589600000000004 95.84240000000001
398250.0 61.8894 60.6134 95.8846
398499.99999999994 61.91519999999999 60.63719999999999 95.9268
398750.00000000006 61.94100000000001 60.66100000000001 95.96900000000002
399000.0 61.966800000000006 60.6848 96.01120000000002
399250.0 61.992599999999996 60.7086 96.0534
399500.0000000001 62.018400000000014 60.73240000000001 96.09560000000002
399750.00000000006 62.044200000000004 60.75620000000001 96.13780000000001
400000.0 62.07 60.78 96.18
400499.9999999999 62.12139999999999 60.82949999999999 96.31319999999998
401000.0000000002 62.17280000000002 60.87900000000002 96.44640000000005
401500.00000000006 62.2242 60.92850000000001 96.57960000000003
401999.99999999994 62.2756 60.977999999999994 96.7128
402500.00000000023 62.32700000000002 61.027500000000025 96.84600000000006
403000.0000000001 62.37840000000001 61.07700000000001 96.97920000000003
403500.0 62.4298 61.1265 97.11240000000001
403999.99999999994 62.481199999999994 61.175999999999995 97.24559999999998
404500.0000000002 62.532600000000016 61.22550000000002 97.37880000000006
405000.00000000006 62.58400000000001 61.275000000000006 97.51200000000003
405500.0 62.6354 61.3245 97.6452
405999.9999999999 62.686799999999984 61.37399999999999 97.77839999999998
406500.0000000001 62.73820000000001 61.42350000000001 97.91160000000004
407000.0 62.7896 61.473000000000006 98.04480000000001
407499.99999999994 62.840999999999994 61.522499999999994 98.17799999999998
408000.0000000002 62.892400000000016 61.57200000000002 98.31120000000006
408500.00000000006 62.94380000000001 61.62150000000001 98.44440000000003
409000.0 62.9952 61.671 98.5776
409499.9999999999 63.046599999999984 61.72049999999999 98.71079999999998
410000.0000000001 63.09800000000001 61.77000000000002 98.84400000000004
410500.00000000006 63.1494 61.819500000000005 98.97720000000001
410999.99999999994 63.200799999999994 61.869 99.11039999999998
411500.0000000002 63.252200000000016 61.91850000000002 99.24360000000006
412000.0000000001 63.30360000000001 61.96800000000001 99.37680000000003
412500.0 63.355 62.0175 99.51
412999.9999999999 63.40639999999999 62.06699999999999 99.64319999999998
413500.0000000002 63.45780000000001 62.116500000000016 99.77640000000005
414000.00000000006 63.50920000000001 62.16600000000001 99.90960000000003
414499.99999999994 63.560599999999994 62.2155 100.0428
415000.00000000023 63.61200000000002 62.26500000000002 100.17600000000006
415500.0000000001 63.66340000000001 62.31450000000002 100.30920000000003
416000.0 63.7148 62.364000000000004 100.4424
416499.99999999994 63.76619999999999 62.41349999999999 100.57559999999998
417000.0000000002 63.81760000000001 62.46300000000002 100.70880000000005
417500.00000000006 63.86900000000001 62.51250000000001 100.84200000000003
418000.0 63.920399999999994 62.562 100.9752
418499.9999999999 63.97179999999999 62.61149999999999 101.10839999999997
419000.0000000001 64.02320000000002 62.661000000000016 101.24160000000003
419500.0 64.0746 62.7105 101.37480000000001
419999.99999999994 64.12599999999999 62.76 101.50799999999998
420500.0000000002 64.17740000000002 62.80950000000002 101.64120000000005
421000.00000000006 64.2288 62.85900000000001 101.77440000000003
421500.0 64.2802 62.908500000000004 101.9076
421999.9999999999 64.33159999999998 62.95799999999999 102.04079999999998
422500.0000000001 64.38300000000001 63.007500000000014 102.17400000000004
423000.00000000006 64.4344 63.05700000000001 102.30720000000001
423499.99999999994 64.4858 63.1065 102.44039999999998
424000.0000000002 64.53720000000001 63.15600000000002 102.57360000000006
424500.0000000001 64.58860000000001 63.205500000000015 102.70680000000003
425000.0 64.64 63.255 102.84
425499.9999999999 64.69139999999999 63.30449999999999 102.97319999999998
426000.0000000002 64.74280000000002 63.35400000000002 103.10640000000005
426500.00000000006 64.7942 63.40350000000001 103.23960000000002
426999.99999999994 64.84559999999999 63.452999999999996 103.3728
427500.00000000023 64.89700000000002 63.502500000000026 103.50600000000006
428000.0000000001 64.9484 63.552000000000014 103.63920000000003
428500.0 64.9998 63.6015 103.7724
428999.99999999994 65.0512 63.650999999999996 103.90559999999998
429500.0000000002 65.10260000000001 63.70050000000002 104.03880000000005
430000.00000000006 65.154 63.75000000000001 104.17200000000003
430500.0 65.2054 63.7995 104.3052
430999.9999999999 65.25679999999998 63.84899999999999 104.43839999999997
431500.0000000001 65.30820000000001 63.89850000000001 104.57160000000003
432000.0 65.3596 63.94800000000001 104.7048
432499.99999999994 65.41099999999999 63.997499999999995 104.83799999999998
433000.0000000002 65.46240000000002 64.04700000000003 104.97120000000005
433500.0000000001 65.5138 64.0965 105.10440000000003
434000.0 65.56519999999999 64.146 105.2376
434499.9999999999 65.61659999999998 64.1955 105.37079999999997
435000.0000000001 65.668 64.24500000000002 105.50400000000005
435500.00000000006 65.7194 64.29450000000001 105.6372
435999.99999999994 65.7708 64.344 105.77039999999998
436500.0000000002 65.82220000000001 64.39350000000002 105.90360000000005
437000.0000000001 65.87360000000001 64.44300000000001 106.03680000000003
437500.0 65.925 64.4925 106.17
437999.9999999999 65.97639999999998 64.54199999999999 106.30319999999998
438500.0000000002 66.02780000000001 64.59150000000002 106.43640000000005
439000.00000000006 66.0792 64.641 106.56960000000002
439499.99999999994 66.13059999999999 64.6905 106.7028
440000.00000000023 66.18200000000002 64.74000000000002 106.83600000000006
440500.0000000001 66.2334 64.78950000000002 106.96920000000003
441000.0 66.28479999999999 64.839 107.1024
441499.9999999999 66.33619999999999 64.8885 107.23559999999998
442000.0000000002 66.3876 64.93800000000002 107.36880000000005
442500.00000000006 66.43900000000001 64.98750000000001 107.50200000000002
443000.0 66.4904 65.037 107.6352
443499.9999999999 66.54179999999998 65.08649999999999 107.76839999999997
444000.0000000001 66.59320000000001 65.13600000000001 107.90160000000003
444500.0 66.6446 65.1855 108.0348
444999.99999999994 66.69599999999998 65.235 108.16799999999998
445500.0000000002 66.74740000000001 65.28450000000002 108.30120000000005
446000.0000000001 66.7988 65.33400000000002 108.43440000000002
446500.0 66.85019999999999 65.3835 108.5676
446999.9999999999 66.90159999999999 65.43299999999999 108.70079999999997
447500.0000000001 66.953 65.48250000000002 108.83400000000003
448000.00000000006 67.0044 65.53200000000001 108.96720000000002
448499.99999999994 67.05579999999999 65.5815 109.10039999999998
449000.0000000002 67.10720000000002 65.63100000000003 109.23360000000005
449500.0000000001 67.1586 65.68050000000001 109.36680000000003
450000.0 67.21 65.73 109.5
450499.9999999999 67.26069999999999 65.78129999999999 109.59699999999998
451000.0000000002 67.3114 65.83260000000001 109.69400000000003
451500.00000000006 67.3621 65.88390000000001 109.79100000000001
451999.99999999994 67.41279999999999 65.9352 109.88799999999999
452500.00000000023 67.46350000000001 65.98650000000002 109.98500000000004
453000.0000000001 67.5142 66.03780000000002 110.08200000000002
453500.0 67.5649 66.0891 110.179
453999.99999999994 67.61559999999999 66.1404 110.27599999999998
454500.0000000002 67.6663 66.19170000000003 110.37300000000003
455000.00000000006 67.717 66.24300000000001 110.47000000000001
455500.0 67.76769999999999 66.2943 110.567
455999.9999999999 67.81839999999998 66.34559999999999 110.66399999999997
456500.0000000001 67.8691 66.39690000000002 110.76100000000002
457000.0 67.9198 66.4482 110.858
457499.99999999994 67.97049999999999 66.4995 110.95499999999998
458000.0000000002 68.02120000000001 66.55080000000002 111.05200000000004
458500.00000000006 68.0719 66.60210000000001 111.14900000000002
459000.0 68.12259999999999 66.6534 111.246
459499.9999999999 68.17329999999998 66.70469999999999 111.34299999999998
460000.0000000001 68.224 66.75600000000001 111.44000000000003
460500.00000000006 68.2747 66.80730000000001 111.537
460999.99999999994 68.32539999999999 66.8586 111.63399999999999
461500.0000000002 68.37610000000002 66.90990000000002 111.73100000000004
462000.0000000001 68.4268 66.96120000000002 111.82800000000002
462500.0 68.47749999999999 67.0125 111.925
462999.9999999999 68.52819999999998 67.06379999999999 112.02199999999998
463500.0000000002 68.5789 67.11510000000001 112.11900000000003
464000.00000000006 68.6296 67.16640000000001 112.21600000000001
464499.99999999994 68.68029999999999 67.2177 112.31299999999999
465000.00000000023 68.73100000000002 67.26900000000002 112.41000000000004
465500.0000000001 68.7817 67.32030000000002 112.50700000000002
466000.0 68.83239999999999 67.3716 112.604
466499.99999999994 68.88309999999998 67.4229 112.70099999999998
467000.0000000002 68.93380000000002 67.47420000000002 112.79800000000003
467500.00000000006 68.9845 67.52550000000001 112.89500000000001
468000.0 69.03519999999999 67.5768 112.99199999999999
468499.9999999999 69.08589999999998 67.62809999999999 113.08899999999997
469000.0000000001 69.13660000000002 67.67940000000002 113.18600000000002
469500.0 69.1873 67.7307 113.283
469999.99999999994 69.23799999999999 67.782 113.37999999999998
470500.0000000002 69.28870000000002 67.83330000000002 113.47700000000003
471000.00000000006 69.33940000000001 67.8846 113.57400000000001
471500.0 69.39009999999999 67.9359 113.67099999999999
471999.9999999999 69.44079999999998 67.98719999999999 113.76799999999997
472500.0000000001 69.49150000000002 68.03850000000001 113.86500000000002
473000.00000000006 69.54220000000001 68.08980000000001 113.962
473499.99999999994 69.59289999999999 68.1411 114.059
474000.0000000002 69.64360000000002 68.19240000000002 114.15600000000003
474500.0000000001 69.69430000000001 68.24370000000002 114.25300000000001
475000.0 69.745 68.295 114.35
475499.9999999999 69.79569999999998 68.34629999999999 114.44699999999999
476000.0000000002 69.84640000000002 68.39760000000001 114.54400000000003
476500.00000000006 69.89710000000001 68.44890000000001 114.64100000000002
476999.99999999994 69.94779999999999 68.50019999999999 114.738
477500.00000000023 69.99850000000002 68.55150000000002 114.83500000000004
478000.0000000001 70.04920000000001 68.60280000000002 114.93200000000002
478500.0 70.0999 68.6541 115.02900000000001
478999.99999999994 70.15059999999998 68.7054 115.12599999999999
479500.0000000002 70.20130000000002 68.75670000000002 115.22300000000004
480000.00000000006 70.25200000000001 68.808 115.32000000000002
480500.0 70.3027 68.8593 115.417
480999.9999999999 70.35339999999998 68.91059999999999 115.51399999999998
481500.0000000001 70.40410000000001 68.96190000000001 115.61100000000003
482000.0 70.4548 69.0132 115.70800000000001
482499.99999999994 70.5055 69.0645 115.80499999999999
483000.0000000002 70.55620000000002 69.11580000000002 115.90200000000004
483500.0000000001 70.60690000000001 69.1671 115.99900000000002
484000.0 70.6576 69.2184 116.096
484499.9999999999 70.7083 69.26969999999999 116.19299999999998
485000.0000000001 70.75900000000001 69.32100000000001 116.29000000000003
485500.00000000006 70.8097 69.37230000000001 116.38700000000001
485999.99999999994 70.8604 69.4236 116.484
486500.0000000002 70.91110000000002 69.47490000000002 116.58100000000005
487000.0000000001 70.96180000000001 69.52620000000002 116.67800000000003
487500.0 71.0125 69.5775 116.775
487999.9999999999 71.0632 69.62879999999998 116.87199999999999
488500.0000000002 71.11390000000002 69.68010000000001 116.96900000000004
489000.00000000006 71.16460000000001 69.73140000000001 117.06600000000002
489499.99999999994 71.2153 69.78269999999999 117.163
490000.00000000023 71.26600000000002 69.83400000000002 117.26000000000005
490500.0000000001 71.31670000000001 69.88530000000002 117.35700000000003
491000.0 71.3674 69.9366 117.45400000000001
491499.9999999999 71.4181 69.9879 117.55099999999999
492000.0000000002 71.46880000000002 70.03920000000002 117.64800000000004
492500.00000000006 71.51950000000001 70.0905 117.74500000000002
493000.0 71.5702 70.1418 117.842
493499.9999999999 71.62089999999999 70.19309999999999 117.93899999999998
494000.0000000001 71.67160000000001 70.24440000000001 118.03600000000003
494500.0 71.7223 70.2957 118.13300000000001
494999.99999999994 71.773 70.347 118.22999999999999
495500.0000000002 71.82370000000002 70.39830000000002 118.32700000000004
496000.0000000001 71.87440000000001 70.4496 118.42400000000002
496500.0 71.9251 70.5009 118.521
496999.9999999999 71.97579999999999 70.55219999999998 118.61799999999998
497500.0000000001 72.02650000000001 70.60350000000001 118.71500000000003
498000.00000000006 72.0772 70.65480000000001 118.81200000000001
498499.99999999994 72.1279 70.70609999999999 118.90899999999999
499000.0000000002 72.17860000000002 70.75740000000002 119.00600000000004
499500.0000000001 72.22930000000001 70.80870000000002 119.10300000000002
500000.0 72.28 70.86 119.2
500499.9999999999 72.3299 70.91259999999998 119.27299999999998
501000.0000000002 72.37980000000002 70.96520000000001 119.34600000000003
501500.00000000006 72.42970000000001 71.01780000000001 119.41900000000001
501999.99999999994 72.47959999999999 71.07039999999999 119.49199999999999
502500.00000000023 72.52950000000003 71.12300000000002 119.56500000000004
503000.0000000001 72.5794 71.17560000000002 119.63800000000002
503500.0 72.6293 71.2282 119.711
503999.99999999994 72.6792 71.28079999999999 119.78399999999999
504500.0000000002 72.72910000000002 71.33340000000001 119.85700000000003
505000.00000000006 72.77900000000001 71.38600000000001 119.93
505500.0 72.8289 71.4386 120.003
505999.9999999999 72.87879999999998 71.49119999999999 120.07599999999998
506500.0000000001 72.9287 71.54380000000002 120.14900000000002
507000.0 72.9786 71.5964 120.22200000000001
507499.99999999994 73.0285 71.64899999999999 120.29499999999999
508000.0000000002 73.07840000000002 71.70160000000001 120.36800000000002
508500.00000000006 73.12830000000001 71.75420000000001 120.44100000000002
509000.0 73.1782 71.8068 120.514
509499.9999999999 73.22809999999998 71.8594 120.58699999999999
510000.0000000001 73.27800000000002 71.91200000000002 120.66000000000003
510500.00000000006 73.3279 71.9646 120.733
510999.99999999994 73.3778 72.01719999999999 120.806
511500.0000000002 73.42770000000002 72.06980000000001 120.87900000000003
512000.0000000001 73.47760000000001 72.12240000000001 120.95200000000001
512500.0 73.5275 72.175 121.025
512999.9999999999 73.57739999999998 72.2276 121.09799999999998
513500.0000000002 73.62730000000002 72.28020000000002 121.17100000000002
514000.00000000006 73.6772 72.3328 121.24400000000001
514499.99999999994 73.7271 72.38539999999999 121.317
515000.00000000023 73.77700000000002 72.43800000000002 121.39000000000003
515500.0000000001 73.82690000000001 72.49060000000001 121.46300000000002
516000.0 73.8768 72.5432 121.536
516499.99999999994 73.9267 72.5958 121.609
517000.0000000002 73.97660000000002 72.64840000000002 121.68200000000003
517500.00000000006 74.02650000000001 72.70100000000001 121.75500000000001
518000.0 74.07639999999999 72.75359999999999 121.828
518499.9999999999 74.12629999999999 72.80619999999999 121.90099999999998
519000.0000000001 74.17620000000001 72.85880000000002 121.97400000000002
519500.0 74.2261 72.9114 122.04700000000001
519999.99999999994 74.276 72.964 122.11999999999999
520500.0000000002 74.32590000000002 73.01660000000003 122.19300000000003
521000.00000000006 74.37580000000001 73.06920000000001 122.26600000000002
521500.0 74.42569999999999 73.12180000000001 122.339
521999.9999999999 74.47559999999999 73.17439999999999 122.41199999999998
522500.0000000001 74.52550000000001 73.22700000000002 122.48500000000003
523000.00000000006 74.5754 73.2796 122.558
523499.99999999994 74.6253 73.3322 122.631
524000.0000000002 74.67520000000002 73.38480000000003 122.70400000000004
524500.0000000001 74.72510000000001 73.43740000000001 122.77700000000002
525000.0 74.775 73.49000000000001 122.85
525499.9999999999 74.82489999999999 73.5426 122.92299999999999
526000.0000000001 74.87480000000001 73.59520000000002 122.99600000000002
526500.0 74.9247 73.6478 123.06900000000002
527000.0 74.9746 73.7004 123.142
527500.0000000002 75.02450000000002 73.75300000000003 123.21500000000003
528000.0000000001 75.07440000000001 73.80560000000001 123.28800000000001
528500.0 75.1243 73.85820000000001 123.361
528999.9999999999 75.17419999999998 73.9108 123.43399999999998
529500.0000000001 75.22410000000002 73.96340000000002 123.50700000000003
530000.0000000001 75.274 74.016 123.58000000000001
530500.0 75.3239 74.0686 123.65299999999999
530999.9999999999 75.37379999999999 74.12119999999999 123.72599999999998
531500.0000000001 75.42370000000001 74.17380000000001 123.79900000000002
532000.0 75.4736 74.22640000000001 123.872
532499.9999999999 75.52349999999998 74.279 123.945
533000.0000000002 75.57340000000002 74.33160000000002 124.01800000000003
533500.0000000001 75.6233 74.3842 124.09100000000001
534000.0 75.6732 74.4368 124.164
534499.9999999999 75.72309999999999 74.48939999999999 124.23699999999998
535000.0000000001 75.77300000000001 74.54200000000002 124.31000000000002
535500.0 75.8229 74.59460000000001 124.38300000000001
536000.0 75.8728 74.6472 124.45599999999999
536500.0000000002 75.92270000000002 74.69980000000002 124.52900000000002
537000.0000000001 75.97260000000001 74.75240000000001 124.60200000000002
537500.0 76.0225 74.805 124.675
537999.9999999999 76.07239999999999 74.85759999999999 124.74799999999999
538500.0000000001 76.12230000000001 74.91020000000002 124.82100000000003
539000.0 76.1722 74.96280000000002 124.894
539500.0 76.2221 75.0154 124.967
540000.0000000002 76.27200000000002 75.06800000000003 125.04000000000003
540500.0000000001 76.32190000000001 75.12060000000001 125.11300000000001
541000.0 76.3718 75.17320000000001 125.186
541499.9999999999 76.42169999999999 75.22579999999999 125.25899999999999
542000.0000000001 76.47160000000001 75.27840000000002 125.33200000000002
542500.0000000001 76.5215 75.33100000000002 125.40500000000002
543000.0 76.5714 75.3836 125.478
543499.9999999999 76.62129999999999 75.43619999999999 125.55099999999999
544000.0000000001 76.67120000000001 75.48880000000001 125.62400000000002
544500.0 76.7211 75.54140000000001 125.697
544999.9999999999 76.77099999999999 75.594 125.77
545500.0000000002 76.82090000000001 75.64660000000002 125.84300000000003
546000.0000000001 76.8708 75.69920000000002 125.91600000000001
546500.0 76.9207 75.7518 125.989
546999.9999999999 76.97059999999999 75.80439999999999 126.06199999999998
547500.0000000001 77.02050000000001 75.85700000000001 126.13500000000002
548000.0 77.0704 75.90960000000001 126.20800000000001
548500.0 77.12029999999999 75.9622 126.28099999999999
549000.0000000002 77.17020000000002 76.01480000000002 126.35400000000003
549500.0000000001 77.2201 76.06740000000002 126.42700000000002
550000.0 77.27 76.12 126.5
550499.9999999999 77.31899999999999 76.1732 126.55499999999999
551000.0000000001 77.36800000000001 76.22640000000003 126.61000000000001
551500.0 77.417 76.27960000000002 126.665
552000.0 77.466 76.3328 126.72
552500.0000000002 77.51500000000001 76.38600000000002 126.77500000000002
553000.0000000001 77.56400000000001 76.43920000000001 126.83000000000001
553500.0 77.613 76.4924 126.885
553999.9999999999 77.66199999999999 76.5456 126.94
554500.0000000001 77.71100000000001 76.59880000000003 126.99500000000002
555000.0000000001 77.76 76.65200000000002 127.05000000000001
555500.0 77.809 76.7052 127.10499999999999
555999.9999999999 77.85799999999999 76.7584 127.15999999999998
556500.0000000001 77.90700000000001 76.81160000000001 127.21500000000002
557000.0 77.956 76.8648 127.27000000000001
557499.9999999999 78.005 76.91799999999999 127.32499999999999
558000.0000000002 78.05400000000002 76.97120000000002 127.38000000000002
558500.0000000001 78.10300000000001 77.02440000000001 127.435
559000.0 78.152 77.0776 127.49
559499.9999999999 78.20099999999998 77.1308 127.54499999999999
560000.0000000001 78.25000000000001 77.18400000000001 127.60000000000002
560500.0 78.299 77.2372 127.655
561000.0 78.34799999999998 77.29039999999999 127.71
561500.0000000002 78.39700000000002 77.34360000000002 127.76500000000001
562000.0000000001 78.44600000000001 77.39680000000001 127.82000000000001
562500.0 78.495 77.45 127.875
562999.9999999999 78.54399999999998 77.50319999999999 127.92999999999999
563500.0000000001 78.59300000000002 77.55640000000002 127.98500000000001
564000.0 78.64200000000001 77.60960000000001 128.04000000000002
564500.0 78.69099999999999 77.6628 128.095
565000.0000000002 78.74000000000002 77.71600000000002 128.15000000000003
565500.0000000001 78.78900000000002 77.76920000000001 128.205
566000.0 78.838 77.8224 128.26
566499.9999999999 78.88699999999999 77.87559999999999 128.315
567000.0000000001 78.93600000000002 77.92880000000002 128.37
567500.0000000001 78.985 77.98200000000001 128.425
568000.0 79.03399999999999 78.0352 128.48
568499.9999999999 79.08299999999998 78.0884 128.535
569000.0000000001 79.132 78.14160000000001 128.59
569500.0 79.181 78.1948 128.645
569999.9999999999 79.22999999999999 78.24799999999999 128.7
570500.0000000002 79.27900000000001 78.30120000000002 128.75500000000002
571000.0000000001 79.328 78.35440000000001 128.81
571500.0 79.377 78.4076 128.865
571999.9999999999 79.42599999999999 78.46079999999999 128.92
572500.0000000001 79.47500000000001 78.51400000000001 128.97500000000002
573000.0 79.524 78.5672 129.03
573500.0 79.573 78.62039999999999 129.08499999999998
574000.0000000002 79.62200000000001 78.67360000000002 129.14000000000001
574500.0000000001 79.671 78.72680000000001 129.19500000000002
575000.0 79.72 78.78 129.25
575499.9999999999 79.76899999999999 78.83319999999999 129.30499999999998
576000.0000000001 79.81800000000001 78.88640000000002 129.36
576500.0 79.867 78.93960000000001 129.41500000000002
577000.0 79.916 78.9928 129.47
577500.0000000002 79.96500000000002 79.04600000000002 129.52500000000003
578000.0000000001 80.01400000000001 79.09920000000001 129.58
578500.0 80.063 79.1524 129.635
578999.9999999999 80.112 79.20559999999999 129.69
579500.0000000001 80.16100000000002 79.25880000000002 129.745
580000.0000000001 80.21000000000001 79.31200000000001 129.8
580500.0 80.259 79.3652 129.855
580999.9999999999 80.30799999999999 79.41839999999999 129.91
581500.0000000001 80.35700000000001 79.47160000000001 129.965
582000.0 80.406 79.5248 130.02
582499.9999999999 80.455 79.57799999999999 130.075
583000.0000000002 80.50400000000002 79.63120000000002 130.13000000000002
583500.0000000001 80.55300000000001 79.68440000000001 130.185
584000.0 80.602 79.7376 130.24
584499.9999999999 80.65099999999998 79.79079999999999 130.295
585000.0000000001 80.70000000000002 79.84400000000001 130.35000000000002
585500.0 80.74900000000001 79.8972 130.405
586000.0 80.798 79.95039999999999 130.45999999999998
586500.0000000002 80.84700000000002 80.00360000000002 130.51500000000001
587000.0000000001 80.89600000000002 80.05680000000001 130.57000000000002
587500.0 80.945 80.11 130.625
587999.9999999999 80.99399999999999 80.16319999999999 130.67999999999998
588500.0000000001 81.04300000000002 80.21640000000002 130.735
589000.0 81.09200000000001 80.26960000000001 130.79000000000002
589500.0 81.14099999999999 80.3228 130.845
590000.0000000002 81.19000000000003 80.37600000000002 130.90000000000003
590500.0000000001 81.23900000000002 80.42920000000001 130.955
591000.0 81.288 80.4824 131.01
591499.9999999999 81.33699999999999 80.53559999999999 131.065
592000.0000000001 81.38600000000002 80.58880000000002 131.12
592500.0000000001 81.435 80.64200000000001 131.175
593000.0 81.484 80.6952 131.23
593499.9999999999 81.53299999999999 80.74839999999999 131.285
594000.0000000001 81.58200000000001 80.80160000000001 131.34
594500.0 81.631 80.8548 131.395
594999.9999999999 81.67999999999999 80.90799999999999 131.45
595500.0000000002 81.72900000000001 80.96120000000002 131.50500000000002
596000.0000000001 81.778 81.01440000000001 131.56
596500.0 81.827 81.0676 131.615
596999.9999999999 81.87599999999999 81.12079999999999 131.67
597500.0000000001 81.92500000000001 81.174 131.72500000000002
598000.0 81.974 81.2272 131.78
598500.0 82.023 81.28039999999999 131.83499999999998
599000.0000000002 82.07200000000002 81.33360000000002 131.89000000000001
599500.0000000001 82.12100000000001 81.38680000000001 131.94500000000002
600000.0 82.17 81.44 132.0
600499.9999999999 82.21789999999999 81.4934 132.04399999999998
601000.0000000001 82.26580000000001 81.54680000000002 132.08800000000002
601500.0 82.31370000000001 81.6002 132.132
602000.0 82.3616 81.6536 132.176
602500.0000000002 82.40950000000002 81.70700000000002 132.22000000000003
603000.0000000001 82.4574 81.7604 132.264
603500.0 82.5053 81.8138 132.308
603999.9999999999 82.55319999999999 81.86719999999998 132.352
604500.0000000001 82.60110000000002 81.92060000000002 132.39600000000002
605000.0000000001 82.649 81.974 132.44
605500.0 82.6969 82.0274 132.484
605999.9999999999 82.74479999999998 82.08079999999998 132.528
606500.0000000001 82.79270000000001 82.1342 132.572
607000.0 82.84060000000001 82.1876 132.616
607499.9999999999 82.8885 82.24099999999999 132.66
608000.0000000002 82.93640000000002 82.29440000000002 132.704
608500.0000000001 82.9843 82.3478 132.74800000000002
609000.0 83.0322 82.4012 132.792
609499.9999999999 83.08009999999999 82.45459999999999 132.83599999999998
610000.0000000001 83.12800000000001 82.50800000000001 132.88000000000002
610500.0 83.1759 82.5614 132.924
611000.0 83.2238 82.61479999999999 132.968
611500.0000000002 83.27170000000002 82.66820000000001 133.01200000000003
612000.0000000001 83.31960000000001 82.72160000000001 133.056
612500.0 83.3675 82.775 133.1
612999.9999999999 83.41539999999999 82.82839999999999 133.144
613500.0000000001 83.46330000000002 82.88180000000001 133.18800000000002
614000.0 83.5112 82.93520000000001 133.232
614500.0 83.5591 82.98859999999999 133.276
615000.0000000002 83.60700000000001 83.04200000000002 133.32000000000002
615500.0000000001 83.65490000000001 83.09540000000001 133.364
616000.0 83.7028 83.1488 133.40800000000002
616499.9999999999 83.7507 83.20219999999999 133.452
617000.0000000001 83.79860000000002 83.25560000000002 133.496
617500.0000000001 83.8465 83.30900000000001 133.54000000000002
618000.0 83.89439999999999 83.3624 133.584
618499.9999999999 83.94229999999999 83.41579999999999 133.628
619000.0000000001 83.99020000000002 83.46920000000001 133.67200000000003
619500.0 84.0381 83.5226 133.716
619999.9999999999 84.086 83.576 133.76
620500.0000000002 84.13390000000001 83.62940000000002 133.80400000000003
621000.0000000001 84.18180000000001 83.68280000000001 133.848
621500.0 84.2297 83.7362 133.892
621999.9999999999 84.27759999999999 83.7896 133.93599999999998
622500.0000000001 84.3255 83.84300000000002 133.98000000000002
623000.0 84.3734 83.8964 134.024
623500.0 84.42129999999999 83.9498 134.06799999999998
624000.0000000002 84.46920000000001 84.00320000000002 134.11200000000002
624500.0000000001 84.51710000000001 84.0566 134.156
625000.0 84.565 84.11 134.2
625499.9999999999 84.61289999999998 84.1634 134.244
626000.0000000001 84.66080000000001 84.21680000000002 134.288
626500.0 84.70870000000001 84.2702 134.332
627000.0 84.75659999999999 84.3236 134.376
627500.0000000002 84.80450000000002 84.37700000000002 134.42000000000002
628000.0000000001 84.8524 84.4304 134.46400000000003
628500.0 84.9003 84.4838 134.508
628999.9999999999 84.94819999999999 84.53719999999998 134.552
629500.0000000001 84.99610000000001 84.59060000000002 134.59600000000003
630000.0000000001 85.044 84.644 134.64000000000001
630500.0 85.0919 84.6974 134.684
630999.9999999999 85.13979999999998 84.75079999999998 134.72799999999998
631500.0000000001 85.1877 84.80420000000001 134.77200000000002
632000.0 85.2356 84.8576 134.816
632499.9999999999 85.28349999999999 84.91099999999999 134.85999999999999
633000.0000000002 85.33140000000002 84.96440000000003 134.90400000000002
633500.0000000001 85.3793 85.01780000000001 134.948
634000.0 85.4272 85.0712 134.992
634499.9999999999 85.47509999999998 85.12459999999999 135.036
635000.0000000001 85.52300000000001 85.17800000000001 135.08
635500.0 85.5709 85.23140000000001 135.124
636000.0 85.6188 85.28479999999999 135.168
636500.0000000002 85.66670000000002 85.33820000000001 135.21200000000002
637000.0000000001 85.7146 85.39160000000001 135.256
637500.0 85.76249999999999 85.445 135.3
637999.9999999999 85.81039999999999 85.49839999999999 135.344
638500.0000000001 85.85830000000001 85.55180000000001 135.388
639000.0 85.9062 85.60520000000001 135.43200000000002
639500.0 85.9541 85.65859999999999 135.476
640000.0000000002 86.00200000000001 85.71200000000002 135.52
640500.0000000001 86.04990000000001 85.76540000000001 135.56400000000002
641000.0 86.09779999999999 85.8188 135.608
641499.9999999999 86.14569999999999 85.87219999999999 135.652
642000.0000000001 86.19360000000002 85.92560000000002 135.69600000000003
642500.0000000001 86.2415 85.97900000000001 135.74
643000.0 86.28939999999999 86.0324 135.784
643500.0000000002 86.33730000000001 86.08580000000002 135.82800000000003
644000.0000000001 86.38520000000001 86.13920000000002 135.872
644500.0 86.4331 86.1926 135.916
644999.9999999999 86.481 86.246 135.96
645500.0000000002 86.52890000000001 86.29940000000002 136.00400000000002
646000.0000000001 86.5768 86.35280000000002 136.048
646500.0 86.62469999999999 86.4062 136.092
646999.9999999999 86.67259999999999 86.4596 136.136
647500.0000000001 86.7205 86.51300000000002 136.18
648000.0 86.7684 86.5664 136.22400000000002
648500.0 86.81629999999998 86.6198 136.268
649000.0000000002 86.86420000000001 86.67320000000002 136.312
649500.0000000001 86.91210000000001 86.72660000000002 136.35600000000002
650000.0 86.96 86.78 136.4
650499.9999999999 87.00689999999999 86.8334 136.437
651000.0000000001 87.05380000000001 86.88680000000002 136.47400000000002
651500.0 87.1007 86.9402 136.511
652000.0 87.1476 86.9936 136.548
652500.0000000002 87.19450000000002 87.04700000000003 136.585
653000.0000000001 87.2414 87.10040000000001 136.622
653500.0 87.28829999999999 87.1538 136.659
653999.9999999999 87.33519999999999 87.20719999999999 136.696
654500.0000000001 87.38210000000001 87.26060000000003 136.733
655000.0000000001 87.429 87.31400000000001 136.77
655500.0 87.4759 87.3674 136.80700000000002
656000.0000000002 87.52280000000002 87.42080000000003 136.84400000000002
656500.0000000001 87.56970000000001 87.47420000000001 136.881
657000.0 87.61659999999999 87.5276 136.918
657499.9999999999 87.66349999999998 87.58099999999999 136.955
658000.0000000002 87.7104 87.63440000000003 136.99200000000002
658500.0000000001 87.7573 87.68780000000001 137.029
659000.0 87.8042 87.7412 137.066
659499.9999999999 87.85109999999999 87.79459999999999 137.103
660000.0000000001 87.89800000000001 87.84800000000001 137.14000000000001
660500.0 87.9449 87.90140000000001 137.177
661000.0 87.9918 87.95479999999999 137.214
661500.0000000002 88.03870000000002 88.00820000000002 137.251
662000.0000000001 88.0856 88.06160000000001 137.288
662500.0 88.1325 88.11500000000001 137.325
662999.9999999999 88.17939999999999 88.16839999999999 137.362
663500.0000000001 88.22630000000001 88.22180000000002 137.399
664000.0 88.2732 88.27520000000001 137.436
664500.0 88.3201 88.3286 137.473
665000.0000000002 88.36700000000002 88.38200000000002 137.51000000000002
665500.0000000001 88.41390000000001 88.43540000000002 137.547
666000.0 88.4608 88.4888 137.584
666499.9999999999 88.50769999999999 88.5422 137.621
667000.0000000001 88.55460000000001 88.59560000000002 137.65800000000002
667500.0000000001 88.6015 88.64900000000002 137.695
668000.0 88.6484 88.7024 137.732
668500.0000000002 88.69530000000002 88.75580000000002 137.769
669000.0000000001 88.74220000000001 88.80920000000002 137.806
669500.0 88.7891 88.8626 137.843
669999.9999999999 88.836 88.916 137.88
670500.0000000002 88.88290000000002 88.96940000000002 137.917
671000.0000000001 88.9298 89.02280000000002 137.954
671500.0 88.9767 89.0762 137.99099999999999
671999.9999999999 89.02359999999999 89.1296 138.028
672500.0000000001 89.07050000000001 89.18300000000002 138.065
673000.0 89.1174 89.2364 138.102
673500.0 89.1643 89.2898 138.139
674000.0000000002 89.21120000000002 89.34320000000002 138.17600000000002
674500.0000000001 89.25810000000001 89.3966 138.213
675000.0 89.305 89.45 138.25
675499.9999999999 89.35189999999999 89.5034 138.287
676000.0000000001 89.39880000000001 89.55680000000002 138.324
676500.0 89.4457 89.6102 138.361
677000.0 89.4926 89.6636 138.398
677500.0000000002 89.53950000000002 89.71700000000003 138.435
678000.0000000001 89.58640000000001 89.77040000000001 138.472
678500.0 89.6333 89.8238 138.50900000000001
678999.9999999999 89.6802 89.87719999999999 138.546
679500.0000000001 89.72710000000002 89.93060000000003 138.583
680000.0000000001 89.774 89.98400000000001 138.62
680500.0 89.8209 90.0374 138.65699999999998
681000.0000000002 89.86780000000002 90.09080000000003 138.69400000000002
681500.0000000001 89.91470000000001 90.14420000000001 138.731
682000.0 89.9616 90.19760000000001 138.768
682499.9999999999 90.0085 90.25099999999999 138.805
683000.0000000002 90.05540000000002 90.30440000000003 138.842
683500.0000000001 90.10230000000001 90.35780000000001 138.879
684000.0 90.14920000000001 90.41120000000001 138.916
684499.9999999999 90.19609999999999 90.46459999999999 138.953
685000.0000000001 90.24300000000001 90.51800000000001 138.99
685500.0 90.2899 90.57140000000001 139.027
686000.0 90.3368 90.6248 139.064
686500.0000000002 90.38370000000002 90.67820000000002 139.101
687000.0000000001 90.43060000000001 90.73160000000001 139.138
687500.0 90.4775 90.785 139.175
687999.9999999999 90.5244 90.8384 139.212
688500.0000000001 90.57130000000002 90.89180000000002 139.249
689000.0 90.6182 90.94520000000001 139.286
689500.0 90.6651 90.9986 139.323
690000.0000000002 90.71200000000002 91.05200000000002 139.36
690500.0000000001 90.75890000000001 91.10540000000002 139.397
691000.0 90.8058 91.1588 139.434
691499.9999999999 90.8527 91.2122 139.471
692000.0000000001 90.89960000000002 91.26560000000002 139.508
692500.0000000001 90.94650000000001 91.31900000000002 139.545
693000.0 90.99340000000001 91.3724 139.582
693500.0000000002 91.04030000000003 91.42580000000002 139.619
694000.0000000001 91.08720000000001 91.47920000000002 139.656
694500.0 91.1341 91.5326 139.69299999999998
694999.9999999999 91.181 91.586 139.73
695500.0000000002 91.22790000000002 91.63940000000002 139.767
696000.0000000001 91.27480000000001 91.69280000000002 139.804
696500.0 91.3217 91.7462 139.841
696999.9999999999 91.3686 91.7996 139.878
697500.0000000001 91.41550000000002 91.85300000000002 139.915
698000.0 91.4624 91.9064 139.952
698500.0 91.5093 91.9598 139.989
699000.0000000002 91.55620000000002 92.01320000000003 140.026
699500.0000000001 91.60310000000001 92.06660000000002 140.063
700000.0 91.65 92.12 140.1
700999.9999999998 91.74049999999998 92.22579999999998 140.159
702000.0000000003 91.83100000000003 92.33160000000004 140.21800000000002
703000.0000000001 91.92150000000001 92.43740000000001 140.27700000000002
703999.9999999999 92.012 92.5432 140.33599999999998
705000.0000000005 92.10250000000005 92.64900000000004 140.395
706000.0000000002 92.19300000000003 92.75480000000003 140.454
707000.0 92.2835 92.8606 140.513
707999.9999999999 92.374 92.9664 140.57199999999997
709000.0000000003 92.46450000000003 93.07220000000004 140.63100000000003
710000.0000000001 92.55500000000002 93.17800000000003 140.69
711000.0 92.6455 93.2838 140.749
712000.0000000005 92.73600000000005 93.38960000000006 140.80800000000002
713000.0000000002 92.82650000000002 93.49540000000003 140.86700000000002
714000.0 92.91700000000002 93.6012 140.926
714999.9999999999 93.0075 93.707 140.98499999999999
716000.0000000003 93.09800000000004 93.81280000000004 141.044
717000.0000000001 93.18850000000002 93.91860000000003 141.103
718000.0 93.279 94.0244 141.162
718999.9999999998 93.36949999999999 94.13019999999997 141.22099999999998
720000.0000000002 93.46000000000004 94.23600000000003 141.28
721000.0000000001 93.55050000000001 94.3418 141.339
721999.9999999999 93.64099999999999 94.4476 141.398
723000.0000000003 93.73150000000004 94.55340000000004 141.45700000000002
724000.0000000002 93.82200000000002 94.65920000000003 141.51600000000002
725000.0 93.91250000000001 94.765 141.575
725999.9999999998 94.00299999999999 94.87079999999999 141.634
727000.0000000003 94.09350000000003 94.97660000000003 141.693
728000.0000000001 94.18400000000001 95.08240000000002 141.752
728999.9999999999 94.2745 95.1882 141.81099999999998
730000.0000000005 94.36500000000004 95.29400000000005 141.87000000000003
731000.0000000002 94.45550000000003 95.39980000000003 141.929
732000.0 94.546 95.5056 141.988
732999.9999999999 94.63649999999998 95.61139999999999 142.047
734000.0000000003 94.72700000000003 95.71720000000003 142.10600000000002
735000.0000000001 94.81750000000002 95.82300000000002 142.165
736000.0 94.908 95.9288 142.224
737000.0000000005 94.99850000000005 96.03460000000005 142.28300000000002
738000.0000000002 95.08900000000003 96.14040000000003 142.342
739000.0 95.1795 96.24620000000002 142.401
739999.9999999999 95.27 96.35199999999999 142.45999999999998
741000.0000000003 95.36050000000004 96.45780000000005 142.519
742000.0000000001 95.45100000000002 96.56360000000002 142.578
743000.0 95.5415 96.6694 142.637
743999.9999999998 95.63199999999998 96.77519999999998 142.69599999999997
745000.0000000002 95.72250000000003 96.88100000000003 142.75500000000002
746000.0000000001 95.81300000000002 96.98680000000002 142.814
746999.9999999999 95.9035 97.09259999999999 142.873
748000.0000000003 95.99400000000004 97.19840000000005 142.93200000000002
749000.0000000002 96.08450000000002 97.30420000000002 142.991
750000.0 96.17500000000001 97.41 143.05
750999.9999999998 96.26549999999999 97.51579999999998 143.10899999999998
752000.0000000003 96.35600000000004 97.62160000000003 143.168
753000.0000000001 96.44650000000001 97.72740000000002 143.227
753999.9999999999 96.53699999999999 97.83319999999999 143.286
755000.0000000005 96.62750000000004 97.93900000000005 143.34500000000003
756000.0000000002 96.71800000000002 98.04480000000002 143.40400000000002
757000.0 96.80850000000001 98.15060000000001 143.463
757999.9999999999 96.89899999999999 98.25639999999999 143.522
759000.0000000003 96.98950000000004 98.36220000000004 143.58100000000002
760000.0000000001 97.08000000000001 98.46800000000002 143.64000000000001
761000.0 97.1705 98.57379999999999 143.69899999999998
762000.0000000005 97.26100000000005 98.67960000000005 143.75800000000004
763000.0000000002 97.35150000000003 98.78540000000002 143.817
764000.0 97.44200000000001 98.89120000000001 143.876
764999.9999999999 97.53249999999998 98.99699999999999 143.935
766000.0000000003 97.62300000000003 99.10280000000004 143.99400000000003
767000.0000000002 97.71350000000002 99.20860000000002 144.053
768000.0 97.804 99.3144 144.112
768999.9999999998 97.89449999999998 99.42019999999998 144.171
770000.0000000002 97.98500000000003 99.52600000000004 144.23000000000002
771000.0000000001 98.0755 99.63180000000001 144.28900000000002
771999.9999999999 98.166 99.73759999999999 144.34799999999998
773000.0000000003 98.25650000000005 99.84340000000005 144.407
774000.0000000002 98.34700000000002 99.94920000000002 144.466
775000.0 98.4375 100.055 144.525
775999.9999999998 98.52799999999999 100.16079999999998 144.58399999999997
777000.0000000003 98.61850000000003 100.26660000000004 144.64300000000003
778000.0000000001 98.70900000000002 100.37240000000001 144.702
778999.9999999999 98.7995 100.47819999999999 144.761
780000.0000000005 98.89000000000004 100.58400000000005 144.82000000000002
781000.0000000002 98.98050000000002 100.68980000000002 144.87900000000002
782000.0 99.07100000000001 100.79560000000001 144.938
782999.9999999998 99.16149999999999 100.90139999999998 144.99699999999999
784000.0000000003 99.25200000000004 101.00720000000004 145.056
785000.0000000001 99.34250000000002 101.11300000000001 145.115
786000.0 99.43299999999999 101.2188 145.174
787000.0000000005 99.52350000000004 101.32460000000005 145.23300000000003
788000.0000000002 99.61400000000003 101.43040000000003 145.292
789000.0 99.70450000000001 101.53620000000001 145.351
789999.9999999999 99.79499999999999 101.642 145.41
791000.0000000003 99.88550000000004 101.74780000000004 145.46900000000002
792000.0000000002 99.97600000000001 101.85360000000003 145.52800000000002
793000.0 100.0665 101.9594 145.587
793999.9999999998 100.15699999999998 102.06519999999998 145.646
795000.0000000002 100.24750000000003 102.17100000000003 145.705
796000.0000000001 100.33800000000001 102.27680000000001 145.764
796999.9999999999 100.42849999999999 102.3826 145.82299999999998
798000.0000000003 100.51900000000003 102.48840000000004 145.88200000000003
799000.0000000002 100.60950000000003 102.59420000000003 145.941
800000.0 100.7 102.7 146.0
800999.9999999998 100.78499999999998 102.80199999999998 146.04899999999998
802000.0000000003 100.87000000000003 102.90400000000004 146.098
803000.0000000001 100.95500000000001 103.00600000000001 146.14700000000002
803999.9999999999 101.03999999999999 103.10799999999999 146.196
805000.0000000005 101.12500000000004 103.21000000000005 146.24500000000003
806000.0000000002 101.21000000000002 103.31200000000003 146.294
807000.0 101.295 103.414 146.343
807999.9999999999 101.38 103.51599999999999 146.392
809000.0000000003 101.46500000000003 103.61800000000004 146.44100000000003
810000.0000000001 101.55000000000001 103.72000000000001 146.49
811000.0 101.63499999999999 103.822 146.539
812000.0000000005 101.72000000000004 103.92400000000005 146.58800000000002
813000.0000000002 101.80500000000002 104.02600000000002 146.637
814000.0 101.89000000000001 104.12800000000001 146.686
814999.9999999999 101.975 104.22999999999999 146.73499999999999
816000.0000000003 102.06000000000003 104.33200000000004 146.78400000000002
817000.0000000001 102.14500000000001 104.43400000000003 146.833
818000.0 102.23 104.536 146.882
818999.9999999998 102.31499999999998 104.63799999999998 146.93099999999998
820000.0000000002 102.40000000000003 104.74000000000004 146.98000000000002
821000.0000000001 102.48500000000001 104.84200000000001 147.029
821999.9999999999 102.57 104.94399999999999 147.078
823000.0000000003 102.65500000000003 105.04600000000005 147.127
824000.0000000002 102.74000000000002 105.14800000000002 147.17600000000002
825000.0 102.825 105.25 147.225
825999.9999999998 102.90999999999998 105.35199999999999 147.274
827000.0000000003 102.99500000000003 105.45400000000004 147.323
828000.0000000001 103.08000000000001 105.55600000000001 147.372
828999.9999999999 103.16499999999999 105.658 147.421
830000.0000000005 103.25000000000004 105.76000000000005 147.47000000000003
831000.0000000002 103.33500000000002 105.86200000000002 147.519
832000.0 103.42 105.96400000000001 147.568
832999.9999999999 103.505 106.06599999999999 147.617
834000.0000000003 103.59000000000003 106.16800000000003 147.66600000000003
835000.0000000001 103.67500000000001 106.27000000000002 147.715
836000.0 103.75999999999999 106.372 147.764
837000.0000000005 103.84500000000004 106.47400000000005 147.81300000000002
838000.0000000002 103.93000000000002 106.57600000000004 147.86200000000002
839000.0 104.01500000000001 106.67800000000001 147.911
839999.9999999999 104.1 106.77999999999999 147.96
841000.0000000003 104.18500000000003 106.88200000000005 148.00900000000001
842000.0000000001 104.27000000000001 106.98400000000002 148.05800000000002
843000.0 104.355 107.086 148.107
843999.9999999998 104.43999999999998 107.18799999999999 148.15599999999998
845000.0000000002 104.52500000000003 107.29000000000003 148.205
846000.0000000001 104.61000000000001 107.39200000000001 148.25400000000002
846999.9999999999 104.695 107.494 148.303
848000.0000000003 104.78000000000003 107.59600000000005 148.35200000000003
849000.0000000002 104.86500000000002 107.69800000000002 148.401
850000.0 104.95 107.80000000000001 148.45
850999.9999999998 105.03499999999998 107.90199999999999 148.499
852000.0000000003 105.12000000000003 108.00400000000003 148.54800000000003
853000.0000000001 105.20500000000001 108.10600000000002 148.597
853999.9999999999 105.28999999999999 108.208 148.646
855000.0000000005 105.37500000000004 108.31000000000004 148.69500000000002
856000.0000000002 105.46000000000002 108.41200000000003 148.74400000000003
857000.0 105.545 108.51400000000001 148.793
857999.9999999999 105.63 108.61599999999999 148.84199999999998
859000.0000000003 105.71500000000003 108.71800000000005 148.89100000000002
860000.0000000001 105.80000000000001 108.82000000000002 148.94
861000.0 105.88499999999999 108.922 148.989
862000.0000000005 105.97000000000004 109.02400000000006 149.03800000000004
863000.0000000002 106.05500000000002 109.12600000000003 149.08700000000002
864000.0 106.14000000000001 109.22800000000001 149.136
864999.9999999999 106.225 109.32999999999998 149.185
866000.0000000003 106.31000000000003 109.43200000000004 149.234
867000.0000000002 106.39500000000001 109.53400000000002 149.28300000000002
868000.0 106.48 109.636 149.332
868999.9999999998 106.56499999999998 109.73799999999999 149.381
870000.0000000002 106.65000000000003 109.84000000000003 149.43
871000.0000000001 106.73500000000001 109.94200000000001 149.479
871999.9999999999 106.82 110.044 149.528
873000.0000000003 106.90500000000003 110.14600000000004 149.57700000000003
874000.0000000002 106.99000000000002 110.24800000000002 149.626
875000.0 107.075 110.35000000000001 149.675
875999.9999999998 107.15999999999998 110.45199999999998 149.724
877000.0000000003 107.24500000000003 110.55400000000003 149.77300000000002
878000.0000000001 107.33000000000001 110.65600000000002 149.822
878999.9999999999 107.41499999999999 110.758 149.871
880000.0000000005 107.50000000000004 110.86000000000004 149.92000000000002
881000.0000000002 107.58500000000002 110.96200000000003 149.96900000000002
882000.0 107.67 111.06400000000001 150.018
882999.9999999998 107.755 111.16599999999998 150.067
884000.0000000003 107.84000000000003 111.26800000000004 150.116
885000.0000000001 107.92500000000001 111.37000000000002 150.16500000000002
886000.0 108.00999999999999 111.472 150.214
887000.0000000005 108.09500000000004 111.57400000000005 150.26300000000003
888000.0000000002 108.18000000000002 111.67600000000003 150.312
889000.0 108.26500000000001 111.778 150.36100000000002
889999.9999999999 108.35 111.88 150.41
891000.0000000003 108.43500000000003 111.98200000000004 150.45900000000003
892000.0000000002 108.52000000000001 112.08400000000002 150.508
893000.0 108.605 112.186 150.55700000000002
893999.9999999998 108.68999999999998 112.28799999999998 150.606
895000.0000000002 108.77500000000003 112.39000000000003 150.65500000000003
896000.0000000001 108.86000000000001 112.49200000000002 150.704
896999.9999999999 108.945 112.594 150.753
898000.0000000003 109.03000000000003 112.69600000000004 150.80200000000002
899000.0000000002 109.11500000000002 112.79800000000003 150.85100000000003
900000.0 109.2 112.9 150.9
900999.9999999998 109.28099999999999 112.99899999999998 150.945
902000.0000000003 109.36200000000002 113.09800000000004 150.99
903000.0000000001 109.44300000000001 113.19700000000002 151.03500000000003
903999.9999999999 109.524 113.29599999999999 151.08
905000.0000000005 109.60500000000003 113.39500000000005 151.12500000000003
906000.0000000002 109.68600000000002 113.49400000000003 151.17000000000002
907000.0 109.76700000000001 113.593 151.215
907999.9999999999 109.84799999999998 113.692 151.26
909000.0000000003 109.92900000000003 113.79100000000004 151.305
910000.0000000001 110.01000000000002 113.89000000000001 151.35000000000002
911000.0 110.091 113.989 151.395
912000.0000000005 110.17200000000004 114.08800000000005 151.44000000000003
913000.0000000002 110.25300000000003 114.18700000000003 151.485
914000.0 110.334 114.28600000000002 151.53
914999.9999999999 110.41499999999999 114.38499999999999 151.575
916000.0000000003 110.49600000000004 114.48400000000004 151.62000000000003
917000.0000000001 110.57700000000001 114.58300000000003 151.66500000000002
918000.0 110.658 114.682 151.71
918999.9999999998 110.73899999999999 114.78099999999998 151.755
920000.0000000002 110.82000000000002 114.88000000000004 151.8
921000.0000000001 110.90100000000001 114.97900000000001 151.845
921999.9999999999 110.982 115.07799999999999 151.89
923000.0000000003 111.06300000000003 115.17700000000005 151.93500000000003
924000.0000000002 111.14400000000002 115.27600000000002 151.98000000000002
925000.0 111.225 115.375 152.025
925999.9999999998 111.30599999999998 115.47399999999999 152.07
927000.0000000003 111.38700000000003 115.57300000000004 152.115
928000.0000000001 111.46800000000002 115.67200000000001 152.16000000000003
928999.9999999999 111.54899999999999 115.771 152.205
930000.0000000005 111.63000000000004 115.87000000000005 152.25000000000003
931000.0000000002 111.71100000000001 115.96900000000002 152.29500000000002
932000.0 111.792 116.06800000000001 152.34
932999.9999999999 111.87299999999999 116.16699999999999 152.385
934000.0000000003 111.95400000000002 116.26600000000003 152.43
935000.0000000001 112.03500000000001 116.36500000000002 152.47500000000002
936000.0 112.116 116.464 152.52
937000.0000000005 112.19700000000003 116.56300000000005 152.56500000000003
938000.0000000002 112.27800000000002 116.66200000000003 152.61
939000.0 112.35900000000001 116.76100000000001 152.655
939999.9999999999 112.43999999999998 116.85999999999999 152.7
941000.0000000003 112.52100000000003 116.95900000000003 152.74500000000003
942000.0000000001 112.60200000000002 117.05800000000002 152.79000000000002
943000.0 112.68299999999999 117.157 152.835
943999.9999999998 112.76399999999998 117.25599999999999 152.88
945000.0000000002 112.84500000000003 117.35500000000003 152.925
946000.0000000001 112.926 117.45400000000001 152.97
946999.9999999999 113.00699999999999 117.553 153.015
948000.0000000003 113.08800000000004 117.65200000000004 153.06000000000003
949000.0000000002 113.16900000000001 117.75100000000002 153.10500000000002
950000.0 113.25 117.85 153.15
950999.9999999998 113.33099999999999 117.94899999999998 153.195
952000.0000000003 113.41200000000002 118.04800000000003 153.24
953000.0000000001 113.49300000000001 118.14700000000002 153.28500000000003
953999.9999999999 113.574 118.246 153.33
955000.0000000005 113.65500000000003 118.34500000000004 153.37500000000003
956000.0000000002 113.73600000000002 118.44400000000002 153.42000000000002
957000.0 113.81700000000001 118.543 153.465
957999.9999999999 113.89799999999998 118.64199999999998 153.51
959000.0000000003 113.97900000000003 118.74100000000003 153.555
960000.0000000001 114.06000000000002 118.84000000000002 153.60000000000002
961000.0 114.14099999999999 118.939 153.645
962000.0000000005 114.22200000000004 119.03800000000004 153.69000000000003
963000.0000000002 114.30300000000003 119.13700000000003 153.735
964000.0 114.384 119.236 153.78
964999.9999999999 114.46499999999999 119.33499999999998 153.825
966000.0000000003 114.54600000000003 119.43400000000004 153.87000000000003
967000.0000000002 114.62700000000001 119.53300000000002 153.91500000000002
968000.0 114.708 119.63199999999999 153.96
968999.9999999998 114.78899999999999 119.73099999999998 154.005
970000.0000000002 114.87000000000002 119.83000000000003 154.05
971000.0000000001 114.95100000000001 119.929 154.095
971999.9999999999 115.03199999999998 120.02799999999999 154.14
973000.0000000003 115.11300000000003 120.12700000000004 154.18500000000003
974000.0000000002 115.19400000000002 120.22600000000001 154.23000000000002
975000.0 115.275 120.325 154.275
975999.9999999998 115.35599999999998 120.42399999999998 154.32
977000.0000000003 115.43700000000003 120.52300000000002 154.365
978000.0000000001 115.518 120.62200000000001 154.41000000000003
978999.9999999999 115.59899999999999 120.72099999999999 154.455
980000.0000000005 115.68000000000004 120.82000000000004 154.50000000000003
981000.0000000002 115.76100000000002 120.91900000000003 154.54500000000002
982000.0 115.842 121.018 154.59
982999.9999999998 115.92299999999999 121.11699999999998 154.635
984000.0000000003 116.00400000000002 121.21600000000004 154.68
985000.0000000001 116.08500000000001 121.31500000000001 154.72500000000002
986000.0 116.166 121.41399999999999 154.77
987000.0000000005 116.24700000000003 121.51300000000005 154.81500000000003
988000.0000000002 116.32800000000002 121.61200000000002 154.86
989000.0 116.409 121.711 154.905
989999.9999999999 116.48999999999998 121.80999999999999 154.95
991000.0000000003 116.57100000000003 121.90900000000003 154.99500000000003
992000.0000000002 116.65200000000002 122.00800000000001 155.04000000000002
993000.0 116.73299999999999 122.107 155.085
993999.9999999998 116.81399999999998 122.20599999999997 155.13
995000.0000000002 116.89500000000002 122.30500000000002 155.175
996000.0000000001 116.976 122.40400000000001 155.22
996999.9999999999 117.05699999999999 122.50299999999999 155.265
998000.0000000003 117.13800000000003 122.60200000000003 155.31000000000003
999000.0000000002 117.21900000000001 122.70100000000002 155.35500000000002
1000000.0 117.3 122.8 155.4
1000999.9999999998 117.37599999999998 122.89499999999998 155.442
1002000.0000000003 117.45200000000003 122.99000000000002 155.484
1003000.0000000001 117.528 123.08500000000001 155.526
1003999.9999999999 117.60399999999998 123.17999999999999 155.568
1005000.0000000005 117.68000000000004 123.27500000000003 155.61
1006000.0000000002 117.75600000000001 123.37000000000002 155.65200000000002
1007000.0 117.832 123.465 155.69400000000002
1007999.9999999999 117.90799999999999 123.55999999999999 155.736
1009000.0000000003 117.98400000000002 123.65500000000003 155.77800000000002
1010000.0000000001 118.06 123.75000000000001 155.82000000000002
1011000.0 118.136 123.845 155.862
1012000.0000000005 118.21200000000003 123.94000000000004 155.90400000000002
1013000.0000000002 118.28800000000001 124.03500000000003 155.94600000000003
1014000.0 118.364 124.13000000000001 155.988
1014999.9999999999 118.43999999999998 124.22499999999998 156.03
1016000.0000000003 118.51600000000002 124.32000000000004 156.07200000000003
1017000.0000000001 118.59200000000001 124.41500000000002 156.114
1018000.0 118.66799999999999 124.50999999999999 156.156
1018999.9999999998 118.74399999999999 124.60499999999998 156.198
1020000.0000000002 118.82000000000002 124.70000000000003 156.24
1021000.0000000001 118.896 124.795 156.282
1021999.9999999999 118.972 124.88999999999999 156.324
1023000.0000000003 119.04800000000003 124.98500000000004 156.366
1024000.0000000002 119.12400000000001 125.08000000000001 156.40800000000002
1025000.0 119.2 125.175 156.45
1025999.9999999998 119.27599999999998 125.26999999999998 156.492
1027000.0000000003 119.35200000000002 125.36500000000004 156.53400000000002
1028000.0000000001 119.42800000000001 125.46000000000001 156.576
1028999.9999999999 119.50399999999999 125.55499999999999 156.618
1030000.0000000005 119.58000000000003 125.65000000000005 156.66000000000003
1031000.0000000002 119.65600000000002 125.74500000000002 156.702
1032000.0 119.732 125.84 156.744
1032999.9999999999 119.80799999999999 125.93499999999999 156.786
1034000.0000000003 119.88400000000003 126.03000000000003 156.828
1035000.0000000001 119.96000000000001 126.12500000000001 156.87
1036000.0 120.036 126.22 156.912
1037000.0000000005 120.11200000000004 126.31500000000004 156.954
1038000.0000000002 120.18800000000002 126.41000000000003 156.996
1039000.0 120.26400000000001 126.50500000000001 157.038
1039999.9999999999 120.33999999999999 126.6 157.07999999999998
1041000.0000000003 120.41600000000003 126.69500000000004 157.122
1042000.0000000001 120.49200000000002 126.79000000000002 157.16400000000002
1043000.0 120.568 126.885 157.206
1043999.9999999998 120.64399999999998 126.97999999999998 157.248
1045000.0000000002 120.72000000000003 127.07500000000003 157.29000000000002
1046000.0000000001 120.796 127.17000000000002 157.332
1046999.9999999999 120.87199999999999 127.26499999999999 157.374
1048000.0000000003 120.94800000000004 127.36000000000004 157.41600000000003
1049000.0000000002 121.02400000000002 127.45500000000003 157.458
1050000.0 121.1 127.55000000000001 157.5
1050999.9999999998 121.17599999999999 127.64499999999998 157.542
1052000.0000000002 121.25200000000002 127.74000000000004 157.584
1053000.0 121.328 127.83500000000001 157.626
1054000.0 121.404 127.92999999999999 157.668
1055000.0000000005 121.48000000000003 128.02500000000003 157.71
1056000.0000000002 121.55600000000003 128.12000000000003 157.752
1057000.0 121.632 128.215 157.794
1057999.9999999998 121.70799999999998 128.31 157.83599999999998
1059000.0000000002 121.78400000000003 128.40500000000003 157.87800000000001
1060000.0000000002 121.86000000000001 128.50000000000003 157.92000000000002
1061000.0 121.93599999999999 128.595 157.962
1062000.0000000005 122.01200000000004 128.69000000000005 158.00400000000002
1063000.0000000002 122.08800000000002 128.78500000000003 158.04600000000002
1064000.0 122.164 128.88000000000002 158.088
1064999.9999999998 122.24 128.975 158.13
1066000.0000000005 122.31600000000003 129.07000000000005 158.17200000000003
1067000.0000000002 122.39200000000001 129.16500000000002 158.214
1068000.0 122.468 129.26 158.256
1068999.9999999998 122.54399999999998 129.355 158.298
1070000.0000000002 122.62000000000002 129.45000000000005 158.34
1071000.0 122.69600000000001 129.54500000000002 158.382
1072000.0 122.77199999999999 129.64 158.424
1073000.0000000005 122.84800000000003 129.73500000000004 158.466
1074000.0000000002 122.92400000000002 129.83000000000004 158.508
1075000.0 123.0 129.925 158.55
1075999.9999999998 123.076 130.01999999999998 158.59199999999998
1077000.0000000002 123.15200000000003 130.11500000000004 158.63400000000001
1078000.0 123.22800000000001 130.21 158.676
1079000.0 123.304 130.305 158.718
1080000.0000000005 123.38000000000004 130.40000000000006 158.76000000000002
1081000.0000000002 123.45600000000002 130.49500000000003 158.802
1082000.0 123.53200000000001 130.59 158.844
1082999.9999999998 123.60799999999999 130.685 158.886
1084000.0000000002 123.68400000000003 130.78000000000003 158.928
1085000.0000000002 123.76000000000002 130.87500000000003 158.97
1086000.0 123.836 130.97 159.012
1087000.0000000005 123.91200000000003 131.06500000000005 159.054
1088000.0000000002 123.98800000000003 131.16000000000003 159.096
1089000.0 124.06400000000001 131.25500000000002 159.138
1089999.9999999998 124.14 131.35 159.17999999999998
1091000.0000000005 124.21600000000004 131.44500000000005 159.222
1092000.0000000002 124.29200000000002 131.54000000000002 159.264
1093000.0 124.36800000000001 131.63500000000002 159.30599999999998
1093999.9999999998 124.44399999999999 131.73 159.34799999999998
1095000.0000000002 124.52000000000002 131.82500000000005 159.39000000000001
1096000.0 124.59600000000002 131.92000000000002 159.432
1097000.0 124.672 132.015 159.474
1098000.0000000005 124.74800000000003 132.11000000000004 159.51600000000002
1099000.0000000002 124.82400000000003 132.20500000000004 159.558
1100000.0 124.9 132.3 159.6
1100999.9999999998 124.97099999999999 132.392 159.64
1102000.0000000002 125.04200000000003 132.48400000000004 159.68
1103000.0 125.11300000000001 132.57600000000002 159.72
1104000.0 125.184 132.668 159.76
1105000.0000000005 125.25500000000004 132.76000000000005 159.8
1106000.0000000002 125.32600000000002 132.85200000000003 159.84
1107000.0 125.397 132.94400000000002 159.88
1107999.9999999998 125.46799999999999 133.036 159.92
1109000.0000000002 125.53900000000003 133.12800000000004 159.96
1110000.0000000002 125.61000000000001 133.22000000000003 160.0
1111000.0 125.681 133.312 160.04
1112000.0000000005 125.75200000000004 133.40400000000005 160.08
1113000.0000000002 125.82300000000002 133.49600000000004 160.12
1114000.0 125.894 133.58800000000002 160.16
1114999.9999999998 125.96499999999999 133.68 160.2
1116000.0000000005 126.03600000000003 133.77200000000005 160.24
1117000.0000000002 126.10700000000001 133.86400000000003 160.28
1118000.0 126.178 133.95600000000002 160.32
1118999.9999999998 126.249 134.048 160.35999999999999
1120000.0000000002 126.32000000000002 134.14000000000004 160.4
1121000.0 126.391 134.23200000000003 160.44
1122000.0 126.462 134.324 160.48
1123000.0000000005 126.53300000000003 134.41600000000005 160.52
1124000.0000000002 126.60400000000001 134.50800000000004 160.56
1125000.0 126.67500000000001 134.60000000000002 160.6
1125999.9999999998 126.746 134.69199999999998 160.64
1127000.0000000002 126.81700000000002 134.78400000000005 160.68
1128000.0 126.888 134.876 160.72
1129000.0 126.959 134.968 160.76
1130000.0000000005 127.03000000000003 135.06000000000006 160.8
1131000.0000000002 127.10100000000001 135.15200000000002 160.84
1132000.0 127.17200000000001 135.244 160.88
1132999.9999999998 127.243 135.33599999999998 160.92
1134000.0000000002 127.31400000000002 135.42800000000003 160.96
1135000.0000000002 127.38500000000002 135.52 161.0
1136000.0 127.456 135.612 161.04
1137000.0000000005 127.52700000000003 135.70400000000004 161.08
1138000.0000000002 127.59800000000003 135.79600000000002 161.12
1139000.0 127.66900000000001 135.888 161.16
1139999.9999999998 127.74 135.98 161.2
1141000.0000000005 127.81100000000004 136.07200000000003 161.24
1142000.0000000002 127.88200000000002 136.16400000000002 161.28
1143000.0 127.953 136.256 161.32
1143999.9999999998 128.024 136.34799999999998 161.35999999999999
1145000.0000000002 128.09500000000003 136.44000000000003 161.4
1146000.0 128.166 136.532 161.44
1147000.0 128.237 136.624 161.48
1148000.0000000005 128.30800000000002 136.71600000000004 161.52
1149000.0000000002 128.37900000000002 136.80800000000002 161.56
1150000.0 128.45 136.9 161.6
1150999.9999999998 128.521 136.992 161.64
1152000.0000000002 128.592 137.08400000000003 161.68
1153000.0 128.663 137.17600000000002 161.72
1154000.0 128.734 137.268 161.76
1155000.0000000005 128.80500000000004 137.36000000000004 161.8
1156000.0000000002 128.876 137.45200000000003 161.84
1157000.0 128.947 137.544 161.88
1157999.9999999998 129.018 137.636 161.92
1159000.0000000002 129.08900000000003 137.72800000000004 161.96
1160000.0000000002 129.16000000000003 137.82000000000002 162.0
1161000.0 129.231 137.912 162.04
1162000.0000000005 129.30200000000002 138.00400000000005 162.08
1163000.0000000002 129.37300000000002 138.09600000000003 162.12
1164000.0 129.44400000000002 138.18800000000002 162.16
1164999.9999999998 129.515 138.28 162.2
1166000.0000000005 129.58600000000004 138.37200000000004 162.24
1167000.0000000002 129.657 138.46400000000003 162.28
1168000.0 129.728 138.556 162.32
1168999.9999999998 129.79899999999998 138.648 162.35999999999999
1170000.0000000002 129.87000000000003 138.74000000000004 162.4
1171000.0 129.941 138.83200000000002 162.44
1172000.0 130.012 138.92399999999998 162.48
1173000.0000000005 130.08300000000003 139.01600000000005 162.52
1174000.0000000002 130.15400000000002 139.10800000000003 162.56
1175000.0 130.225 139.2 162.6
1175999.9999999998 130.296 139.29199999999997 162.64
1177000.0000000002 130.36700000000002 139.38400000000004 162.68
1178000.0 130.43800000000002 139.476 162.72
1179000.0 130.509 139.56799999999998 162.76
1180000.0000000005 130.58000000000004 139.66000000000005 162.8
1181000.0000000002 130.651 139.752 162.84
1182000.0 130.722 139.844 162.88
1182999.9999999998 130.79299999999998 139.93599999999998 162.92
1184000.0000000002 130.86400000000003 140.02800000000002 162.96
1185000.0000000002 130.935 140.12 163.0
1186000.0 131.006 140.212 163.04
1187000.0000000005 131.07700000000003 140.30400000000003 163.08
1188000.0000000002 131.14800000000002 140.39600000000002 163.12
1189000.0 131.219 140.488 163.16
1189999.9999999998 131.29 140.57999999999998 163.2
1191000.0000000005 131.36100000000002 140.67200000000003 163.24
1192000.0000000002 131.43200000000002 140.764 163.28
1193000.0 131.503 140.856 163.32
1193999.9999999998 131.57399999999998 140.94799999999998 163.35999999999999
1195000.0000000002 131.645 141.04000000000002 163.4
1196000.0 131.716 141.132 163.44
1197000.0 131.78699999999998 141.224 163.48
1198000.0000000005 131.85800000000003 141.31600000000003 163.52
1199000.0000000002 131.929 141.40800000000002 163.56
1200000.0 132.0 141.5 163.6
1200999.9999999998 132.06699999999998 141.587 163.64
1202000.0000000002 132.13400000000001 141.67400000000004 163.68
1203000.0 132.201 141.761 163.72
1204000.0 132.268 141.84799999999998 163.76
1205000.0000000005 132.33500000000004 141.93500000000003 163.8
1206000.0000000002 132.40200000000002 142.02200000000002 163.84
1207000.0 132.469 142.109 163.88
1207999.9999999998 132.536 142.196 163.92
1209000.0000000002 132.603 142.28300000000002 163.96
1210000.0000000002 132.67000000000002 142.37 164.0
1211000.0 132.737 142.457 164.04
1212000.0000000005 132.80400000000003 142.54400000000004 164.08
1213000.0000000002 132.871 142.63100000000003 164.12
1214000.0 132.938 142.718 164.16
1214999.9999999998 133.005 142.80499999999998 164.2
1216000.0000000005 133.07200000000003 142.89200000000002 164.24
1217000.0000000002 133.139 142.979 164.28
1218000.0 133.206 143.066 164.32
1218999.9999999998 133.273 143.153 164.35999999999999
1220000.0000000002 133.34 143.24 164.4
1221000.0 133.407 143.327 164.44
1222000.0 133.474 143.414 164.48
1223000.0000000005 133.54100000000003 143.50100000000003 164.52
1224000.0000000002 133.608 143.58800000000002 164.56
1225000.0 133.675 143.675 164.6
1225999.9999999998 133.742 143.76199999999997 164.64
1227000.0000000002 133.80900000000003 143.84900000000002 164.68
1228000.0 133.876 143.936 164.72
1229000.0 133.94299999999998 144.023 164.76
1230000.0000000005 134.01000000000002 144.11000000000004 164.8
1231000.0000000002 134.077 144.197 164.84
1232000.0 134.144 144.284 164.88
1232999.9999999998 134.21099999999998 144.37099999999998 164.92
1234000.0000000002 134.27800000000002 144.45800000000003 164.96
1235000.0000000002 134.345 144.54500000000002 165.0
1236000.0 134.41199999999998 144.632 165.04
1237000.0000000005 134.479 144.71900000000002 165.08
1238000.0000000002 134.54600000000002 144.806 165.12
1239000.0 134.613 144.893 165.16
1239999.9999999998 134.67999999999998 144.98 165.2
1241000.0000000005 134.747 145.06700000000004 165.24
1242000.0000000002 134.814 145.154 165.28
1243000.0 134.881 145.24099999999999 165.32
1243999.9999999998 134.94799999999998 145.32799999999997 165.35999999999999
1245000.0000000002 135.01500000000001 145.41500000000002 165.4
1246000.0 135.082 145.502 165.44
1247000.0 135.149 145.589 165.48
1248000.0000000005 135.216 145.67600000000002 165.52
1249000.0000000002 135.28300000000002 145.763 165.56
1250000.0 135.35 145.85 165.6
1250999.9999999998 135.41699999999997 145.93699999999998 165.64
1252000.0000000002 135.484 146.02400000000003 165.68
1253000.0 135.551 146.111 165.72
1254000.0 135.618 146.19799999999998 165.76
1255000.0000000005 135.68500000000003 146.28500000000003 165.8
1256000.0000000002 135.752 146.372 165.84
1257000.0 135.819 146.459 165.88
1257999.9999999998 135.886 146.546 165.92
1259000.0000000002 135.953 146.633 165.96
1260000.0000000002 136.02 146.72 166.0
1261000.0 136.087 146.807 166.04
1262000.0000000005 136.15400000000002 146.89400000000003 166.08
1263000.0000000002 136.221 146.98100000000002 166.12
1264000.0 136.288 147.06799999999998 166.16
1264999.9999999998 136.355 147.15499999999997 166.2
1266000.0000000005 136.42200000000003 147.24200000000002 166.24
1267000.0000000002 136.489 147.329 166.28
1268000.0 136.55599999999998 147.416 166.32
1268999.9999999998 136.623 147.503 166.35999999999999
1270000.0000000002 136.69 147.59 166.4
1271000.0 136.757 147.677 166.44
1272000.0 136.82399999999998 147.76399999999998 166.48
1273000.0000000005 136.89100000000002 147.85100000000003 166.52
1274000.0000000002 136.958 147.93800000000002 166.56
1275000.0 137.02499999999998 148.02499999999998 166.6
1275999.9999999998 137.09199999999998 148.11199999999997 166.64
1277000.0000000002 137.15900000000002 148.199 166.68
1278000.0 137.226 148.286 166.72
1279000.0 137.29299999999998 148.373 166.76
1280000.0000000005 137.36 148.46000000000004 166.8
1281000.0000000002 137.427 148.547 166.84
1282000.0 137.494 148.634 166.88
1282999.9999999998 137.56099999999998 148.72099999999998 166.92
1284000.0000000002 137.62800000000001 148.80800000000002 166.96
1285000.0000000002 137.695 148.895 167.0
1286000.0 137.762 148.98199999999997 167.04
1287000.0000000005 137.829 149.06900000000002 167.08
1288000.0000000002 137.89600000000002 149.156 167.12
1289000.0 137.963 149.243 167.16
1289999.9999999998 138.02999999999997 149.32999999999998 167.2
1291000.0000000005 138.097 149.41700000000003 167.24
1292000.0000000002 138.164 149.50400000000002 167.28
1293000.0 138.231 149.59099999999998 167.32
1293999.9999999998 138.29799999999997 149.67799999999997 167.35999999999999
1295000.0000000002 138.365 149.76500000000001 167.4
1296000.0 138.432 149.852 167.44
1297000.0 138.49899999999997 149.93899999999996 167.48
1298000.0000000005 138.566 150.026 167.52
1299000.0000000002 138.633 150.113 167.56
1300000.0 138.7 150.2 167.6
1300999.9999999998 138.76299999999998 150.28299999999996 167.63799999999998
1302000.0000000002 138.82600000000002 150.366 167.67600000000002
1303000.0 138.889 150.449 167.714
1304000.0 138.95199999999997 150.53199999999998 167.75199999999998
1305000.0000000005 139.01500000000001 150.61500000000004 167.79000000000002
1306000.0000000002 139.078 150.698 167.828
1307000.0 139.141 150.781 167.86599999999999
1307999.9999999998 139.20399999999998 150.86399999999998 167.904
1309000.0000000002 139.26700000000002 150.94700000000003 167.942
1310000.0000000002 139.33 151.03 167.98
1311000.0 139.39299999999997 151.11299999999997 168.018
1312000.0000000005 139.45600000000002 151.19600000000003 168.056
1313000.0000000002 139.519 151.27900000000002 168.094
1314000.0 139.582 151.362 168.132
1314999.9999999998 139.64499999999998 151.44499999999996 168.17
1316000.0000000005 139.70800000000003 151.52800000000002 168.208
1317000.0000000002 139.77100000000002 151.61100000000002 168.246
1318000.0 139.834 151.694 168.284
1318999.9999999998 139.89699999999996 151.77699999999996 168.32199999999997
1320000.0000000002 139.96 151.86 168.36
1321000.0 140.023 151.943 168.398
1322000.0 140.08599999999998 152.02599999999998 168.43599999999998
1323000.0000000005 140.14900000000003 152.10900000000004 168.47400000000002
1324000.0000000002 140.21200000000002 152.192 168.512
1325000.0 140.27499999999998 152.27499999999998 168.55
1325999.9999999998 140.33799999999997 152.35799999999998 168.588
1327000.0000000002 140.401 152.44100000000003 168.626
1328000.0 140.464 152.524 168.66400000000002
1329000.0 140.527 152.60699999999997 168.702
1330000.0000000005 140.59000000000003 152.69000000000003 168.74
1331000.0000000002 140.65300000000002 152.77300000000002 168.77800000000002
1332000.0 140.716 152.856 168.816
1332999.9999999998 140.77899999999997 152.93899999999996 168.85399999999998
1334000.0000000002 140.842 153.02200000000002 168.89200000000002
1335000.0000000002 140.905 153.10500000000002 168.93
1336000.0 140.968 153.188 168.968
1337000.0000000005 141.03100000000003 153.27100000000004 169.00600000000003
1338000.0000000002 141.09400000000002 153.354 169.044
1339000.0 141.15699999999998 153.437 169.082
1339999.9999999998 141.21999999999997 153.51999999999998 169.12
1341000.0000000005 141.28300000000002 153.60300000000004 169.15800000000002
1342000.0000000002 141.346 153.686 169.196
1343000.0 141.409 153.769 169.234
1343999.9999999998 141.47199999999998 153.85199999999998 169.272
1345000.0000000002 141.53500000000003 153.93500000000003 169.31
1346000.0 141.598 154.018 169.348
1347000.0 141.66099999999997 154.10099999999997 169.386
1348000.0000000005 141.72400000000002 154.18400000000003 169.424
1349000.0000000002 141.787 154.26700000000002 169.46200000000002
1350000.0 141.85 154.35 169.5
1350999.9999999998 141.91299999999998 154.43299999999996 169.53799999999998
1352000.0000000002 141.97600000000003 154.51600000000002 169.57600000000002
1353000.0 142.03900000000002 154.599 169.614
1354000.0 142.10199999999998 154.682 169.652
1355000.0000000005 142.16500000000002 154.76500000000004 169.69000000000003
1356000.0000000002 142.228 154.848 169.728
1357000.0 142.291 154.93099999999998 169.766
1357999.9999999998 142.35399999999998 155.01399999999998 169.804
1359000.0000000002 142.41700000000003 155.09700000000004 169.842
1360000.0000000002 142.48000000000002 155.18 169.88
1361000.0 142.543 155.26299999999998 169.918
1362000.0000000005 142.60600000000002 155.34600000000003 169.95600000000002
1363000.0000000002 142.669 155.42900000000003 169.994
1364000.0 142.732 155.512 170.032
1364999.9999999998 142.795 155.59499999999997 170.07
1366000.0000000005 142.85800000000003 155.67800000000003 170.108
1367000.0000000002 142.92100000000002 155.76100000000002 170.14600000000002
1368000.0 142.98399999999998 155.844 170.184
1368999.9999999998 143.04699999999997 155.92699999999996 170.22199999999998
1370000.0000000002 143.11 156.01000000000002 170.26000000000002
1371000.0 143.173 156.09300000000002 170.298
1372000.0 143.236 156.176 170.33599999999998
1373000.0000000005 143.29900000000004 156.25900000000004 170.37400000000002
1374000.0000000002 143.36200000000002 156.342 170.412
1375000.0 143.425 156.425 170.45
1375999.9999999998 143.48799999999997 156.50799999999998 170.488
1377000.0000000002 143.55100000000002 156.59100000000004 170.526
1378000.0 143.614 156.674 170.56400000000002
1379000.0 143.677 156.757 170.602
1380000.0000000005 143.74000000000004 156.84000000000003 170.64000000000001
1381000.0000000002 143.80300000000003 156.92300000000003 170.67800000000003
1382000.0 143.86599999999999 157.006 170.716
1382999.9999999998 143.92899999999997 157.08899999999997 170.754
1384000.0000000002 143.99200000000002 157.17200000000003 170.79200000000003
1385000.0000000002 144.055 157.255 170.83
1386000.0 144.118 157.338 170.868
1387000.0000000005 144.18100000000004 157.42100000000005 170.90600000000003
1388000.0000000002 144.24400000000003 157.50400000000002 170.94400000000002
1389000.0 144.30700000000002 157.587 170.982
1389999.9999999998 144.37 157.67 171.02
1391000.0000000005 144.43300000000002 157.75300000000004 171.05800000000002
1392000.0000000002 144.496 157.836 171.096
1393000.0 144.559 157.91899999999998 171.13400000000001
1393999.9999999998 144.62199999999999 158.00199999999998 171.172
1395000.0000000002 144.68500000000003 158.08500000000004 171.21
1396000.0 144.748 158.168 171.24800000000002
1397000.0 144.81099999999998 158.25099999999998 171.286
1398000.0000000005 144.87400000000002 158.33400000000003 171.324
1399000.0000000002 144.937 158.41700000000003 171.36200000000002
1400000.0 145.0 158.5 171.4
1400999.9999999998 145.058 158.57899999999998 171.438
1402000.0000000002 145.116 158.65800000000002 171.47600000000003
1403000.0 145.174 158.73700000000002 171.514
1404000.0 145.232 158.816 171.552
1405000.0000000005 145.29000000000002 158.89500000000004 171.59000000000003
1406000.0000000002 145.348 158.97400000000002 171.62800000000001
1407000.0 145.406 159.053 171.666
1407999.9999999998 145.464 159.13199999999998 171.704
1409000.0000000002 145.52200000000002 159.21100000000004 171.74200000000002
1410000.0000000002 145.58 159.29000000000002 171.78
1411000.0 145.638 159.369 171.818
1412000.0000000005 145.69600000000003 159.44800000000004 171.85600000000002
1413000.0000000002 145.75400000000002 159.52700000000002 171.894
1414000.0 145.812 159.606 171.93200000000002
1414999.9999999998 145.87 159.685 171.97
1416000.0000000005 145.92800000000003 159.76400000000004 172.008
1417000.0000000002 145.98600000000002 159.84300000000002 172.04600000000002
1418000.0 146.044 159.922 172.084
1418999.9999999998 146.10199999999998 160.00099999999998 172.12199999999999
1420000.0000000002 146.16000000000003 160.08 172.16000000000003
1421000.0 146.21800000000002 160.15900000000002 172.198
1422000.0 146.27599999999998 160.238 172.236
1423000.0000000005 146.33400000000003 160.31700000000004 172.27400000000003
1424000.0000000002 146.39200000000002 160.39600000000002 172.312
1425000.0 146.45 160.475 172.35
1425999.9999999998 146.50799999999998 160.55399999999997 172.388
1427000.0000000002 146.56600000000003 160.63300000000004 172.42600000000002
1428000.0 146.62400000000002 160.71200000000002 172.464
1429000.0 146.682 160.791 172.502
1430000.0000000005 146.74000000000004 160.87000000000003 172.54000000000002
1431000.0000000002 146.79800000000003 160.949 172.578
1432000.0 146.856 161.028 172.616
1432999.9999999998 146.914 161.107 172.654
1434000.0000000002 146.97200000000004 161.18600000000004 172.692
1435000.0000000002 147.03 161.26500000000001 172.73000000000002
1436000.0 147.088 161.344 172.768
1437000.0000000005 147.14600000000004 161.42300000000003 172.806
1438000.0000000002 147.204 161.502 172.84400000000002
1439000.0 147.262 161.58100000000002 172.882
1439999.9999999998 147.32 161.66 172.92
1441000.0000000005 147.37800000000001 161.73900000000003 172.95800000000003
1442000.0000000002 147.436 161.818 172.996
1443000.0 147.494 161.897 173.034
1443999.9999999998 147.552 161.97599999999997 173.072
1445000.0000000002 147.61 162.05500000000004 173.11
1446000.0 147.668 162.13400000000001 173.148
1447000.0 147.726 162.213 173.186
1448000.0000000005 147.78400000000002 162.29200000000003 173.22400000000002
1449000.0000000002 147.842 162.371 173.262
1450000.0 147.9 162.45 173.3
1450999.9999999998 147.958 162.529 173.338
1452000.0000000002 148.01600000000002 162.60800000000003 173.376
1453000.0 148.074 162.687 173.414
1454000.0 148.132 162.766 173.452
1455000.0000000005 148.19000000000003 162.84500000000003 173.49
1456000.0000000002 148.24800000000002 162.92400000000004 173.528
1457000.0 148.306 163.00300000000001 173.566
1457999.9999999998 148.364 163.082 173.60399999999998
1459000.0000000002 148.42200000000003 163.16100000000003 173.642
1460000.0000000002 148.48000000000002 163.24 173.68
1461000.0 148.538 163.319 173.718
1462000.0000000005 148.59600000000003 163.39800000000005 173.756
1463000.0000000002 148.65400000000002 163.47700000000003 173.794
1464000.0 148.71200000000002 163.556 173.832
1464999.9999999998 148.77 163.635 173.86999999999998
1466000.0000000005 148.82800000000003 163.71400000000003 173.90800000000002
1467000.0000000002 148.88600000000002 163.793 173.946
1468000.0 148.94400000000002 163.872 173.98399999999998
1468999.9999999998 149.00199999999998 163.951 174.022
1470000.0000000002 149.06000000000003 164.03000000000003 174.06
1471000.0 149.11800000000002 164.109 174.09799999999998
1472000.0 149.176 164.188 174.136
1473000.0000000005 149.23400000000004 164.26700000000002 174.174
1474000.0000000002 149.29200000000003 164.34600000000003 174.212
1475000.0 149.35000000000002 164.425 174.25
1475999.9999999998 149.408 164.504 174.28799999999998
1477000.0000000002 149.46600000000004 164.58300000000003 174.326
1478000.0 149.524 164.662 174.364
1479000.0 149.582 164.74099999999999 174.402
1480000.0000000005 149.64000000000004 164.82000000000005 174.44
1481000.0000000002 149.69800000000004 164.89900000000003 174.478
1482000.0 149.756 164.978 174.516
1482999.9999999998 149.814 165.057 174.55399999999997
1484000.0000000002 149.87200000000004 165.13600000000002 174.592
1485000.0000000002 149.93 165.215 174.63
1486000.0 149.988 165.294 174.66799999999998
1487000.0000000005 150.04600000000005 165.37300000000005 174.70600000000002
1488000.0000000002 150.104 165.45200000000003 174.744
1489000.0 150.162 165.531 174.78199999999998
1489999.9999999998 150.22 165.60999999999999 174.82
1491000.0000000005 150.27800000000002 165.68900000000002 174.858
1492000.0000000002 150.336 165.76800000000003 174.896
1493000.0 150.394 165.847 174.934
1493999.9999999998 150.452 165.926 174.97199999999998
1495000.0000000002 150.51000000000002 166.00500000000002 175.01
1496000.0 150.568 166.084 175.048
1497000.0 150.626 166.163 175.08599999999998
1498000.0000000005 150.68400000000003 166.24200000000005 175.124
1499000.0000000002 150.74200000000002 166.32100000000003 175.162
1500000.0 150.8 166.4 175.2
1500999.9999999998 150.855 166.476 175.237
1502000.0000000002 150.91000000000003 166.55200000000002 175.274
1503000.0 150.96500000000003 166.62800000000001 175.311
1504000.0 151.02 166.704 175.34799999999998
1505000.0000000005 151.07500000000005 166.78000000000003 175.38500000000002
1506000.0000000002 151.13000000000002 166.85600000000002 175.422
1507000.0 151.185 166.93200000000002 175.459
1507999.9999999998 151.24 167.00799999999998 175.49599999999998
1509000.0000000002 151.29500000000002 167.08400000000003 175.53300000000002
1510000.0000000002 151.35000000000002 167.16000000000003 175.57
1511000.0 151.405 167.236 175.607
1512000.0000000005 151.46000000000004 167.31200000000004 175.644
1513000.0000000002 151.51500000000001 167.38800000000003 175.681
1514000.0 151.57000000000002 167.464 175.718
1514999.9999999998 151.625 167.54 175.755
1516000.0000000005 151.68000000000004 167.61600000000004 175.792
1517000.0000000002 151.735 167.692 175.829
1518000.0 151.79000000000002 167.768 175.86599999999999
1518999.9999999998 151.845 167.844 175.903
1520000.0000000002 151.90000000000003 167.92000000000002 175.94
1521000.0 151.955 167.996 175.977
1522000.0 152.01 168.072 176.01399999999998
1523000.0000000005 152.06500000000003 168.14800000000002 176.05100000000002
1524000.0000000002 152.12000000000003 168.22400000000002 176.088
1525000.0 152.175 168.3 176.125
1525999.9999999998 152.23 168.37599999999998 176.16199999999998
1527000.0000000002 152.28500000000003 168.45200000000003 176.199
1528000.0 152.34000000000003 168.52800000000002 176.236
1529000.0 152.395 168.60399999999998 176.273
1530000.0000000005 152.45000000000005 168.68000000000004 176.31
1531000.0000000002 152.50500000000002 168.75600000000003 176.347
1532000.0 152.56 168.832 176.384
1532999.9999999998 152.615 168.908 176.421
1534000.0000000002 152.67000000000002 168.98400000000004 176.458
1535000.0000000002 152.72500000000002 169.06 176.495
1536000.0 152.78 169.136 176.53199999999998
1537000.0000000005 152.83500000000004 169.21200000000005 176.56900000000002
1538000.0000000002 152.89000000000001 169.288 176.606
1539000.0 152.94500000000002 169.364 176.643
1539999.9999999998 153.0 169.44 176.67999999999998
1541000.0000000005 153.05500000000004 169.51600000000002 176.717
1542000.0000000002 153.11 169.592 176.754
1543000.0 153.16500000000002 169.668 176.791
1543999.9999999998 153.22 169.744 176.82799999999997
1545000.0000000002 153.27500000000003 169.82000000000002 176.865
1546000.0 153.33 169.89600000000002 176.902
1547000.0 153.385 169.97199999999998 176.939
1548000.0000000005 153.44000000000003 170.04800000000003 176.976
1549000.0000000002 153.49500000000003 170.12400000000002 177.013
1550000.0 153.55 170.2 177.05
1550999.9999999998 153.605 170.27599999999998 177.087
1552000.0000000002 153.66000000000003 170.35200000000003 177.124
1553000.0 153.71500000000003 170.428 177.161
1554000.0 153.77 170.504 177.198
1555000.0000000005 153.82500000000005 170.58000000000004 177.235
1556000.0000000002 153.88000000000002 170.656 177.27200000000002
1557000.0 153.935 170.732 177.309
1557999.9999999998 153.99 170.808 177.346
1559000.0000000002 154.04500000000002 170.88400000000001 177.383
1560000.0000000002 154.10000000000002 170.96 177.42000000000002
1561000.0 154.155 171.036 177.457
1562000.0000000005 154.21000000000004 171.11200000000002 177.49400000000003
1563000.0000000002 154.26500000000001 171.18800000000002 177.531
1564000.0 154.32000000000002 171.264 177.568
1564999.9999999998 154.375 171.34 177.605
1566000.0000000005 154.43000000000004 171.41600000000003 177.64200000000002
1567000.0000000002 154.485 171.49200000000002 177.679
1568000.0 154.54000000000002 171.568 177.716
1568999.9999999998 154.595 171.64399999999998 177.753
1570000.0000000002 154.65000000000003 171.72000000000003 177.79000000000002
1571000.0 154.705 171.79600000000002 177.827
1572000.0 154.76 171.87199999999999 177.864
1573000.0000000005 154.81500000000003 171.94800000000004 177.901
1574000.0000000002 154.87000000000003 172.02400000000003 177.93800000000002
1575000.0 154.925 172.1 177.975
1575999.9999999998 154.98 172.176 178.012
1577000.0000000002 155.03500000000003 172.25200000000004 178.049
1578000.0 155.09000000000003 172.328 178.086
1579000.0 155.145 172.404 178.123
1580000.0000000005 155.20000000000005 172.48000000000005 178.16000000000003
1581000.0000000002 155.25500000000002 172.556 178.197
1582000.0 155.31 172.632 178.234
1582999.9999999998 155.365 172.708 178.271
1584000.0000000002 155.42000000000002 172.78400000000002 178.30800000000002
1585000.0000000002 155.47500000000002 172.86 178.345
1586000.0 155.53 172.936 178.382
1587000.0000000005 155.58500000000004 173.01200000000003 178.419
1588000.0000000002 155.64000000000001 173.08800000000002 178.45600000000002
1589000.0 155.69500000000002 173.16400000000002 178.493
1589999.9999999998 155.75 173.23999999999998 178.53
1591000.0000000005 155.80500000000004 173.31600000000003 178.567
1592000.0000000002 155.86 173.39200000000002 178.604
1593000.0 155.91500000000002 173.468 178.641
1593999.9999999998 155.97 173.54399999999998 178.678
1595000.0000000002 156.02500000000003 173.62000000000003 178.715
1596000.0 156.08 173.696 178.752
1597000.0 156.135 173.772 178.789
1598000.0000000005 156.19000000000003 173.84800000000004 178.82600000000002
1599000.0000000002 156.24500000000003 173.924 178.863
1600000.0 156.3 174.0 178.9
1600999.9999999998 156.351 174.07199999999997 178.937
1602000.0000000002 156.40200000000002 174.14400000000003 178.97400000000002
1603000.0 156.453 174.216 179.011
1604000.0 156.50400000000002 174.28799999999998 179.048
1605000.0000000005 156.55500000000004 174.36000000000004 179.085
1606000.0000000002 156.60600000000002 174.43200000000002 179.122
1607000.0 156.657 174.504 179.159
1607999.9999999998 156.708 174.576 179.196
1609000.0000000002 156.75900000000001 174.64800000000002 179.233
1610000.0000000002 156.81000000000003 174.72 179.27
1611000.0 156.86100000000002 174.792 179.30700000000002
1612000.0000000005 156.91200000000003 174.86400000000003 179.34400000000002
1613000.0000000002 156.96300000000002 174.936 179.381
1614000.0 157.014 175.008 179.418
1614999.9999999998 157.065 175.07999999999998 179.455
1616000.0000000005 157.11600000000004 175.15200000000002 179.49200000000002
1617000.0000000002 157.16700000000003 175.22400000000002 179.529
1618000.0 157.21800000000002 175.296 179.566
1618999.9999999998 157.269 175.368 179.603
1620000.0000000002 157.32000000000002 175.44000000000003 179.64000000000001
1621000.0 157.371 175.512 179.677
1622000.0 157.422 175.584 179.714
1623000.0000000005 157.47300000000004 175.65600000000003 179.751
1624000.0000000002 157.52400000000003 175.728 179.788
1625000.0 157.57500000000002 175.8 179.825
1625999.9999999998 157.626 175.87199999999999 179.862
1627000.0000000002 157.67700000000002 175.94400000000002 179.899
1628000.0 157.728 176.016 179.936
1629000.0 157.779 176.088 179.973
1630000.0000000005 157.83000000000004 176.16000000000003 180.01000000000002
1631000.0000000002 157.88100000000003 176.232 180.047
1632000.0 157.93200000000002 176.304 180.084
1632999.9999999998 157.983 176.37599999999998 180.121
1634000.0000000002 158.03400000000002 176.448 180.15800000000002
1635000.0000000002 158.085 176.52 180.195
1636000.0 158.136 176.59199999999998 180.232
1637000.0000000005 158.18700000000004 176.66400000000002 180.269
1638000.0000000002 158.23800000000003 176.73600000000002 180.306
1639000.0 158.28900000000002 176.808 180.343
1639999.9999999998 158.34 176.88 180.38
1641000.0000000005 158.39100000000002 176.95200000000003 180.417
1642000.0000000002 158.442 177.024 180.454
1643000.0 158.493 177.096 180.49099999999999
1643999.9999999998 158.544 177.16799999999998 180.528
1645000.0000000002 158.59500000000003 177.24 180.565
1646000.0 158.64600000000002 177.312 180.602
1647000.0 158.697 177.384 180.639
1648000.0000000005 158.74800000000002 177.45600000000002 180.67600000000002
1649000.0000000002 158.799 177.52800000000002 180.713
1650000.0 158.85000000000002 177.6 180.75
1650999.9999999998 158.901 177.67199999999997 180.787
1652000.0000000002 158.95200000000003 177.74400000000003 180.824
1653000.0 159.00300000000001 177.816 180.861
1654000.0 159.054 177.88799999999998 180.898
1655000.0000000005 159.10500000000002 177.96000000000004 180.935
1656000.0000000002 159.156 178.032 180.972
1657000.0 159.20700000000002 178.10399999999998 181.00900000000001
1657999.9999999998 159.258 178.176 181.046
1659000.0000000002 159.30900000000003 178.24800000000002 181.083
1660000.0000000002 159.36 178.32 181.12
1661000.0 159.411 178.392 181.15699999999998
1662000.0000000005 159.46200000000002 178.46400000000003 181.19400000000002
1663000.0000000002 159.51300000000003 178.536 181.231
1664000.0 159.56400000000002 178.608 181.268
1664999.9999999998 159.615 178.67999999999998 181.305
1666000.0000000005 159.66600000000003 178.752 181.342
1667000.0000000002 159.717 178.824 181.379
1668000.0 159.768 178.896 181.416
1668999.9999999998 159.819 178.968 181.453
1670000.0000000002 159.87000000000003 179.04000000000002 181.49
1671000.0 159.92100000000002 179.112 181.527
1672000.0 159.972 179.18399999999997 181.564
1673000.0000000005 160.02300000000002 179.25600000000003 181.601
1674000.0000000002 160.074 179.328 181.638
1675000.0 160.125 179.39999999999998 181.675
1675999.9999999998 160.176 179.47199999999998 181.712
1677000.0000000002 160.22700000000003 179.544 181.749
1678000.0 160.27800000000002 179.61599999999999 181.786
1679000.0 160.329 179.688 181.823
1680000.0000000005 160.38000000000002 179.76000000000002 181.86
1681000.0000000002 160.431 179.832 181.897
1682000.0 160.482 179.904 181.934
1682999.9999999998 160.533 179.97599999999997 181.971
1684000.0000000002 160.58400000000003 180.048 182.008
1685000.0000000002 160.63500000000002 180.12 182.045
1686000.0 160.686 180.19199999999998 182.082
1687000.0000000005 160.73700000000002 180.264 182.119
1688000.0000000002 160.788 180.336 182.156
1689000.0 160.839 180.408 182.19299999999998
1689999.9999999998 160.89 180.48 182.23
1691000.0000000005 160.94100000000003 180.55200000000002 182.267
1692000.0000000002 160.99200000000002 180.624 182.304
1693000.0 161.043 180.696 182.341
1693999.9999999998 161.094 180.76799999999997 182.378
1695000.0000000002 161.145 180.84 182.415
1696000.0 161.196 180.912 182.452
1697000.0 161.247 180.98399999999998 182.489
1698000.0000000005 161.29800000000003 181.056 182.526
1699000.0000000002 161.34900000000002 181.12800000000001 182.563
1700000.0 161.4 181.2 182.6
1700999.9999999998 161.447 181.26899999999998 182.636
1702000.0000000002 161.49400000000003 181.33800000000002 182.672
1703000.0 161.541 181.407 182.708
1704000.0 161.588 181.47599999999997 182.744
1705000.0000000005 161.63500000000002 181.54500000000002 182.78
1706000.0000000002 161.68200000000002 181.614 182.816
1707000.0 161.729 181.683 182.852
1707999.9999999998 161.776 181.75199999999998 182.88799999999998
1709000.0000000002 161.823 181.82100000000003 182.924
1710000.0000000002 161.87 181.89 182.96
1711000.0 161.917 181.95899999999997 182.99599999999998
1712000.0000000005 161.96400000000003 182.02800000000002 183.032
1713000.0000000002 162.01100000000002 182.097 183.068
1714000.0 162.058 182.166 183.10399999999998
1714999.9999999998 162.105 182.23499999999999 183.14
1716000.0000000005 162.15200000000002 182.304 183.17600000000002
1717000.0000000002 162.199 182.373 183.212
1718000.0 162.246 182.44199999999998 183.248
1718999.9999999998 162.293 182.51099999999997 183.284
1720000.0000000002 162.34 182.58 183.32
1721000.0 162.387 182.649 183.356
1722000.0 162.434 182.718 183.392
1723000.0000000005 162.48100000000002 182.787 183.428
1724000.0000000002 162.52800000000002 182.856 183.464
1725000.0 162.575 182.92499999999998 183.5
1725999.9999999998 162.62199999999999 182.99399999999997 183.53599999999997
1727000.0000000002 162.669 183.06300000000002 183.572
1728000.0 162.716 183.132 183.608
1729000.0 162.763 183.201 183.64399999999998
1730000.0000000005 162.81000000000003 183.27 183.68
1731000.0000000002 162.857 183.339 183.716
1732000.0 162.904 183.408 183.75199999999998
1732999.9999999998 162.951 183.47699999999998 183.78799999999998
1734000.0000000002 162.99800000000002 183.54600000000002 183.824
1735000.0000000002 163.04500000000002 183.615 183.85999999999999
1736000.0 163.092 183.684 183.896
1737000.0000000005 163.139 183.75300000000001 183.93200000000002
1738000.0000000002 163.186 183.822 183.968
1739000.0 163.233 183.891 184.004
1739999.9999999998 163.28 183.95999999999998 184.04
1741000.0000000005 163.32700000000003 184.02900000000002 184.076
1742000.0000000002 163.374 184.098 184.112
1743000.0 163.421 184.167 184.148
1743999.9999999998 163.468 184.23599999999996 184.184
1745000.0000000002 163.51500000000001 184.305 184.22
1746000.0 163.562 184.374 184.256
1747000.0 163.609 184.44299999999998 184.292
1748000.0000000005 163.656 184.51200000000003 184.328
1749000.0000000002 163.703 184.58100000000002 184.364
1750000.0 163.75 184.64999999999998 184.39999999999998
1750999.9999999998 163.797 184.71899999999997 184.43599999999998
1752000.0000000002 163.84400000000002 184.788 184.472
1753000.0 163.891 184.857 184.50799999999998
1754000.0 163.938 184.926 184.54399999999998
1755000.0000000005 163.985 184.99500000000003 184.58
1756000.0000000002 164.032 185.06400000000002 184.61599999999999
1757000.0 164.079 185.13299999999998 184.652
1757999.9999999998 164.126 185.20199999999997 184.688
1759000.0000000002 164.173 185.27100000000002 184.724
1760000.0000000002 164.22 185.34 184.76
1761000.0 164.267 185.409 184.796
1762000.0000000005 164.31400000000002 185.47800000000004 184.832
1763000.0000000002 164.36100000000002 185.547 184.868
1764000.0 164.40800000000002 185.61599999999999 184.904
1764999.9999999998 164.45499999999998 185.68499999999997 184.94
1766000.0000000005 164.502 185.75400000000002 184.976
1767000.0000000002 164.549 185.823 185.012
1768000.0 164.596 185.892 185.048
1768999.9999999998 164.643 185.96099999999998 185.08399999999997
1770000.0000000002 164.69 186.03 185.12
1771000.0 164.737 186.099 185.156
1772000.0 164.784 186.16799999999998 185.19199999999998
1773000.0000000005 164.83100000000002 186.23700000000002 185.228
1774000.0000000002 164.87800000000001 186.306 185.264
1775000.0 164.925 186.375 185.29999999999998
1775999.9999999998 164.97199999999998 186.444 185.33599999999998
1777000.0000000002 165.019 186.513 185.372
1778000.0 165.066 186.582 185.408
1779000.0 165.113 186.65099999999998 185.444
1780000.0000000005 165.16000000000003 186.72000000000003 185.48000000000002
1781000.0000000002 165.207 186.78900000000002 185.516
1782000.0 165.254 186.858 185.552
1782999.9999999998 165.301 186.927 185.588
1784000.0000000002 165.348 186.996 185.624
1785000.0000000002 165.395 187.065 185.66
1786000.0 165.442 187.134 185.696
1787000.0000000005 165.489 187.20300000000003 185.732
1788000.0000000002 165.536 187.27200000000002 185.768
1789000.0 165.583 187.341 185.804
1789999.9999999998 165.63 187.41 185.83999999999997
1791000.0000000005 165.67700000000002 187.479 185.876
1792000.0000000002 165.724 187.548 185.912
1793000.0 165.771 187.617 185.94799999999998
1793999.9999999998 165.81799999999998 187.68599999999998 185.98399999999998
1795000.0000000002 165.865 187.75500000000002 186.02
1796000.0 165.912 187.824 186.05599999999998
1797000.0 165.959 187.89299999999997 186.09199999999998
1798000.0000000005 166.006 187.96200000000002 186.12800000000001
1799000.0000000002 166.053 188.031 186.164
1800000.0 166.1 188.1 186.2
1801999.9999999995 166.18499999999997 188.22999999999996 186.26899999999998
1804000.0000000007 166.27 188.36000000000004 186.33800000000002
1806000.0000000002 166.35500000000002 188.49 186.407
1807999.9999999998 166.44 188.61999999999998 186.47599999999997
1810000.000000001 166.52500000000003 188.75000000000006 186.54500000000002
1812000.0000000005 166.61 188.88000000000002 186.614
1814000.0 166.695 189.01 186.683
1815999.9999999998 166.77999999999997 189.14 186.75199999999998
1818000.0000000007 166.865 189.27000000000004 186.82100000000003
1820000.0000000002 166.95000000000002 189.4 186.89
1822000.0 167.035 189.52999999999997 186.95899999999997
1824000.000000001 167.12000000000003 189.66000000000005 187.02800000000002
1826000.0000000005 167.205 189.79000000000002 187.097
1828000.0 167.29 189.92000000000002 187.166
1829999.9999999998 167.37499999999997 190.04999999999998 187.23499999999999
1832000.0000000007 167.46000000000004 190.18000000000004 187.304
1834000.0000000002 167.54500000000002 190.31 187.373
1836000.0 167.63 190.44 187.44199999999998
1837999.9999999995 167.71499999999997 190.56999999999996 187.51099999999997
1840000.0000000005 167.8 190.70000000000005 187.58
1842000.0000000002 167.885 190.83 187.649
1843999.9999999998 167.96999999999997 190.95999999999998 187.718
1846000.0000000007 168.05500000000004 191.09000000000003 187.787
1848000.0000000005 168.14000000000001 191.22000000000003 187.856
1850000.0 168.225 191.35 187.92499999999998
1851999.9999999995 168.30999999999997 191.47999999999996 187.99399999999997
1854000.0000000007 168.395 191.61000000000004 188.06300000000002
1856000.0000000002 168.48000000000002 191.74 188.132
1857999.9999999998 168.565 191.86999999999998 188.201
1860000.000000001 168.65000000000003 192.00000000000006 188.27
1862000.0000000005 168.735 192.13000000000002 188.339
1864000.0 168.82 192.26 188.408
1865999.9999999998 168.90499999999997 192.39 188.47699999999998
1868000.0000000007 168.99 192.52000000000004 188.54600000000002
1870000.0000000002 169.07500000000002 192.65 188.615
1872000.0 169.16 192.77999999999997 188.684
1874000.000000001 169.24500000000003 192.91000000000005 188.75300000000001
1876000.0000000005 169.33 193.04000000000002 188.822
1878000.0 169.415 193.17000000000002 188.891
1879999.9999999998 169.49999999999997 193.29999999999998 188.95999999999998
1882000.0000000007 169.58500000000004 193.43000000000004 189.02900000000002
1884000.0000000002 169.67000000000002 193.56 189.098
1886000.0 169.755 193.69 189.167
1887999.9999999995 169.83999999999997 193.81999999999996 189.23599999999996
1890000.0000000005 169.925 193.95000000000005 189.305
1892000.0000000002 170.01 194.08 189.374
1893999.9999999998 170.09499999999997 194.20999999999998 189.44299999999998
1896000.0000000007 170.18000000000004 194.34000000000003 189.51200000000003
1898000.0000000005 170.26500000000001 194.47000000000003 189.58100000000002
1900000.0 170.35 194.6 189.64999999999998
1901999.9999999995 170.43499999999997 194.72999999999996 189.71899999999997
1904000.0000000007 170.52 194.86000000000004 189.788
1906000.0000000002 170.60500000000002 194.99 189.857
1907999.9999999998 170.69 195.11999999999998 189.926
1910000.000000001 170.77500000000003 195.25000000000006 189.99500000000003
1912000.0000000005 170.86 195.38000000000002 190.06400000000002
1914000.0 170.945 195.51 190.13299999999998
1915999.9999999998 171.02999999999997 195.64 190.20199999999997
1918000.0000000007 171.115 195.77000000000004 190.27100000000002
1920000.0000000002 171.20000000000002 195.9 190.34
1922000.0 171.285 196.02999999999997 190.409
1924000.000000001 171.37000000000003 196.16000000000005 190.47800000000004
1926000.0000000005 171.455 196.29000000000002 190.547
1928000.0 171.54 196.42000000000002 190.61599999999999
1929999.9999999998 171.62499999999997 196.54999999999998 190.68499999999997
1932000.0000000007 171.71000000000004 196.68000000000004 190.75400000000002
1934000.0000000005 171.79500000000002 196.81 190.823
1936000.0 171.88 196.94 190.892
1937999.9999999995 171.96499999999997 197.06999999999996 190.96099999999998
1940000.0000000005 172.05 197.20000000000005 191.03
1942000.0000000002 172.135 197.33 191.099
1943999.9999999998 172.21999999999997 197.45999999999998 191.16799999999998
1946000.0000000007 172.30500000000004 197.59000000000003 191.23700000000002
1948000.0000000005 172.39000000000001 197.72000000000003 191.306
1950000.0 172.475 197.85 191.375
1951999.9999999995 172.55999999999997 197.97999999999996 191.444
1954000.0000000007 172.645 198.11000000000004 191.513
1956000.0000000002 172.73000000000002 198.24 191.582
1957999.9999999998 172.815 198.36999999999998 191.65099999999998
1960000.000000001 172.90000000000003 198.50000000000006 191.72000000000003
1962000.0000000005 172.985 198.63000000000002 191.78900000000002
1964000.0 173.07 198.76 191.858
1965999.9999999995 173.15499999999997 198.89 191.927
1968000.0000000007 173.24 199.02000000000004 191.996
1970000.0000000002 173.32500000000002 199.15 192.065
1972000.0 173.41 199.27999999999997 192.134
1974000.000000001 173.49500000000003 199.41000000000005 192.20300000000003
1976000.0000000005 173.58 199.54000000000002 192.27200000000002
1978000.0 173.665 199.67000000000002 192.341
1979999.9999999998 173.74999999999997 199.79999999999998 192.41
1982000.0000000007 173.83500000000004 199.93000000000004 192.479
1984000.0000000005 173.92000000000002 200.06 192.548
1986000.0 174.005 200.19 192.617
1987999.9999999995 174.08999999999997 200.31999999999996 192.68599999999998
1990000.0000000005 174.175 200.45000000000005 192.75500000000002
1992000.0000000002 174.26 200.58 192.824
1993999.9999999998 174.34499999999997 200.70999999999998 192.89299999999997
1996000.0000000007 174.43000000000004 200.84000000000003 192.96200000000002
1998000.0000000005 174.51500000000001 200.97000000000003 193.031
2000000.0 174.6 201.1 193.1
2002499.9999999995 174.69099999999997 201.24899999999997 193.18399999999997
2005000.0000000007 174.782 201.39800000000005 193.26800000000003
2007500.0000000002 174.873 201.54700000000003 193.352
2009999.9999999998 174.964 201.69599999999997 193.43599999999998
2012500.0000000012 175.05500000000004 201.84500000000006 193.52000000000004
2015000.0000000005 175.14600000000002 201.99400000000003 193.604
2017500.0 175.237 202.143 193.688
2019999.9999999995 175.32799999999997 202.29199999999997 193.772
2022500.000000001 175.419 202.44100000000006 193.85600000000002
2025000.0000000005 175.51000000000002 202.59 193.94
2027499.9999999998 175.601 202.73899999999998 194.024
2030000.0000000012 175.69200000000004 202.88800000000006 194.10800000000003
2032500.0000000007 175.78300000000002 203.03700000000003 194.192
2035000.0000000002 175.874 203.186 194.276
2037499.9999999995 175.96499999999997 203.33499999999998 194.35999999999999
2040000.000000001 176.05600000000004 203.48400000000004 194.44400000000002
2042500.0000000005 176.14700000000002 203.633 194.52800000000002
2045000.0 176.238 203.78199999999998 194.612
2047499.9999999995 176.32899999999998 203.93099999999995 194.69599999999997
2050000.0000000007 176.42000000000002 204.08000000000004 194.78000000000003
2052500.0000000002 176.511 204.229 194.864
2054999.9999999998 176.60199999999998 204.378 194.94799999999998
2057500.000000001 176.69300000000004 204.52700000000004 195.03200000000004
2060000.0000000005 176.78400000000002 204.67600000000002 195.116
2062500.0 176.875 204.825 195.2
2064999.9999999995 176.96599999999998 204.97399999999996 195.284
2067500.0000000007 177.05700000000002 205.12300000000005 195.36800000000002
2070000.0000000002 177.148 205.27200000000002 195.452
2072499.9999999998 177.23899999999998 205.421 195.536
2075000.0000000012 177.33000000000004 205.57000000000005 195.62000000000003
2077500.0000000005 177.42100000000002 205.71900000000002 195.704
2080000.0 177.512 205.868 195.788
2082499.9999999995 177.60299999999998 206.01699999999997 195.87199999999999
2085000.000000001 177.69400000000002 206.16600000000005 195.95600000000002
2087500.0000000005 177.785 206.31500000000003 196.04000000000002
2089999.9999999998 177.87599999999998 206.464 196.124
2092500.0000000012 177.96700000000004 206.61300000000006 196.20800000000003
2095000.0000000007 178.05800000000002 206.76200000000003 196.29200000000003
2097500.0 178.149 206.911 196.376
2099999.9999999995 178.23999999999998 207.05999999999997 196.45999999999998
2102500.000000001 178.33100000000002 207.20900000000006 196.54400000000004
2105000.0000000005 178.422 207.35800000000003 196.62800000000001
2107500.0 178.51299999999998 207.507 196.712
2109999.9999999995 178.60399999999998 207.65599999999995 196.79599999999996
2112500.000000001 178.69500000000002 207.80500000000004 196.88000000000002
2115000.0 178.786 207.954 196.964
2117499.9999999995 178.87699999999998 208.10299999999998 197.048
2120000.000000001 178.96800000000002 208.25200000000007 197.13200000000003
2122500.0000000005 179.059 208.40100000000004 197.216
2125000.0 179.14999999999998 208.55 197.3
2127499.9999999995 179.24099999999999 208.69899999999996 197.384
2130000.000000001 179.33200000000002 208.84800000000004 197.46800000000002
2132500.0000000005 179.423 208.997 197.55200000000002
2135000.0 179.51399999999998 209.146 197.636
2137500.000000001 179.60500000000002 209.29500000000007 197.72000000000003
2140000.0000000005 179.69600000000003 209.44400000000002 197.80400000000003
2142500.0 179.787 209.593 197.888
2144999.9999999995 179.878 209.74199999999996 197.97199999999998
2147500.000000001 179.96900000000002 209.89100000000005 198.05600000000004
2150000.0000000005 180.06 210.04000000000002 198.14000000000001
2152500.0 180.15099999999998 210.189 198.224
2155000.000000001 180.24200000000002 210.33800000000008 198.30800000000005
2157500.0000000005 180.33300000000003 210.48700000000002 198.39200000000002
2160000.0 180.424 210.636 198.476
2162499.9999999995 180.515 210.78499999999997 198.55999999999997
2165000.000000001 180.60600000000002 210.93400000000005 198.64400000000003
2167500.0000000005 180.697 211.08300000000003 198.728
2170000.0 180.78799999999998 211.232 198.81199999999998
2172500.0000000014 180.87900000000005 211.38100000000006 198.89600000000004
2175000.000000001 180.97000000000003 211.53000000000003 198.98000000000002
2177500.0 181.061 211.679 199.064
2179999.9999999995 181.152 211.82799999999997 199.148
2182500.000000001 181.24300000000002 211.97700000000006 199.23200000000003
2185000.0000000005 181.334 212.12600000000003 199.316
2187500.0 181.42499999999998 212.275 199.4
2189999.9999999995 181.51599999999996 212.42399999999998 199.48399999999998
2192500.000000001 181.60700000000003 212.57300000000004 199.568
2195000.0000000005 181.698 212.722 199.65200000000002
2197500.0 181.789 212.87099999999998 199.736
2200000.000000001 181.88000000000002 213.02000000000007 199.82000000000002
2202500.0000000005 181.971 213.16900000000004 199.90400000000002
2205000.0 182.06199999999998 213.318 199.988
2207499.9999999995 182.15299999999996 213.46699999999998 200.07199999999997
2210000.000000001 182.24400000000003 213.61600000000004 200.15600000000003
2212500.0000000005 182.335 213.76500000000001 200.24
2215000.0 182.426 213.914 200.32399999999998
2217500.000000001 182.51700000000002 214.06300000000007 200.40800000000004
2220000.0000000005 182.608 214.21200000000005 200.49200000000002
2222500.0 182.69899999999998 214.36100000000002 200.576
2224999.9999999995 182.78999999999996 214.51 200.66
2227500.000000001 182.88100000000003 214.65900000000005 200.74400000000003
2230000.0000000005 182.972 214.80800000000002 200.828
2232500.0 183.063 214.957 200.912
2235000.0000000014 183.15400000000002 215.10600000000008 200.99600000000004
2237500.000000001 183.245 215.25500000000005 201.08
2240000.0 183.33599999999998 215.40400000000002 201.16400000000002
2242499.9999999995 183.42699999999996 215.553 201.248
2245000.000000001 183.51800000000003 215.70200000000006 201.33200000000002
2247500.0000000005 183.609 215.85100000000003 201.41600000000003
2250000.0 183.7 216.0 201.5
2252499.9999999995 183.77399999999997 216.13499999999996 201.57799999999997
2255000.000000001 183.848 216.27000000000004 201.65600000000003
2257500.0000000005 183.922 216.40500000000003 201.734
2260000.0 183.99599999999998 216.54 201.81199999999998
2262500.000000001 184.07000000000002 216.67500000000007 201.89000000000004
2265000.0000000005 184.144 216.81000000000003 201.96800000000002
2267500.0 184.218 216.945 202.046
2269999.9999999995 184.29199999999997 217.07999999999998 202.124
2272500.000000001 184.366 217.21500000000003 202.20200000000003
2275000.0000000005 184.44 217.35000000000002 202.28
2277500.0 184.51399999999998 217.48499999999999 202.358
2280000.000000001 184.58800000000002 217.62000000000006 202.43600000000004
2282500.0000000005 184.662 217.75500000000002 202.514
2285000.0 184.736 217.89000000000001 202.592
2287499.9999999995 184.80999999999997 218.02499999999998 202.67
2290000.000000001 184.88400000000001 218.16000000000005 202.74800000000002
2292500.0000000005 184.958 218.29500000000002 202.82600000000002
2295000.0 185.03199999999998 218.43 202.904
2297500.0000000014 185.10600000000002 218.56500000000005 202.98200000000003
2300000.000000001 185.18 218.70000000000005 203.06000000000003
2302500.0 185.254 218.835 203.138
2304999.9999999995 185.32799999999997 218.96999999999997 203.21599999999998
2307500.000000001 185.40200000000002 219.10500000000005 203.29400000000004
2310000.0000000005 185.476 219.24000000000004 203.372
2312500.0 185.54999999999998 219.375 203.45
2314999.9999999995 185.62399999999997 219.50999999999996 203.528
2317500.000000001 185.698 219.64500000000004 203.60600000000002
2320000.0000000005 185.772 219.78000000000003 203.68400000000003
2322500.0 185.84599999999998 219.915 203.762
2325000.000000001 185.92000000000002 220.05000000000007 203.84000000000003
2327500.0000000005 185.994 220.18500000000003 203.91800000000003
2330000.0 186.06799999999998 220.32 203.996
2332499.9999999995 186.14199999999997 220.45499999999998 204.07399999999998
2335000.000000001 186.216 220.59000000000003 204.15200000000004
2337500.0000000005 186.29 220.72500000000002 204.23000000000002
2340000.0 186.36399999999998 220.85999999999999 204.308
2342500.000000001 186.43800000000002 220.99500000000006 204.38600000000005
2345000.0000000005 186.512 221.13000000000002 204.46400000000003
2347500.0 186.58599999999998 221.26500000000001 204.542
2349999.9999999995 186.65999999999997 221.39999999999998 204.62
2352500.000000001 186.734 221.53500000000005 204.69800000000004
2355000.0000000005 186.808 221.67000000000002 204.776
2357500.0 186.88199999999998 221.805 204.854
2360000.0000000014 186.95600000000002 221.94000000000005 204.93200000000004
2362500.000000001 187.03 222.07500000000005 205.01000000000002
2365000.0 187.10399999999998 222.21 205.08800000000002
2367499.9999999995 187.178 222.34499999999997 205.166
2370000.000000001 187.252 222.48000000000005 205.24400000000003
2372500.0000000005 187.326 222.61500000000004 205.32200000000003
2375000.0 187.39999999999998 222.75 205.4
2377499.9999999995 187.474 222.88499999999996 205.47799999999998
2380000.000000001 187.548 223.02000000000004 205.55600000000004
2382500.0000000005 187.622 223.15500000000003 205.63400000000001
2385000.0 187.696 223.29 205.712
2387500.000000001 187.77 223.42500000000007 205.79000000000005
2390000.0000000005 187.844 223.56000000000003 205.86800000000002
2392500.0 187.918 223.695 205.946
2394999.9999999995 187.992 223.82999999999998 206.024
2397500.000000001 188.06600000000003 223.96500000000003 206.10200000000003
2400000.0000000005 188.14000000000001 224.10000000000002 206.18
2402500.0 188.214 224.23499999999999 206.258
2405000.000000001 188.28800000000004 224.37000000000006 206.33600000000004
2407500.0000000005 188.36200000000002 224.50500000000002 206.41400000000002
2410000.0 188.436 224.64000000000001 206.49200000000002
2412499.9999999995 188.51 224.77499999999998 206.57
2415000.000000001 188.58400000000003 224.91000000000005 206.64800000000002
2417500.0000000005 188.65800000000002 225.04500000000002 206.72600000000003
2420000.0 188.732 225.18 206.804
2422500.0000000014 188.80600000000004 225.31500000000005 206.88200000000003
2425000.000000001 188.88000000000002 225.45000000000005 206.96000000000004
2427500.0 188.954 225.585 207.038
2429999.9999999995 189.028 225.71999999999997 207.11599999999999
2432500.000000001 189.10200000000003 225.85500000000005 207.19400000000005
2435000.0000000005 189.17600000000002 225.99000000000004 207.27200000000002
2437500.0 189.25 226.125 207.35000000000002
2439999.9999999995 189.32399999999998 226.25999999999996 207.428
2442500.000000001 189.39800000000002 226.39500000000004 207.50600000000003
2445000.0000000005 189.472 226.53000000000003 207.584
2447500.0 189.546 226.665 207.662
2450000.000000001 189.62000000000003 226.80000000000007 207.74000000000004
2452500.0000000005 189.69400000000002 226.93500000000003 207.81800000000004
2455000.0 189.768 227.07 207.89600000000002
2457499.9999999995 189.84199999999998 227.20499999999998 207.974
2460000.000000001 189.91600000000003 227.34000000000003 208.05200000000005
2462500.0000000005 189.99 227.47500000000002 208.13000000000002
2465000.0 190.064 227.60999999999999 208.208
2467500.000000001 190.13800000000003 227.74500000000006 208.28600000000006
2470000.0000000005 190.21200000000002 227.88000000000002 208.36400000000003
2472500.0 190.286 228.01500000000001 208.442
2474999.9999999995 190.35999999999999 228.14999999999998 208.52
2477500.000000001 190.43400000000003 228.28500000000005 208.59800000000004
2480000.0000000005 190.508 228.42000000000002 208.67600000000002
2482500.0 190.582 228.555 208.75400000000002
2485000.0000000014 190.65600000000003 228.69000000000005 208.83200000000005
2487500.000000001 190.73000000000002 228.82500000000005 208.91000000000003
2490000.0 190.804 228.96 208.98800000000003
2492499.9999999995 190.878 229.09499999999997 209.066
2495000.000000001 190.95200000000003 229.23000000000005 209.14400000000003
2497500.0000000005 191.026 229.36500000000004 209.22200000000004
2500000.0 191.1 229.5 209.3
2502499.9999999995 191.16199999999998 229.62499999999997 209.373
2505000.000000001 191.22400000000002 229.75000000000003 209.44600000000003
2507500.0000000005 191.286 229.875 209.519
2510000.0 191.34799999999998 230.0 209.592
2512500.000000001 191.41000000000003 230.12500000000006 209.66500000000005
2515000.0000000005 191.472 230.25000000000003 209.73800000000003
2517500.0 191.534 230.375 209.811
2519999.9999999995 191.59599999999998 230.49999999999997 209.884
2522500.000000001 191.65800000000002 230.62500000000006 209.95700000000002
2525000.0000000005 191.72 230.75000000000003 210.03000000000003
2527500.0 191.78199999999998 230.875 210.103
2530000.000000001 191.84400000000002 231.00000000000006 210.17600000000004
2532500.0000000005 191.906 231.12500000000003 210.24900000000002
2535000.0 191.968 231.25 210.322
2537499.9999999995 192.03 231.37499999999997 210.395
2540000.000000001 192.092 231.50000000000006 210.46800000000005
2542500.0000000005 192.154 231.62500000000003 210.54100000000003
2545000.0 192.216 231.75 210.614
2547500.0000000014 192.27800000000002 231.87500000000006 210.68700000000004
2550000.000000001 192.34 232.00000000000003 210.76000000000002
2552500.0 192.40200000000002 232.125 210.83300000000003
2554999.9999999995 192.464 232.25 210.906
2557500.000000001 192.526 232.37500000000006 210.97900000000004
2560000.0000000005 192.58800000000002 232.50000000000003 211.05200000000002
2562500.0 192.65 232.625 211.125
2564999.9999999995 192.712 232.74999999999997 211.19799999999998
2567500.000000001 192.77400000000003 232.87500000000003 211.27100000000004
2570000.0000000005 192.836 233.0 211.34400000000002
2572500.0 192.898 233.125 211.417
2575000.000000001 192.96000000000004 233.25000000000006 211.49000000000004
2577500.0000000005 193.02200000000002 233.37500000000003 211.56300000000002
2580000.0 193.084 233.5 211.636
2582499.9999999995 193.146 233.62499999999997 211.709
2585000.000000001 193.20800000000003 233.75000000000006 211.78200000000004
2587500.0000000005 193.27 233.87500000000003 211.85500000000002
2590000.0 193.332 234.0 211.928
2592500.000000001 193.39400000000003 234.12500000000006 212.00100000000003
2595000.0000000005 193.45600000000002 234.25000000000003 212.074
2597500.0 193.518 234.375 212.14700000000002
2599999.9999999995 193.57999999999998 234.49999999999997 212.22
2602500.000000001 193.64200000000002 234.62500000000006 212.29300000000003
2605000.0000000005 193.704 234.75000000000003 212.366
2607500.0 193.766 234.875 212.439
2610000.0000000014 193.82800000000003 235.00000000000006 212.51200000000003
2612500.000000001 193.89000000000001 235.12500000000003 212.58500000000004
2615000.0 193.952 235.25 212.65800000000002
2617499.9999999995 194.01399999999998 235.375 212.731
2620000.000000001 194.07600000000002 235.50000000000006 212.80400000000003
2622500.0000000005 194.138 235.62500000000003 212.877
2625000.0 194.2 235.75 212.95
2627499.9999999995 194.262 235.87499999999997 213.023
2630000.000000001 194.324 236.00000000000003 213.09600000000003
2632500.0000000005 194.38600000000002 236.125 213.169
2635000.0 194.448 236.25 213.242
2637500.000000001 194.51000000000002 236.37500000000006 213.31500000000003
2640000.0000000005 194.57200000000003 236.50000000000003 213.388
2642500.0 194.63400000000001 236.625 213.461
2644999.9999999995 194.696 236.74999999999997 213.534
2647500.000000001 194.75800000000004 236.87500000000006 213.60700000000003
2650000.0000000005 194.82000000000002 237.00000000000003 213.68
2652500.0 194.882 237.125 213.753
2655000.000000001 194.94400000000005 237.25000000000006 213.82600000000002
2657500.0000000005 195.00600000000003 237.37500000000003 213.89900000000003
2660000.0 195.068 237.5 213.972
2662499.9999999995 195.13 237.62499999999997 214.045
2665000.000000001 195.19200000000004 237.75000000000006 214.11800000000002
2667500.0000000005 195.25400000000002 237.87500000000003 214.191
2670000.0 195.316 238.0 214.264
2672500.0000000014 195.37800000000004 238.12500000000006 214.33700000000005
2675000.000000001 195.44000000000003 238.25000000000003 214.41000000000003
2677500.0 195.502 238.375 214.483
2679999.9999999995 195.564 238.5 214.55599999999998
2682500.000000001 195.62600000000003 238.62500000000006 214.62900000000002
2685000.0000000005 195.68800000000002 238.75000000000003 214.70200000000003
2687500.0 195.75 238.875 214.775
2689999.9999999995 195.81199999999998 238.99999999999997 214.84799999999998
2692500.000000001 195.87400000000002 239.12500000000003 214.92100000000002
2695000.0000000005 195.936 239.25 214.994
2697500.0 195.998 239.375 215.06699999999998
2700000.000000001 196.06000000000003 239.50000000000006 215.14000000000004
2702500.0000000005 196.122 239.62500000000003 215.21300000000002
2705000.0 196.184 239.75 215.286
2707499.9999999995 196.246 239.87499999999997 215.35899999999998
2710000.000000001 196.30800000000002 240.00000000000006 215.43200000000002
2712500.0000000005 196.37 240.12500000000003 215.505
2715000.0 196.43200000000002 240.25 215.578
2717500.000000001 196.49400000000003 240.37500000000006 215.65100000000004
2720000.0000000005 196.556 240.50000000000003 215.72400000000002
2722500.0 196.61800000000002 240.625 215.797
2724999.9999999995 196.68 240.74999999999997 215.86999999999998
2727500.000000001 196.74200000000002 240.87500000000006 215.943
2730000.0000000005 196.80400000000003 241.00000000000003 216.01600000000002
2732500.0 196.866 241.125 216.089
2735000.0000000014 196.92800000000005 241.25000000000006 216.16200000000003
2737500.000000001 196.99000000000004 241.37500000000003 216.235
2740000.0 197.05200000000002 241.5 216.308
2742499.9999999995 197.114 241.625 216.381
2745000.000000001 197.17600000000004 241.75000000000006 216.45400000000004
2747500.0000000005 197.23800000000003 241.87500000000003 216.52700000000002
2750000.0 197.3 242.0 216.6
2752500.0000000014 197.35000000000002 242.11400000000006 216.66900000000004
2754999.999999999 197.39999999999998 242.22799999999995 216.73799999999997
2757500.0000000005 197.45000000000002 242.342 216.80700000000002
2760000.0000000014 197.50000000000006 242.45600000000007 216.87600000000003
2762499.999999999 197.55 242.56999999999996 216.94499999999996
2765000.0000000005 197.60000000000002 242.68400000000003 217.014
2767500.000000002 197.65000000000003 242.7980000000001 217.08300000000006
2769999.9999999995 197.7 242.91199999999998 217.152
2772500.000000001 197.75000000000003 243.02600000000004 217.22100000000003
2774999.9999999986 197.79999999999998 243.13999999999993 217.28999999999996
2777500.0 197.85000000000002 243.254 217.35899999999998
2780000.000000001 197.90000000000003 243.36800000000005 217.42800000000003
2782499.999999999 197.95 243.48199999999994 217.49699999999996
2785000.0 198.0 243.596 217.566
2787500.0000000014 198.05000000000004 243.71000000000006 217.63500000000005
2789999.999999999 198.1 243.82399999999996 217.70399999999998
2792500.0000000005 198.15000000000003 243.93800000000002 217.773
2795000.000000002 198.20000000000005 244.05200000000008 217.84200000000004
2797499.9999999995 198.25 244.16599999999997 217.91099999999997
2800000.000000001 198.3 244.28000000000003 217.98000000000002
2802500.000000002 198.35000000000005 244.3940000000001 218.04900000000006
2804999.9999999995 198.4 244.50799999999998 218.118
2807500.000000001 198.45000000000005 244.62200000000004 218.187
2809999.9999999986 198.5 244.73599999999993 218.25599999999997
2812500.0 198.55 244.85 218.325
2815000.0000000014 198.60000000000002 244.96400000000006 218.39400000000003
2817499.999999999 198.64999999999998 245.07799999999995 218.46299999999997
2820000.0000000005 198.70000000000002 245.192 218.532
2822500.0000000014 198.75000000000006 245.30600000000007 218.60100000000003
2824999.999999999 198.8 245.41999999999996 218.67
2827500.0000000005 198.85000000000002 245.53400000000002 218.739
2830000.000000002 198.90000000000003 245.64800000000008 218.80800000000005
2832499.9999999995 198.95 245.76199999999997 218.87699999999998
2835000.000000001 199.00000000000003 245.87600000000003 218.94600000000003
2837499.9999999986 199.04999999999998 245.98999999999992 219.01499999999996
2840000.0 199.10000000000002 246.10399999999998 219.084
2842500.000000001 199.15000000000003 246.21800000000005 219.15300000000002
2844999.999999999 199.2 246.33199999999994 219.22199999999995
2847500.0 199.25 246.446 219.291
2850000.0000000014 199.30000000000004 246.56000000000006 219.36000000000004
2852499.999999999 199.35 246.67399999999995 219.42899999999997
2855000.0000000005 199.40000000000003 246.788 219.49800000000002
2857500.000000002 199.45000000000005 246.90200000000007 219.56700000000004
2859999.9999999995 199.5 247.01599999999996 219.63599999999997
2862500.000000001 199.55 247.13000000000002 219.705
2865000.000000002 199.60000000000005 247.24400000000009 219.77400000000006
2867499.9999999995 199.65 247.358 219.843
2870000.000000001 199.70000000000005 247.47200000000004 219.91200000000003
2872499.9999999986 199.75 247.58599999999996 219.98099999999997
2875000.0 199.8 247.7 220.05
2877500.0000000014 199.85000000000002 247.81400000000005 220.11900000000003
2879999.999999999 199.89999999999998 247.92799999999997 220.18799999999996
2882500.0000000005 199.95000000000002 248.04200000000003 220.257
2885000.0000000014 200.00000000000006 248.15600000000006 220.32600000000005
2887499.999999999 200.05 248.26999999999998 220.39499999999998
2890000.0000000005 200.10000000000002 248.38400000000001 220.46400000000003
2892500.000000002 200.15000000000003 248.49800000000008 220.53300000000004
2894999.9999999995 200.2 248.612 220.60199999999998
2897500.000000001 200.25000000000003 248.72600000000006 220.67100000000002
2899999.9999999986 200.29999999999998 248.83999999999995 220.73999999999995
2902500.0 200.35000000000002 248.954 220.809
2905000.000000001 200.40000000000003 249.06800000000007 220.87800000000004
2907499.999999999 200.45 249.18199999999996 220.94699999999997
2910000.0 200.5 249.29600000000002 221.016
2912500.0000000014 200.55000000000004 249.41000000000008 221.08500000000004
2914999.999999999 200.6 249.52399999999997 221.15399999999997
2917500.0000000005 200.65000000000003 249.63800000000003 221.223
2920000.000000002 200.70000000000005 249.7520000000001 221.29200000000006
2922499.9999999995 200.75 249.86599999999999 221.361
2925000.000000001 200.8 249.98000000000005 221.43
2927500.000000002 200.85000000000005 250.0940000000001 221.49900000000005
2929999.9999999995 200.9 250.208 221.56799999999998
2932500.000000001 200.95000000000005 250.32200000000006 221.63700000000003
2934999.9999999986 201.0 250.43599999999995 221.70599999999996
2937500.0 201.05 250.55 221.775
2940000.0000000014 201.10000000000002 250.66400000000007 221.84400000000002
2942499.999999999 201.14999999999998 250.77799999999996 221.91299999999998
2945000.0000000005 201.20000000000002 250.89200000000002 221.982
2947500.0000000014 201.25000000000006 251.00600000000009 222.05100000000004
2949999.999999999 201.3 251.11999999999998 222.11999999999998
2952500.0000000005 201.35000000000002 251.23400000000004 222.18900000000002
2955000.000000002 201.40000000000003 251.3480000000001 222.25800000000004
2957499.9999999995 201.45 251.462 222.327
2960000.000000001 201.50000000000003 251.57600000000005 222.39600000000002
2962499.9999999986 201.54999999999998 251.68999999999994 222.46499999999995
2965000.0 201.60000000000002 251.804 222.534
2967500.000000001 201.65000000000003 251.91800000000006 222.60300000000004
2969999.999999999 201.7 252.03199999999995 222.67199999999997
2972500.0 201.75 252.14600000000002 222.741
2975000.0000000014 201.80000000000004 252.26000000000008 222.81000000000003
2977499.999999999 201.85 252.37399999999997 222.87899999999996
2980000.0000000005 201.90000000000003 252.48800000000003 222.948
2982500.000000002 201.95000000000005 252.6020000000001 223.01700000000005
2984999.9999999995 202.0 252.71599999999998 223.08599999999998
2987500.000000001 202.05 252.83000000000004 223.15500000000003
2990000.000000002 202.10000000000005 252.9440000000001 223.22400000000005
2992499.9999999995 202.15 253.058 223.293
2995000.000000001 202.20000000000005 253.17200000000005 223.36200000000002
2997499.9999999986 202.25 253.28599999999994 223.43099999999995
3000000.0 202.3 253.4 223.5
3002500.0000000014 202.34000000000003 253.50600000000006 223.56400000000002
3004999.999999999 202.38 253.61199999999997 223.628
3007500.0000000005 202.42000000000002 253.71800000000002 223.692
3010000.0000000014 202.46000000000004 253.82400000000007 223.75600000000003
3012499.999999999 202.5 253.92999999999998 223.82
3015000.0000000005 202.54000000000002 254.03600000000003 223.88400000000001
3017500.000000002 202.58000000000004 254.14200000000008 223.94800000000004
3019999.9999999995 202.62 254.248 224.012
3022500.000000001 202.66000000000003 254.35400000000004 224.07600000000002
3024999.9999999986 202.7 254.45999999999995 224.13999999999996
3027500.0 202.74 254.566 224.204
3030000.000000001 202.78000000000003 254.67200000000005 224.26800000000003
3032499.999999999 202.82 254.77799999999996 224.33199999999997
3035000.0 202.86 254.88400000000001 224.39600000000002
3037500.0000000014 202.90000000000003 254.99000000000007 224.46000000000004
3039999.999999999 202.94 255.09599999999998 224.52399999999997
3042500.0000000005 202.98000000000002 255.20200000000003 224.58800000000002
3045000.000000002 203.02000000000004 255.30800000000008 224.65200000000004
3047499.9999999995 203.06 255.414 224.71599999999998
3050000.000000001 203.10000000000002 255.52000000000004 224.78000000000003
3052500.000000002 203.14000000000004 255.6260000000001 224.84400000000005
3054999.9999999995 203.18 255.732 224.908
3057500.000000001 203.22000000000003 255.83800000000005 224.97200000000004
3059999.9999999986 203.26 255.94399999999996 225.03599999999997
3062500.0 203.3 256.05 225.1
3065000.0000000014 203.34000000000003 256.15600000000006 225.16400000000004
3067499.999999999 203.38 256.26199999999994 225.22799999999998
3070000.0000000005 203.42000000000002 256.368 225.292
3072500.0000000014 203.46000000000004 256.47400000000005 225.35600000000005
3074999.999999999 203.5 256.58 225.42
3077500.0000000005 203.54000000000002 256.68600000000004 225.484
3080000.000000002 203.58000000000004 256.7920000000001 225.54800000000006
3082499.9999999995 203.62 256.89799999999997 225.612
3085000.000000001 203.66000000000003 257.004 225.67600000000002
3087499.9999999986 203.7 257.10999999999996 225.73999999999995
3090000.0 203.74 257.216 225.804
3092500.000000001 203.78000000000003 257.32200000000006 225.86800000000002
3094999.999999999 203.82 257.42799999999994 225.93199999999996
3097500.0 203.86 257.534 225.996
3100000.0000000014 203.90000000000003 257.64000000000004 226.06000000000003
3102499.999999999 203.94 257.746 226.12399999999997
3105000.0000000005 203.98000000000002 257.85200000000003 226.18800000000002
3107500.000000002 204.02000000000004 257.9580000000001 226.25200000000004
3109999.9999999995 204.06 258.06399999999996 226.31599999999997
3112500.000000001 204.10000000000002 258.17 226.38000000000002
3115000.000000002 204.14000000000004 258.27600000000007 226.44400000000005
3117499.9999999995 204.18 258.382 226.50799999999998
3120000.000000001 204.22000000000003 258.48800000000006 226.57200000000003
3122499.9999999986 204.26 258.59399999999994 226.63599999999997
3125000.0 204.3 258.7 226.7
3127500.0000000014 204.34000000000003 258.80600000000004 226.76400000000004
3129999.999999999 204.38 258.912 226.82799999999997
3132500.0000000005 204.42000000000002 259.01800000000003 226.892
3135000.0000000014 204.46000000000004 259.1240000000001 226.95600000000005
3137499.999999999 204.5 259.22999999999996 227.01999999999998
3140000.0000000005 204.54000000000002 259.336 227.08400000000003
3142500.000000002 204.58000000000004 259.44200000000006 227.14800000000005
3144999.9999999995 204.62 259.548 227.212
3147500.000000001 204.66000000000003 259.65400000000005 227.27600000000004
3149999.9999999986 204.7 259.75999999999993 227.33999999999997
3152500.0 204.74 259.866 227.404
3155000.000000001 204.78000000000003 259.97200000000004 227.46800000000005
3157499.999999999 204.82 260.078 227.53199999999998
3160000.0 204.86 260.184 227.596
3162500.0000000014 204.90000000000003 260.2900000000001 227.66000000000005
3164999.999999999 204.94 260.39599999999996 227.724
3167500.0000000005 204.98000000000002 260.502 227.788
3170000.000000002 205.02000000000004 260.60800000000006 227.85200000000006
3172499.9999999995 205.06 260.714 227.916
3175000.000000001 205.10000000000002 260.82000000000005 227.98000000000002
3177500.000000002 205.14000000000004 260.9260000000001 228.04400000000007
3179999.9999999995 205.18 261.032 228.108
3182500.000000001 205.22000000000003 261.13800000000003 228.17200000000003
3184999.9999999986 205.26 261.24399999999997 228.23599999999996
3187500.0 205.3 261.35 228.3
3190000.0000000014 205.34000000000003 261.4560000000001 228.36400000000003
3192499.999999999 205.38 261.56199999999995 228.42799999999997
3195000.0000000005 205.42000000000002 261.668 228.49200000000002
3197500.0000000014 205.46000000000004 261.77400000000006 228.55600000000004
3199999.999999999 205.5 261.88 228.61999999999998
3202500.0000000005 205.54000000000002 261.98600000000005 228.68400000000003
3205000.000000002 205.58000000000004 262.0920000000001 228.74800000000005
3207499.9999999995 205.62 262.198 228.81199999999998
3210000.000000001 205.66000000000003 262.30400000000003 228.87600000000003
3212499.9999999986 205.7 262.40999999999997 228.93999999999997
3215000.0 205.74 262.516 229.004
3217500.000000001 205.78000000000003 262.62200000000007 229.06800000000004
3219999.999999999 205.82 262.72799999999995 229.13199999999998
3222500.0 205.86 262.834 229.196
3225000.0000000014 205.90000000000003 262.94000000000005 229.26000000000005
3227499.999999999 205.94 263.04599999999994 229.32399999999998
3230000.0000000005 205.98000000000002 263.15200000000004 229.388
3232500.000000002 206.02000000000004 263.2580000000001 229.45200000000006
3234999.9999999995 206.06 263.364 229.516
3237500.000000001 206.10000000000002 263.47 229.58
3240000.000000002 206.14000000000004 263.5760000000001 229.64400000000006
3242499.9999999995 206.18 263.682 229.708
3245000.000000001 206.22000000000003 263.78800000000007 229.77200000000002
3247499.9999999986 206.26 263.89399999999995 229.83599999999998
3250000.0 206.3 264.0 229.9
3252500.0000000014 206.33300000000003 264.09900000000005 229.96000000000004
3254999.999999999 206.36599999999999 264.198 230.01999999999998
3257500.0000000005 206.399 264.297 230.08
3260000.0000000014 206.43200000000004 264.3960000000001 230.14000000000004
3262499.999999999 206.465 264.49499999999995 230.2
3265000.0000000005 206.49800000000002 264.594 230.26000000000002
3267500.000000002 206.53100000000003 264.6930000000001 230.32000000000005
3269999.9999999995 206.564 264.792 230.38
3272500.000000001 206.597 264.891 230.44000000000003
3274999.9999999986 206.63 264.98999999999995 230.49999999999997
3277500.0 206.663 265.089 230.56
3280000.000000001 206.69600000000003 265.18800000000005 230.62000000000003
3282499.999999999 206.72899999999998 265.287 230.67999999999998
3285000.0 206.762 265.386 230.74
3287500.0000000014 206.79500000000002 265.48500000000007 230.80000000000004
3289999.999999999 206.828 265.58399999999995 230.85999999999999
3292500.0000000005 206.86100000000002 265.683 230.92000000000002
3295000.000000002 206.89400000000003 265.78200000000004 230.98000000000005
3297499.9999999995 206.927 265.881 231.04
3300000.000000001 206.96 265.98 231.10000000000002
3302500.000000002 206.99300000000002 266.07900000000006 231.16000000000005
3304999.9999999995 207.026 266.178 231.22
3307500.000000001 207.05900000000003 266.27700000000004 231.28000000000003
3309999.9999999986 207.09199999999998 266.3759999999999 231.33999999999997
3312500.0 207.125 266.475 231.4
3315000.0000000014 207.15800000000002 266.57400000000007 231.46000000000004
3317499.999999999 207.191 266.67299999999994 231.51999999999998
3320000.0000000005 207.22400000000002 266.772 231.58
3322500.0000000014 207.25700000000003 266.87100000000004 231.64000000000004
3324999.999999999 207.29 266.96999999999997 231.7
3327500.0000000005 207.323 267.069 231.76000000000002
3330000.000000002 207.35600000000002 267.16800000000006 231.82000000000005
3332499.9999999995 207.389 267.267 231.88
3335000.000000001 207.42200000000003 267.36600000000004 231.94000000000003
3337499.9999999986 207.45499999999998 267.4649999999999 231.99999999999997
3340000.0 207.488 267.56399999999996 232.06
3342500.000000001 207.52100000000002 267.663 232.12000000000003
3344999.999999999 207.554 267.76199999999994 232.17999999999998
3347500.0 207.58700000000002 267.861 232.24
3350000.0000000014 207.62000000000003 267.96000000000004 232.30000000000004
3352499.999999999 207.653 268.05899999999997 232.35999999999999
3355000.0000000005 207.686 268.158 232.42000000000002
3357500.000000002 207.71900000000002 268.25700000000006 232.48000000000005
3359999.9999999995 207.752 268.356 232.54
3362500.000000001 207.78500000000003 268.45500000000004 232.60000000000002
3365000.000000002 207.81800000000004 268.5540000000001 232.66000000000005
3367499.9999999995 207.851 268.65299999999996 232.72
3370000.000000001 207.88400000000001 268.752 232.78000000000003
3372499.9999999986 207.91699999999997 268.85099999999994 232.83999999999997
3375000.0 207.95 268.95 232.9
3377500.0000000014 207.98300000000003 269.04900000000004 232.96000000000004
3379999.999999999 208.016 269.14799999999997 233.01999999999998
3382500.0000000005 208.049 269.247 233.08
3385000.0000000014 208.08200000000002 269.34600000000006 233.14000000000004
3387499.999999999 208.11499999999998 269.44499999999994 233.2
3390000.0000000005 208.148 269.544 233.26000000000002
3392500.000000002 208.18100000000004 269.6430000000001 233.32000000000005
3394999.9999999995 208.214 269.74199999999996 233.38
3397500.000000001 208.247 269.841 233.44000000000003
3399999.9999999986 208.27999999999997 269.93999999999994 233.49999999999997
3402500.0 208.313 270.039 233.56
3405000.000000001 208.346 270.13800000000003 233.62000000000003
3407499.999999999 208.379 270.23699999999997 233.67999999999998
3410000.0 208.412 270.336 233.74
3412500.0000000014 208.44500000000002 270.43500000000006 233.80000000000004
3414999.999999999 208.47799999999998 270.53399999999993 233.85999999999999
3417500.0000000005 208.511 270.633 233.92000000000002
3420000.000000002 208.544 270.732 233.98000000000005
3422499.9999999995 208.577 270.83099999999996 234.04
3425000.000000001 208.61 270.93 234.10000000000002
3427500.000000002 208.64300000000003 271.02900000000005 234.16000000000005
3429999.9999999995 208.676 271.128 234.22
3432500.000000001 208.709 271.22700000000003 234.28000000000003
3434999.9999999986 208.742 271.3259999999999 234.33999999999997
3437500.0 208.775 271.42499999999995 234.4
3440000.0000000014 208.80800000000002 271.52400000000006 234.46000000000004
3442499.999999999 208.84099999999998 271.62299999999993 234.51999999999998
3445000.0000000005 208.874 271.722 234.58
3447500.0000000014 208.907 271.821 234.64000000000004
3449999.999999999 208.94 271.91999999999996 234.7
3452500.0000000005 208.973 272.019 234.76000000000002
3455000.000000002 209.00600000000003 272.11800000000005 234.82000000000005
3457499.9999999995 209.039 272.217 234.88
3460000.000000001 209.072 272.31600000000003 234.94000000000003
3462499.9999999986 209.105 272.4149999999999 234.99999999999997
3465000.0 209.138 272.51399999999995 235.06
3467500.000000001 209.17100000000002 272.613 235.12000000000003
3469999.999999999 209.20399999999998 272.71199999999993 235.17999999999998
3472500.0 209.237 272.811 235.24
3475000.0000000014 209.27 272.91 235.30000000000004
3477499.999999999 209.303 273.00899999999996 235.35999999999999
3480000.0000000005 209.336 273.108 235.42000000000002
3482500.000000002 209.36900000000003 273.20700000000005 235.48000000000005
3484999.9999999995 209.402 273.306 235.54
3487500.000000001 209.435 273.40500000000003 235.60000000000002
3490000.000000002 209.46800000000002 273.5040000000001 235.66000000000005
3492499.9999999995 209.501 273.60299999999995 235.72
3495000.000000001 209.53400000000002 273.702 235.78000000000003
3497499.9999999986 209.56699999999998 273.80099999999993 235.83999999999997
3500000.0 209.6 273.9 235.9
3502500.0000000014 209.625 273.992 235.95500000000004
3504999.999999999 209.64999999999998 274.08399999999995 236.01
3507500.0000000005 209.675 274.176 236.065
3510000.0000000014 209.70000000000002 274.26800000000003 236.12000000000003
3512499.999999999 209.725 274.35999999999996 236.17499999999998
3515000.0000000005 209.75 274.452 236.23000000000002
3517500.000000002 209.775 274.54400000000004 236.28500000000005
3519999.9999999995 209.79999999999998 274.63599999999997 236.34
3522500.000000001 209.825 274.728 236.39500000000004
3524999.9999999986 209.84999999999997 274.81999999999994 236.45
3527500.0 209.875 274.912 236.505
3530000.000000001 209.9 275.004 236.56000000000003
3532499.999999999 209.92499999999998 275.09599999999995 236.61499999999998
3535000.0 209.95 275.188 236.67000000000002
3537500.0000000014 209.97500000000002 275.28000000000003 236.72500000000002
3539999.999999999 210.0 275.37199999999996 236.77999999999997
3542500.0000000005 210.025 275.464 236.835
3545000.000000002 210.05 275.55600000000004 236.89000000000004
3547499.9999999995 210.075 275.64799999999997 236.945
3550000.000000001 210.1 275.74 237.00000000000003
3552500.000000002 210.125 275.83200000000005 237.05500000000006
3554999.9999999995 210.14999999999998 275.924 237.11
3557500.000000001 210.175 276.016 237.16500000000002
3559999.9999999986 210.2 276.10799999999995 237.21999999999997
3562500.0 210.225 276.2 237.275
3565000.0000000014 210.25 276.29200000000003 237.33000000000004
3567499.999999999 210.27499999999998 276.38399999999996 237.385
3570000.0000000005 210.3 276.476 237.44
3572500.0000000014 210.32500000000002 276.56800000000004 237.49500000000003
3574999.999999999 210.35 276.65999999999997 237.54999999999998
3577500.0000000005 210.375 276.752 237.60500000000002
3580000.000000002 210.4 276.84400000000005 237.66000000000005
3582499.9999999995 210.42499999999998 276.936 237.715
3585000.000000001 210.45 277.028 237.77000000000004
3587499.9999999986 210.47499999999997 277.11999999999995 237.825
3590000.0 210.5 277.212 237.88
3592500.000000001 210.525 277.30400000000003 237.93500000000003
3594999.999999999 210.54999999999998 277.39599999999996 237.98999999999998
3597500.0 210.575 277.488 238.04500000000002
3600000.0000000014 210.60000000000002 277.58000000000004 238.10000000000002
3602499.999999999 210.625 277.67199999999997 238.15499999999997
3605000.0000000005 210.65 277.764 238.21
3607500.000000002 210.675 277.85600000000005 238.26500000000004
3609999.9999999995 210.7 277.948 238.32
3612500.000000001 210.725 278.04 238.37500000000003
3615000.000000002 210.75 278.13200000000006 238.43000000000006
3617499.9999999995 210.77499999999998 278.224 238.485
3620000.000000001 210.8 278.31600000000003 238.54000000000002
3622499.9999999986 210.825 278.40799999999996 238.59499999999997
3625000.0 210.85 278.5 238.65
3627500.0000000014 210.875 278.59200000000004 238.70500000000004
3629999.999999999 210.89999999999998 278.68399999999997 238.76
3632500.0000000005 210.925 278.776 238.815
3635000.0000000014 210.95000000000002 278.86800000000005 238.87000000000003
3637499.999999999 210.975 278.96 238.92499999999998
3640000.0000000005 211.0 279.052 238.98000000000002
3642500.000000002 211.025 279.14400000000006 239.03500000000005
3644999.9999999995 211.04999999999998 279.236 239.09
3647500.000000001 211.075 279.32800000000003 239.14500000000004
3649999.9999999986 211.09999999999997 279.41999999999996 239.2
3652500.0 211.125 279.512 239.255
3655000.000000001 211.15 279.60400000000004 239.31000000000003
3657499.999999999 211.17499999999998 279.69599999999997 239.36499999999998
3660000.0 211.2 279.788 239.42000000000002
3662500.0000000014 211.22500000000002 279.88000000000005 239.47500000000002
3664999.999999999 211.25 279.972 239.52999999999997
3667500.0000000005 211.275 280.064 239.585
3670000.000000002 211.3 280.15600000000006 239.64000000000004
3672499.9999999995 211.325 280.248 239.695
3675000.000000001 211.35 280.34000000000003 239.75000000000003
3677500.000000002 211.375 280.4320000000001 239.80500000000006
3679999.9999999995 211.39999999999998 280.524 239.86
3682500.000000001 211.425 280.61600000000004 239.91500000000002
3684999.9999999986 211.45 280.70799999999997 239.96999999999997
3687500.0 211.475 280.8 240.025
3690000.0000000014 211.5 280.89200000000005 240.08000000000004
3692499.999999999 211.52499999999998 280.984 240.135
3695000.0000000005 211.55 281.076 240.19
3697500.0000000014 211.57500000000002 281.16800000000006 240.24500000000003
3699999.999999999 211.6 281.26 240.29999999999998
3702500.0000000005 211.625 281.35200000000003 240.35500000000002
3705000.000000002 211.65 281.4440000000001 240.41000000000005
3707499.9999999995 211.67499999999998 281.536 240.465
3710000.000000001 211.7 281.62800000000004 240.52000000000004
3712499.9999999986 211.72499999999997 281.71999999999997 240.575
3715000.0 211.75 281.812 240.63
3717500.000000001 211.775 281.90400000000005 240.68500000000003
3719999.999999999 211.79999999999998 281.996 240.73999999999998
3722500.0 211.825 282.088 240.79500000000002
3725000.0000000014 211.85000000000002 282.18000000000006 240.85000000000002
3727499.999999999 211.875 282.272 240.90499999999997
3730000.0000000005 211.9 282.36400000000003 240.96
3732500.000000002 211.925 282.4560000000001 241.01500000000004
3734999.9999999995 211.95 282.548 241.07
3737500.000000001 211.975 282.64000000000004 241.12500000000003
3740000.000000002 212.0 282.7320000000001 241.18000000000006
3742499.9999999995 212.02499999999998 282.824 241.235
3745000.000000001 212.05 282.91600000000005 241.29000000000002
3747499.9999999986 212.075 283.008 241.34499999999997
3750000.0 212.1 283.1 241.4
3752500.0000000014 212.12 283.1860000000001 241.45200000000003
3754999.999999999 212.14 283.272 241.504
3757500.0000000005 212.16 283.358 241.556
3760000.0000000014 212.18 283.4440000000001 241.60800000000003
3762499.999999999 212.2 283.53 241.66
3765000.0000000005 212.22 283.61600000000004 241.71200000000002
3767500.000000002 212.24 283.7020000000001 241.76400000000004
3769999.9999999995 212.26 283.788 241.816
3772500.000000001 212.28 283.874 241.86800000000002
3774999.9999999986 212.29999999999998 283.96 241.92
3777500.0 212.32 284.046 241.972
3780000.000000001 212.34 284.13200000000006 242.02400000000003
3782499.999999999 212.35999999999999 284.21799999999996 242.076
3785000.0 212.38 284.30400000000003 242.12800000000001
3787500.0000000014 212.4 284.39000000000004 242.18000000000004
3789999.999999999 212.42 284.476 242.232
3792500.0000000005 212.44 284.562 242.28400000000002
3795000.000000002 212.46 284.6480000000001 242.33600000000004
3797499.9999999995 212.48 284.734 242.388
3800000.000000001 212.5 284.82000000000005 242.44000000000003
3802500.000000002 212.52 284.90600000000006 242.49200000000005
3804999.9999999995 212.54 284.992 242.544
3807500.000000001 212.56 285.07800000000003 242.59600000000003
3809999.9999999986 212.57999999999998 285.164 242.64799999999997
3812500.0 212.6 285.25 242.7
3815000.0000000014 212.62 285.33600000000007 242.75200000000004
3817499.999999999 212.64 285.42199999999997 242.80399999999997
3820000.0000000005 212.66 285.50800000000004 242.856
3822500.0000000014 212.68 285.59400000000005 242.90800000000004
3824999.999999999 212.7 285.68 242.95999999999998
3827500.0000000005 212.72 285.766 243.012
3830000.000000002 212.74 285.8520000000001 243.06400000000005
3832499.9999999995 212.76 285.938 243.11599999999999
3835000.000000001 212.78 286.02400000000006 243.168
3837500.0000000023 212.8 286.11000000000007 243.22000000000006
3840000.0 212.82 286.196 243.272
3842500.000000001 212.84 286.28200000000004 243.324
3844999.999999999 212.85999999999999 286.368 243.37599999999998
3847500.0 212.88 286.454 243.428
3850000.0000000014 212.9 286.5400000000001 243.48000000000002
3852499.999999999 212.92 286.626 243.53199999999998
3855000.0000000005 212.94 286.71200000000005 243.584
3857500.000000002 212.96 286.79800000000006 243.63600000000002
3859999.9999999995 212.98 286.884 243.688
3862500.000000001 213.0 286.97 243.74
3865000.000000002 213.02 287.0560000000001 243.79200000000003
3867499.9999999995 213.04 287.142 243.844
3870000.000000001 213.06 287.22800000000007 243.89600000000002
3872499.9999999986 213.07999999999998 287.31399999999996 243.94799999999998
3875000.0 213.1 287.4 244.0
3877500.0000000014 213.12 287.48600000000005 244.05200000000002
3879999.999999999 213.14 287.57199999999995 244.10399999999998
3882500.0000000005 213.16 287.658 244.156
3885000.0000000014 213.18 287.7440000000001 244.20800000000003
3887499.999999999 213.2 287.83 244.26
3890000.0000000005 213.22 287.916 244.312
3892500.000000002 213.24 288.00200000000007 244.36400000000003
3894999.9999999995 213.26 288.08799999999997 244.416
3897500.000000001 213.28 288.17400000000004 244.46800000000002
3900000.0000000023 213.3 288.26000000000005 244.52000000000004
3902500.0 213.32 288.346 244.572
3905000.000000001 213.34 288.432 244.62400000000002
3907499.999999999 213.35999999999999 288.518 244.676
3910000.0 213.38 288.604 244.728
3912500.0000000014 213.4 288.69000000000005 244.78000000000003
3914999.999999999 213.42 288.77599999999995 244.832
3917500.0000000005 213.44 288.862 244.88400000000001
3920000.000000002 213.46 288.94800000000004 244.93600000000004
3922499.9999999995 213.48 289.034 244.988
3925000.000000001 213.5 289.12 245.04000000000002
3927500.000000002 213.52 289.2060000000001 245.09200000000004
3929999.9999999995 213.54 289.292 245.144
3932500.000000001 213.56 289.37800000000004 245.19600000000003
3934999.9999999986 213.57999999999998 289.46399999999994 245.24799999999996
3937500.0 213.6 289.55 245.3
3940000.0000000014 213.62 289.636 245.35200000000003
3942499.999999999 213.64 289.722 245.40399999999997
3945000.0000000005 213.66 289.808 245.45600000000002
3947500.0000000014 213.68 289.89400000000006 245.50800000000004
3949999.999999999 213.7 289.97999999999996 245.55999999999997
3952500.0000000005 213.72 290.06600000000003 245.612
3955000.000000002 213.74 290.15200000000004 245.66400000000004
3957499.9999999995 213.76 290.238 245.71599999999998
3960000.000000001 213.78 290.324 245.768
3962500.0000000023 213.8 290.4100000000001 245.82000000000005
3965000.0 213.82 290.496 245.87199999999999
3967500.000000001 213.84 290.58200000000005 245.924
3969999.999999999 213.85999999999999 290.66799999999995 245.97599999999997
3972500.0 213.88 290.754 246.028
3975000.0000000014 213.9 290.84000000000003 246.08
3977499.999999999 213.92 290.926 246.13199999999998
3980000.0000000005 213.94 291.012 246.184
3982500.000000002 213.96 291.09800000000007 246.23600000000002
3984999.9999999995 213.98 291.18399999999997 246.28799999999998
3987500.000000001 214.0 291.27000000000004 246.34
3990000.000000002 214.02 291.35600000000005 246.39200000000002
3992499.9999999995 214.04 291.442 246.444
3995000.000000001 214.06 291.528 246.496
3997499.9999999986 214.07999999999998 291.6139999999999 246.54799999999997
4000000.0 214.1 291.7 246.6
4005000.0000000023 214.126 291.85600000000005 246.69200000000004
4009999.999999998 214.152 292.01199999999994 246.78399999999996
4015000.0000000005 214.178 292.168 246.876
4020000.0000000033 214.204 292.32400000000007 246.96800000000005
4024999.9999999986 214.23 292.47999999999996 247.05999999999997
4030000.000000001 214.256 292.636 247.15200000000002
4035000.0000000037 214.282 292.7920000000001 247.24400000000006
4039999.999999999 214.308 292.948 247.33599999999998
4045000.000000002 214.334 293.10400000000004 247.42800000000003
4050000.000000004 214.36 293.2600000000001 247.52000000000007
4054999.9999999995 214.386 293.416 247.612
4060000.0000000023 214.412 293.57200000000006 247.70400000000004
4064999.9999999977 214.438 293.7279999999999 247.79599999999996
4070000.0000000005 214.464 293.884 247.888
4075000.000000003 214.49 294.0400000000001 247.98000000000005
4079999.999999998 214.516 294.1959999999999 248.07199999999997
4085000.000000001 214.542 294.35200000000003 248.16400000000002
4090000.0000000033 214.568 294.5080000000001 248.25600000000006
4094999.999999999 214.594 294.66399999999993 248.34799999999998
4100000.0000000014 214.62 294.82000000000005 248.44000000000003
4105000.000000004 214.64600000000002 294.9760000000001 248.53200000000007
4109999.9999999995 214.672 295.13199999999995 248.624
4115000.000000002 214.698 295.28800000000007 248.71600000000004
4119999.999999997 214.724 295.4439999999999 248.80799999999996
4125000.0 214.75 295.6 248.9
4130000.000000003 214.776 295.7560000000001 248.99200000000005
4134999.999999998 214.802 295.9119999999999 249.08399999999997
4140000.0000000005 214.828 296.06800000000004 249.17600000000002
4145000.0000000033 214.854 296.2240000000001 249.26800000000006
4149999.9999999986 214.88 296.37999999999994 249.35999999999999
4155000.000000001 214.906 296.53600000000006 249.45200000000003
4160000.0000000037 214.93200000000002 296.6920000000001 249.54400000000007
4164999.999999999 214.958 296.84799999999996 249.636
4170000.000000002 214.984 297.0040000000001 249.72800000000004
4175000.000000004 215.01000000000002 297.16000000000014 249.82000000000008
4179999.9999999995 215.036 297.316 249.912
4185000.0000000023 215.062 297.4720000000001 250.00400000000005
4189999.9999999977 215.088 297.62799999999993 250.09599999999995
4195000.0 215.114 297.784 250.18800000000002
4200000.000000003 215.14000000000001 297.9400000000001 250.28000000000006
4204999.999999998 215.166 298.09599999999995 250.37199999999996
4210000.000000001 215.192 298.252 250.46400000000003
4215000.000000004 215.21800000000002 298.40800000000013 250.55600000000007
4219999.999999999 215.244 298.56399999999996 250.64799999999997
4225000.000000002 215.27 298.72 250.74000000000004
4230000.000000004 215.29600000000002 298.87600000000015 250.83200000000008
4234999.999999999 215.322 299.032 250.92399999999998
4240000.000000002 215.348 299.18800000000005 251.01600000000005
4244999.999999997 215.37399999999997 299.34399999999994 251.10799999999995
4250000.0 215.39999999999998 299.5 251.2
4255000.000000003 215.42600000000002 299.65600000000006 251.29200000000006
4259999.999999998 215.45199999999997 299.81199999999995 251.38399999999996
4265000.000000001 215.47799999999998 299.968 251.47600000000003
4270000.000000003 215.50400000000002 300.1240000000001 251.56800000000007
4274999.999999998 215.52999999999997 300.28 251.65999999999997
4280000.000000001 215.55599999999998 300.43600000000004 251.75200000000004
4285000.000000004 215.58200000000002 300.5920000000001 251.84400000000008
4289999.999999999 215.60799999999998 300.748 251.93599999999998
4295000.000000002 215.634 300.90400000000005 252.02800000000005
4300000.000000005 215.66000000000003 301.0600000000001 252.1200000000001
4305000.0 215.68599999999998 301.216 252.212
4310000.000000002 215.712 301.37200000000007 252.30400000000006
4314999.999999998 215.73799999999997 301.5279999999999 252.39599999999996
4320000.0 215.76399999999998 301.684 252.488
4325000.000000003 215.79 301.8400000000001 252.58000000000007
4329999.999999998 215.81599999999997 301.9959999999999 252.67199999999997
4335000.000000001 215.84199999999998 302.15200000000004 252.764
4340000.000000004 215.868 302.3080000000001 252.85600000000008
4344999.999999999 215.89399999999998 302.46399999999994 252.94799999999998
4350000.000000002 215.92 302.62000000000006 253.04000000000002
4355000.000000004 215.946 302.7760000000001 253.1320000000001
4359999.999999999 215.97199999999998 302.932 253.224
4365000.000000002 215.998 303.0880000000001 253.31600000000003
4369999.999999997 216.02399999999997 303.2439999999999 253.40799999999996
4375000.0 216.04999999999998 303.4 253.5
4380000.000000003 216.076 303.5560000000001 253.59200000000004
4384999.999999998 216.10199999999998 303.71199999999993 253.68399999999997
4390000.000000001 216.128 303.86800000000005 253.776
4395000.000000003 216.154 304.0240000000001 253.86800000000005
4399999.999999998 216.17999999999998 304.17999999999995 253.95999999999998
4405000.000000001 216.206 304.33600000000007 254.05200000000002
4410000.000000004 216.232 304.49200000000013 254.14400000000006
4414999.999999999 216.25799999999998 304.64799999999997 254.236
4420000.000000002 216.284 304.8040000000001 254.32800000000003
4425000.000000005 216.31 304.96000000000015 254.42000000000007
4430000.0 216.33599999999998 305.116 254.512
4435000.000000002 216.362 305.2720000000001 254.60400000000004
4439999.999999998 216.38799999999998 305.42799999999994 254.69599999999997
4445000.0 216.414 305.584 254.788
4450000.000000003 216.44 305.7400000000001 254.88000000000005
4454999.999999998 216.46599999999998 305.89599999999996 254.97199999999998
4460000.000000001 216.492 306.052 255.06400000000002
4465000.000000004 216.518 306.20800000000014 255.15600000000006
4469999.999999999 216.54399999999998 306.364 255.248
4475000.000000002 216.57 306.52000000000004 255.34000000000003
4480000.000000004 216.596 306.67600000000016 255.43200000000007
4484999.999999999 216.62199999999999 306.832 255.524
4490000.000000002 216.648 306.98800000000006 255.61600000000004
4494999.999999997 216.67399999999998 307.14399999999995 255.70799999999997
4500000.0 216.7 307.3 255.8
4505000.000000003 216.713 307.4380000000001 255.88000000000005
4509999.999999998 216.72599999999997 307.57599999999996 255.95999999999998
4515000.000000001 216.739 307.71400000000006 256.04
4520000.000000003 216.752 307.8520000000001 256.12000000000006
4524999.999999998 216.765 307.98999999999995 256.2
4530000.000000001 216.778 308.12800000000004 256.28000000000003
4535000.000000004 216.791 308.26600000000013 256.36000000000007
4539999.999999999 216.80399999999997 308.404 256.44
4545000.000000002 216.817 308.5420000000001 256.52000000000004
4550000.000000005 216.83 308.6800000000001 256.6000000000001
4555000.0 216.843 308.818 256.68
4560000.000000002 216.856 308.9560000000001 256.76000000000005
4564999.999999998 216.86899999999997 309.09399999999994 256.84
4570000.0 216.882 309.232 256.92
4575000.000000003 216.895 309.3700000000001 257.00000000000006
4579999.999999998 216.908 309.508 257.08
4585000.000000001 216.921 309.646 257.16
4590000.000000004 216.934 309.7840000000001 257.24000000000007
4594999.999999999 216.94699999999997 309.92199999999997 257.32
4600000.000000002 216.96 310.06000000000006 257.40000000000003
4605000.000000004 216.973 310.19800000000015 257.4800000000001
4609999.999999999 216.986 310.336 257.56
4615000.000000002 216.999 310.47400000000005 257.64000000000004
4619999.999999997 217.01199999999997 310.61199999999997 257.71999999999997
4625000.0 217.02499999999998 310.75 257.8
4630000.000000003 217.038 310.8880000000001 257.88000000000005
4634999.999999998 217.051 311.02599999999995 257.96
4640000.000000001 217.064 311.16400000000004 258.04
4645000.000000003 217.077 311.3020000000001 258.12000000000006
4649999.999999998 217.08999999999997 311.44 258.2
4655000.000000001 217.103 311.57800000000003 258.28000000000003
4660000.000000004 217.116 311.7160000000001 258.36000000000007
4664999.999999999 217.129 311.854 258.44
4670000.000000002 217.142 311.9920000000001 258.52000000000004
4675000.000000005 217.155 312.1300000000001 258.6000000000001
4680000.0 217.16799999999998 312.26800000000003 258.68
4685000.000000002 217.181 312.40600000000006 258.76000000000005
4689999.999999998 217.194 312.5439999999999 258.84
4695000.0 217.207 312.682 258.92
4700000.000000003 217.22 312.8200000000001 259.00000000000006
4704999.999999998 217.23299999999998 312.95799999999997 259.08
4710000.000000001 217.246 313.09600000000006 259.16
4715000.000000004 217.25900000000001 313.2340000000001 259.24000000000007
4719999.999999999 217.272 313.37199999999996 259.32
4725000.000000002 217.285 313.51000000000005 259.40000000000003
4730000.000000004 217.298 313.64800000000014 259.4800000000001
4734999.999999999 217.31099999999998 313.786 259.56
4740000.000000002 217.324 313.9240000000001 259.64000000000004
4744999.999999997 217.337 314.06199999999995 259.71999999999997
4750000.0 217.35 314.20000000000005 259.8
4755000.000000003 217.363 314.3380000000001 259.88000000000005
4759999.999999998 217.37599999999998 314.47599999999994 259.96
4765000.000000001 217.389 314.61400000000003 260.04
4770000.000000003 217.40200000000002 314.7520000000001 260.12000000000006
4774999.999999998 217.415 314.89 260.2
4780000.000000001 217.428 315.0280000000001 260.28000000000003
4785000.000000004 217.441 315.1660000000001 260.36000000000007
4789999.999999999 217.45399999999998 315.304 260.44
4795000.000000002 217.467 315.44200000000006 260.52000000000004
4800000.000000005 217.48000000000002 315.58000000000015 260.6000000000001
4805000.0 217.493 315.718 260.68
4810000.000000002 217.506 315.8560000000001 260.76000000000005
4814999.999999998 217.51899999999998 315.99399999999997 260.84
4820000.0 217.532 316.132 260.92
4825000.000000003 217.54500000000002 316.2700000000001 261.00000000000006
4829999.999999998 217.558 316.40799999999996 261.08
4835000.000000001 217.571 316.54600000000005 261.16
4840000.000000004 217.584 316.68400000000014 261.24000000000007
4844999.999999999 217.59699999999998 316.822 261.32
4850000.000000002 217.61 316.96000000000004 261.40000000000003
4855000.000000004 217.62300000000002 317.0980000000001 261.4800000000001
4859999.999999999 217.636 317.236 261.56
4865000.000000002 217.649 317.3740000000001 261.64000000000004
4869999.999999997 217.66199999999998 317.51199999999994 261.71999999999997
4875000.0 217.675 317.65000000000003 261.8
4880000.000000003 217.68800000000002 317.78800000000007 261.88000000000005
4884999.999999998 217.701 317.926 261.96
4890000.000000001 217.714 318.064 262.04
4895000.000000003 217.727 318.2020000000001 262.12000000000006
4899999.999999998 217.73999999999998 318.34 262.2
4905000.000000001 217.75300000000001 318.47800000000007 262.28000000000003
4910000.000000004 217.76600000000002 318.6160000000001 262.36000000000007
4914999.999999999 217.779 318.754 262.44
4920000.000000002 217.792 318.89200000000005 262.52000000000004
4925000.000000005 217.805 319.03000000000014 262.6000000000001
4930000.0 217.81799999999998 319.168 262.68
4935000.000000002 217.83100000000002 319.3060000000001 262.76000000000005
4939999.999999998 217.844 319.44399999999996 262.84
4945000.0 217.857 319.58200000000005 262.92
4950000.000000003 217.87 319.7200000000001 263.00000000000006
4954999.999999998 217.88299999999998 319.85799999999995 263.08
4960000.000000001 217.89600000000002 319.99600000000004 263.16
4965000.000000004 217.90900000000002 320.1340000000001 263.24000000000007
4969999.999999999 217.922 320.272 263.32
4975000.000000002 217.935 320.4100000000001 263.40000000000003
4980000.000000004 217.948 320.5480000000001 263.4800000000001
4984999.999999999 217.96099999999998 320.68600000000004 263.56
4990000.000000002 217.97400000000002 320.82400000000007 263.64000000000004
4994999.999999997 217.987 320.96199999999993 263.71999999999997
5000000.0 218.0 321.1 263.8
5005000.000000003 218.00300000000001 321.22100000000006 263.87000000000006
5009999.999999998 218.006 321.342 263.94
5015000.000000001 218.00900000000001 321.463 264.01
5020000.000000003 218.012 321.5840000000001 264.08000000000004
5024999.999999998 218.015 321.705 264.15
5030000.000000001 218.018 321.826 264.22
5035000.000000004 218.02100000000002 321.9470000000001 264.2900000000001
5039999.999999999 218.024 322.068 264.36
5045000.000000002 218.02700000000002 322.1890000000001 264.43000000000006
5050000.000000005 218.03 322.3100000000001 264.50000000000006
5055000.0 218.033 322.43100000000004 264.57
5060000.000000002 218.036 322.5520000000001 264.64000000000004
5064999.999999998 218.039 322.67299999999994 264.71
5070000.0 218.042 322.79400000000004 264.78000000000003
5075000.000000003 218.04500000000002 322.9150000000001 264.85
5079999.999999998 218.048 323.036 264.91999999999996
5085000.000000001 218.05100000000002 323.15700000000004 264.99
5090000.000000004 218.054 323.2780000000001 265.06000000000006
5094999.999999999 218.057 323.399 265.13
5100000.000000002 218.06 323.52000000000004 265.20000000000005
5105000.000000004 218.06300000000002 323.64100000000013 265.2700000000001
5109999.999999999 218.066 323.762 265.34000000000003
5115000.000000002 218.06900000000002 323.88300000000004 265.41
5119999.999999997 218.072 324.00399999999996 265.47999999999996
5125000.0 218.075 324.125 265.55
5130000.000000003 218.078 324.2460000000001 265.62000000000006
5134999.999999998 218.081 324.36699999999996 265.69
5140000.000000001 218.084 324.488 265.76
5145000.000000003 218.08700000000002 324.6090000000001 265.83000000000004
5149999.999999998 218.09 324.72999999999996 265.9
5155000.000000001 218.09300000000002 324.85100000000006 265.97
5160000.000000004 218.096 324.9720000000001 266.0400000000001
5164999.999999999 218.099 325.093 266.11
5170000.000000002 218.102 325.21400000000006 266.18000000000006
5175000.000000005 218.10500000000002 325.3350000000001 266.25000000000006
5180000.0 218.108 325.456 266.32
5185000.000000002 218.11100000000002 325.57700000000006 266.39000000000004
5189999.999999998 218.114 325.698 266.46
5195000.0 218.11700000000002 325.819 266.53000000000003
5200000.000000003 218.12 325.94000000000005 266.6
5204999.999999998 218.123 326.061 266.66999999999996
5210000.000000001 218.126 326.182 266.74
5215000.000000004 218.12900000000002 326.3030000000001 266.81000000000006
5219999.999999999 218.132 326.424 266.88
5225000.000000002 218.13500000000002 326.545 266.95000000000005
5230000.000000004 218.138 326.6660000000001 267.0200000000001
5234999.999999999 218.141 326.787 267.09000000000003
5240000.000000002 218.144 326.9080000000001 267.16
5244999.999999997 218.147 327.02899999999994 267.22999999999996
5250000.0 218.15 327.15 267.3
5255000.000000003 218.15300000000002 327.2710000000001 267.37000000000006
5259999.999999998 218.156 327.39199999999994 267.44
5265000.000000001 218.15900000000002 327.51300000000003 267.51
5270000.000000003 218.162 327.63400000000007 267.58000000000004
5274999.999999998 218.165 327.755 267.65
5280000.000000001 218.168 327.87600000000003 267.72
5285000.000000004 218.17100000000002 327.99700000000007 267.7900000000001
5289999.999999999 218.174 328.118 267.86
5295000.000000002 218.17700000000002 328.23900000000003 267.93000000000006
5300000.000000005 218.18 328.3600000000001 268.00000000000006
5305000.0 218.183 328.481 268.07
5310000.000000002 218.186 328.60200000000003 268.14000000000004
5314999.999999998 218.189 328.72299999999996 268.21
5320000.0 218.192 328.844 268.28000000000003
5325000.000000003 218.19500000000002 328.9650000000001 268.35
5329999.999999998 218.198 329.08599999999996 268.41999999999996
5335000.000000001 218.20100000000002 329.207 268.49
5340000.000000004 218.204 329.3280000000001 268.56000000000006
5344999.999999999 218.207 329.44899999999996 268.63
5350000.000000002 218.21 329.57000000000005 268.70000000000005
5355000.000000004 218.21300000000002 329.6910000000001 268.7700000000001
5359999.999999999 218.216 329.812 268.84000000000003
5365000.000000002 218.21900000000002 329.93300000000005 268.91
5369999.999999997 218.222 330.0539999999999 268.97999999999996
5375000.0 218.22500000000002 330.175 269.05
5380000.000000003 218.228 330.29600000000005 269.12000000000006
5384999.999999998 218.231 330.417 269.19
5390000.000000001 218.234 330.538 269.26
5395000.000000003 218.23700000000002 330.65900000000005 269.33000000000004
5399999.999999998 218.24 330.78 269.4
5405000.000000001 218.24300000000002 330.901 269.47
5410000.000000004 218.246 331.0220000000001 269.5400000000001
5414999.999999999 218.249 331.143 269.61
5420000.000000002 218.252 331.264 269.68000000000006
5425000.000000005 218.25500000000002 331.3850000000001 269.75000000000006
5430000.0 218.258 331.506 269.82
5435000.000000002 218.26100000000002 331.62700000000007 269.89000000000004
5439999.999999998 218.264 331.74799999999993 269.96
5445000.0 218.26700000000002 331.869 270.03000000000003
5450000.000000003 218.27 331.99000000000007 270.1
5454999.999999998 218.273 332.11099999999993 270.16999999999996
5460000.000000001 218.276 332.232 270.24
5465000.000000004 218.27900000000002 332.35300000000007 270.31000000000006
5469999.999999999 218.282 332.474 270.38
5475000.000000002 218.28500000000003 332.595 270.45000000000005
5480000.000000004 218.288 332.71600000000007 270.5200000000001
5484999.999999999 218.291 332.837 270.59000000000003
5490000.000000002 218.294 332.958 270.66
5494999.999999997 218.297 333.07899999999995 270.72999999999996
5500000.0 218.3 333.2 270.8
5505000.000000003 218.298 333.30600000000004 270.86100000000005
5509999.999999998 218.29600000000002 333.4119999999999 270.92199999999997
5515000.000000001 218.294 333.51800000000003 270.983
5520000.000000003 218.292 333.6240000000001 271.04400000000004
5524999.999999998 218.29000000000002 333.72999999999996 271.105
5530000.000000001 218.288 333.836 271.166
5535000.000000004 218.286 333.94200000000006 271.22700000000003
5539999.999999999 218.28400000000002 334.04799999999994 271.288
5545000.000000002 218.282 334.15400000000005 271.34900000000005
5550000.000000005 218.28 334.2600000000001 271.4100000000001
5555000.0 218.27800000000002 334.366 271.471
5560000.000000002 218.276 334.47200000000004 271.53200000000004
5564999.999999998 218.274 334.5779999999999 271.59299999999996
5570000.0 218.27200000000002 334.684 271.654
5575000.000000003 218.27 334.7900000000001 271.71500000000003
5579999.999999998 218.268 334.89599999999996 271.776
5585000.000000001 218.26600000000002 335.002 271.837
5590000.000000004 218.264 335.10800000000006 271.898
5594999.999999999 218.262 335.21399999999994 271.959
5600000.000000002 218.26000000000002 335.32000000000005 272.02000000000004
5605000.000000004 218.258 335.4260000000001 272.0810000000001
5609999.999999999 218.256 335.532 272.142
5615000.000000002 218.25400000000002 335.63800000000003 272.20300000000003
5619999.999999997 218.252 335.7439999999999 272.26399999999995
5625000.0 218.25 335.85 272.325
5630000.000000003 218.24800000000002 335.9560000000001 272.386
5634999.999999998 218.246 336.06199999999995 272.447
5640000.000000001 218.244 336.168 272.508
5645000.000000003 218.24200000000002 336.27400000000006 272.569
5649999.999999998 218.24 336.37999999999994 272.63
5655000.000000001 218.238 336.48600000000005 272.69100000000003
5660000.000000004 218.23600000000002 336.5920000000001 272.75200000000007
5664999.999999999 218.234 336.698 272.813
5670000.000000002 218.232 336.80400000000003 272.874
5675000.000000005 218.23 336.9100000000001 272.93500000000006
5680000.0 218.228 337.01599999999996 272.996
5685000.000000002 218.226 337.12200000000007 273.057
5689999.999999998 218.22400000000002 337.22799999999995 273.118
5695000.0 218.222 337.334 273.179
5700000.000000003 218.22 337.44000000000005 273.24
5704999.999999998 218.21800000000002 337.54599999999994 273.301
5710000.000000001 218.216 337.65200000000004 273.362
5715000.000000004 218.214 337.7580000000001 273.42300000000006
5719999.999999999 218.21200000000002 337.864 273.484
5725000.000000002 218.21 337.97 273.545
5730000.000000004 218.208 338.0760000000001 273.60600000000005
5734999.999999999 218.20600000000002 338.18199999999996 273.667
5740000.000000002 218.204 338.28800000000007 273.728
5744999.999999997 218.202 338.39399999999995 273.789
5750000.0 218.2 338.5 273.85
5755000.000000003 218.198 338.60600000000005 273.911
5759999.999999998 218.196 338.71199999999993 273.972
5765000.000000001 218.194 338.81800000000004 274.033
5770000.000000003 218.192 338.9240000000001 274.09400000000005
5774999.999999998 218.19 339.03 274.155
5780000.000000001 218.188 339.136 274.216
5785000.000000004 218.186 339.2420000000001 274.27700000000004
5789999.999999999 218.184 339.34799999999996 274.33799999999997
5795000.000000002 218.182 339.45400000000006 274.399
5800000.000000005 218.18 339.5600000000001 274.46000000000004
5805000.0 218.178 339.666 274.521
5810000.000000002 218.176 339.77200000000005 274.582
5814999.999999998 218.174 339.87799999999993 274.643
5820000.0 218.172 339.98400000000004 274.704
5825000.000000003 218.17 340.0900000000001 274.76500000000004
5829999.999999998 218.168 340.19599999999997 274.82599999999996
5835000.000000001 218.166 340.302 274.887
5840000.000000004 218.164 340.4080000000001 274.94800000000004
5844999.999999999 218.162 340.51399999999995 275.00899999999996
5850000.000000002 218.16 340.62000000000006 275.07
5855000.000000004 218.158 340.7260000000001 275.13100000000003
5859999.999999999 218.156 340.832 275.192
5865000.000000002 218.154 340.93800000000005 275.253
5869999.999999997 218.152 341.0439999999999 275.31399999999996
5875000.0 218.15 341.15 275.375
5880000.000000003 218.148 341.2560000000001 275.43600000000004
5884999.999999998 218.146 341.36199999999997 275.49699999999996
5890000.000000001 218.144 341.468 275.558
5895000.000000003 218.142 341.57400000000007 275.619
5899999.999999998 218.14 341.67999999999995 275.67999999999995
5905000.000000001 218.138 341.78600000000006 275.741
5910000.000000004 218.136 341.8920000000001 275.802
5914999.999999999 218.134 341.998 275.863
5920000.000000002 218.132 342.10400000000004 275.924
5925000.000000005 218.13 342.2100000000001 275.985
5930000.0 218.128 342.31600000000003 276.046
5935000.000000002 218.126 342.4220000000001 276.107
5939999.999999998 218.124 342.52799999999996 276.16799999999995
5945000.0 218.12199999999999 342.634 276.229
5950000.000000003 218.12 342.74000000000007 276.29
5954999.999999998 218.118 342.84599999999995 276.35099999999994
5960000.000000001 218.11599999999999 342.95200000000006 276.412
5965000.000000004 218.114 343.0580000000001 276.473
5969999.999999999 218.112 343.164 276.534
5975000.000000002 218.10999999999999 343.27000000000004 276.59499999999997
5980000.000000004 218.108 343.3760000000001 276.656
5984999.999999999 218.106 343.48199999999997 276.717
5990000.000000002 218.10399999999998 343.5880000000001 276.778
5994999.999999997 218.102 343.69399999999996 276.83899999999994
6000000.0 218.1 343.8 276.9
6005000.000000003 218.09199999999998 343.89400000000006 276.954
6009999.999999998 218.084 343.988 277.008
6015000.000000001 218.076 344.082 277.062
6020000.000000003 218.06799999999998 344.17600000000004 277.116
6024999.999999998 218.06 344.27 277.16999999999996
6030000.000000001 218.052 344.36400000000003 277.224
6035000.000000004 218.04399999999998 344.4580000000001 277.278
6039999.999999999 218.036 344.552 277.332
6045000.000000002 218.028 344.646 277.386
6050000.000000005 218.01999999999998 344.74000000000007 277.44000000000005
6055000.0 218.012 344.834 277.49399999999997
6060000.000000002 218.004 344.92800000000005 277.548
6064999.999999998 217.996 345.022 277.602
6070000.0 217.988 345.116 277.656
6075000.000000003 217.98 345.21000000000004 277.71000000000004
6079999.999999998 217.972 345.304 277.76399999999995
6085000.000000001 217.964 345.398 277.818
6090000.000000004 217.956 345.4920000000001 277.872
6094999.999999999 217.948 345.586 277.926
6100000.000000002 217.94 345.68 277.98
6105000.000000004 217.932 345.77400000000006 278.03400000000005
6109999.999999999 217.924 345.868 278.08799999999997
6115000.000000002 217.916 345.96200000000005 278.142
6119999.999999997 217.90800000000002 346.056 278.19599999999997
6125000.0 217.9 346.15 278.25
6130000.000000003 217.892 346.244 278.30400000000003
6134999.999999998 217.88400000000001 346.33799999999997 278.35799999999995
6140000.000000001 217.876 346.432 278.412
6145000.000000003 217.868 346.52600000000007 278.466
6149999.999999998 217.86 346.62 278.52
6155000.000000001 217.852 346.714 278.574
6160000.000000004 217.844 346.80800000000005 278.62800000000004
6164999.999999999 217.836 346.902 278.68199999999996
6170000.000000002 217.828 346.99600000000004 278.736
6175000.000000005 217.82 347.0900000000001 278.79
6180000.0 217.812 347.184 278.844
6185000.000000002 217.804 347.278 278.898
6189999.999999998 217.796 347.37199999999996 278.95199999999994
6195000.0 217.788 347.466 279.006
6200000.000000003 217.78 347.56000000000006 279.06
6204999.999999998 217.772 347.654 279.114
6210000.000000001 217.764 347.748 279.168
6215000.000000004 217.756 347.84200000000004 279.22200000000004
6219999.999999999 217.748 347.936 279.27599999999995
6225000.000000002 217.74 348.03000000000003 279.33
6230000.000000004 217.732 348.1240000000001 279.384
6234999.999999999 217.724 348.218 279.438
6240000.000000002 217.716 348.312 279.492
6244999.999999997 217.708 348.40599999999995 279.546
6250000.0 217.7 348.5 279.6
6255000.000000003 217.692 348.59400000000005 279.654
6259999.999999998 217.684 348.688 279.70799999999997
6265000.000000001 217.67600000000002 348.782 279.762
6270000.000000003 217.668 348.87600000000003 279.81600000000003
6274999.999999998 217.66 348.96999999999997 279.87
6280000.000000001 217.65200000000002 349.064 279.92400000000004
6285000.000000004 217.644 349.1580000000001 279.978
6289999.999999999 217.636 349.252 280.032
6295000.000000002 217.62800000000001 349.346 280.086
6300000.000000005 217.62 349.44000000000005 280.14000000000004
6305000.0 217.612 349.534 280.194
6310000.000000002 217.604 349.62800000000004 280.24800000000005
6314999.999999998 217.596 349.722 280.30199999999996
6320000.0 217.588 349.81600000000003 280.356
6325000.000000003 217.58 349.91 280.41
6329999.999999998 217.572 350.00399999999996 280.464
6335000.000000001 217.564 350.098 280.51800000000003
6340000.000000004 217.556 350.19200000000006 280.57200000000006
6344999.999999999 217.548 350.286 280.626
6350000.000000002 217.54 350.38 280.68
6355000.000000004 217.532 350.47400000000005 280.73400000000004
6359999.999999999 217.524 350.568 280.788
6365000.000000002 217.516 350.66200000000003 280.84200000000004
6369999.999999997 217.508 350.756 280.89599999999996
6375000.0 217.5 350.85 280.95
6380000.000000003 217.492 350.944 281.004
6384999.999999998 217.484 351.03799999999995 281.058
6390000.000000001 217.476 351.132 281.112
6395000.000000003 217.468 351.22600000000006 281.16600000000005
6399999.999999998 217.46 351.32 281.21999999999997
6405000.000000001 217.452 351.414 281.274
6410000.000000004 217.444 351.50800000000004 281.32800000000003
6414999.999999999 217.436 351.602 281.382
6420000.000000002 217.428 351.696 281.43600000000004
6425000.000000005 217.42000000000002 351.7900000000001 281.49000000000007
6430000.0 217.412 351.884 281.544
6435000.000000002 217.404 351.978 281.598
6439999.999999998 217.39600000000002 352.07199999999995 281.652
6445000.0 217.388 352.166 281.706
6450000.000000003 217.38 352.26000000000005 281.76000000000005
6454999.999999998 217.372 352.354 281.81399999999996
6460000.000000001 217.364 352.448 281.868
6465000.000000004 217.356 352.54200000000003 281.922
6469999.999999999 217.348 352.63599999999997 281.976
6475000.000000002 217.34 352.73 282.03000000000003
6480000.000000004 217.332 352.82400000000007 282.08400000000006
6484999.999999999 217.324 352.918 282.138
6490000.000000002 217.316 353.012 282.192
6494999.999999997 217.30800000000002 353.10599999999994 282.246
6500000.0 217.3 353.2 282.3
6505000.000000003 217.29000000000002 353.283 282.34900000000005
6509999.999999998 217.28000000000003 353.36599999999993 282.39799999999997
6515000.000000001 217.27 353.449 282.447
6520000.000000003 217.26 353.53200000000004 282.49600000000004
6524999.999999998 217.25 353.61499999999995 282.545
6530000.000000001 217.24 353.69800000000004 282.594
6535000.000000004 217.23000000000002 353.78100000000006 282.64300000000003
6539999.999999999 217.22000000000003 353.864 282.692
6545000.000000002 217.21 353.947 282.74100000000004
6550000.000000005 217.2 354.0300000000001 282.7900000000001
6555000.0 217.19 354.113 282.839
6560000.000000002 217.18 354.196 282.88800000000003
6564999.999999998 217.17000000000002 354.27899999999994 282.937
6570000.0 217.16000000000003 354.362 282.986
6575000.000000003 217.15 354.44500000000005 283.035
6579999.999999998 217.14000000000001 354.52799999999996 283.084
6585000.000000001 217.13 354.611 283.13300000000004
6590000.000000004 217.12 354.6940000000001 283.182
6594999.999999999 217.11 354.777 283.231
6600000.000000002 217.10000000000002 354.86 283.28000000000003
6605000.000000004 217.09 354.94300000000004 283.32900000000006
6609999.999999999 217.08 355.02599999999995 283.378
6615000.000000002 217.07 355.10900000000004 283.427
6619999.999999997 217.06 355.19199999999995 283.476
6625000.0 217.05 355.275 283.525
6630000.000000003 217.04000000000002 355.35800000000006 283.574
6634999.999999998 217.03000000000003 355.441 283.623
6640000.000000001 217.02 355.524 283.672
6645000.000000003 217.01 355.607 283.72100000000006
6649999.999999998 217.0 355.68999999999994 283.77
6655000.000000001 216.99 355.773 283.819
6660000.000000004 216.98000000000002 355.85600000000005 283.86800000000005
6664999.999999999 216.97000000000003 355.93899999999996 283.917
6670000.000000002 216.96 356.02200000000005 283.966
6675000.000000005 216.95 356.1050000000001 284.01500000000004
6680000.0 216.94 356.188 284.064
6685000.000000002 216.93 356.271 284.113
6689999.999999998 216.92000000000002 356.3539999999999 284.162
6695000.0 216.91000000000003 356.437 284.211
6700000.000000003 216.9 356.52000000000004 284.26000000000005
6704999.999999998 216.89000000000001 356.60299999999995 284.30899999999997
6710000.000000001 216.88 356.68600000000004 284.358
6715000.000000004 216.87 356.76900000000006 284.40700000000004
6719999.999999999 216.86 356.852 284.456
6725000.000000002 216.85000000000002 356.935 284.505
6730000.000000004 216.84 357.0180000000001 284.55400000000003
6734999.999999999 216.83 357.101 284.603
6740000.000000002 216.82 357.184 284.65200000000004
6744999.999999997 216.81 357.26699999999994 284.70099999999996
6750000.0 216.8 357.35 284.75
6755000.000000003 216.79000000000002 357.43300000000005 284.79900000000004
6759999.999999998 216.78000000000003 357.51599999999996 284.84799999999996
6765000.000000001 216.77 357.599 284.897
6770000.000000003 216.76 357.6820000000001 284.946
6774999.999999998 216.75 357.765 284.995
6780000.000000001 216.74 357.848 285.044
6785000.000000004 216.73000000000002 357.93100000000004 285.093
6789999.999999999 216.72000000000003 358.01399999999995 285.142
6795000.000000002 216.71 358.09700000000004 285.19100000000003
6800000.000000005 216.7 358.18000000000006 285.24000000000007
6805000.0 216.69 358.263 285.289
6810000.000000002 216.68 358.34600000000006 285.338
6814999.999999998 216.67000000000002 358.429 285.387
6820000.0 216.66000000000003 358.512 285.436
6825000.000000003 216.65 358.595 285.485
6829999.999999998 216.64000000000001 358.67799999999994 285.534
6835000.000000001 216.63 358.761 285.583
6840000.000000004 216.62 358.84400000000005 285.632
6844999.999999999 216.61 358.92699999999996 285.681
6850000.000000002 216.60000000000002 359.01000000000005 285.73
6855000.000000004 216.59 359.0930000000001 285.77900000000005
6859999.999999999 216.58 359.176 285.828
6865000.000000002 216.57 359.259 285.877
6869999.999999997 216.56 359.3419999999999 285.926
6875000.0 216.55 359.425 285.975
6880000.000000003 216.54000000000002 359.50800000000004 286.024
6884999.999999998 216.53000000000003 359.59099999999995 286.073
6890000.000000001 216.52 359.674 286.122
6895000.000000003 216.51 359.75700000000006 286.17100000000005
6899999.999999998 216.5 359.84 286.21999999999997
6905000.000000001 216.49 359.923 286.269
6910000.000000004 216.48000000000002 360.0060000000001 286.31800000000004
6914999.999999999 216.47000000000003 360.089 286.36699999999996
6920000.000000002 216.46 360.172 286.416
6925000.000000005 216.45 360.25500000000005 286.46500000000003
6930000.0 216.44 360.33799999999997 286.514
6935000.000000002 216.43 360.42100000000005 286.563
6939999.999999998 216.42000000000002 360.50399999999996 286.61199999999997
6945000.0 216.41000000000003 360.587 286.661
6950000.000000003 216.4 360.6700000000001 286.71000000000004
6954999.999999998 216.39000000000001 360.753 286.75899999999996
6960000.000000001 216.38 360.836 286.808
6965000.000000004 216.37 360.91900000000004 286.857
6969999.999999999 216.36 361.00199999999995 286.906
6975000.000000002 216.35000000000002 361.08500000000004 286.955
6980000.000000004 216.34 361.16800000000006 287.004
6984999.999999999 216.33 361.251 287.053
6990000.000000002 216.32 361.33400000000006 287.10200000000003
6994999.999999997 216.31 361.417 287.15099999999995
7000000.0 216.3 361.5 287.2
7010000.000000005 216.275 361.6380000000001 287.28700000000003
7019999.999999996 216.25000000000003 361.77599999999995 287.37399999999997
7030000.000000001 216.22500000000002 361.91400000000004 287.461
7040000.0000000065 216.2 362.0520000000001 287.54800000000006
7049999.999999997 216.175 362.18999999999994 287.635
7060000.000000002 216.15 362.32800000000003 287.722
7070000.000000007 216.125 362.4660000000001 287.809
7079999.999999998 216.10000000000002 362.604 287.89599999999996
7090000.000000004 216.075 362.7420000000001 287.983
7100000.000000008 216.04999999999998 362.8800000000001 288.07000000000005
7109999.999999999 216.025 363.018 288.157
7120000.000000005 216.0 363.15600000000006 288.244
7129999.999999995 215.97500000000002 363.2939999999999 288.33099999999996
7140000.000000001 215.95000000000002 363.432 288.418
7150000.000000006 215.925 363.5700000000001 288.50500000000005
7159999.999999996 215.90000000000003 363.70799999999997 288.592
7170000.000000002 215.875 363.846 288.679
7180000.0000000065 215.85 363.9840000000001 288.766
7189999.999999998 215.82500000000002 364.12199999999996 288.85299999999995
7200000.000000003 215.8 364.26000000000005 288.94
7210000.000000008 215.77499999999998 364.39800000000014 289.02700000000004
7219999.999999999 215.75 364.536 289.114
7230000.000000004 215.725 364.67400000000004 289.201
7239999.999999994 215.70000000000002 364.81199999999995 289.28799999999995
7250000.0 215.675 364.95 289.375
7260000.000000006 215.65 365.0880000000001 289.46200000000005
7269999.999999996 215.62500000000003 365.22599999999994 289.549
7280000.000000001 215.60000000000002 365.36400000000003 289.63599999999997
7290000.0000000065 215.575 365.50200000000007 289.723
7299999.999999997 215.55 365.64 289.80999999999995
7310000.000000002 215.525 365.778 289.897
7320000.000000007 215.5 365.9160000000001 289.98400000000004
7329999.999999998 215.47500000000002 366.054 290.07099999999997
7340000.000000004 215.45 366.19200000000006 290.158
7350000.000000008 215.42499999999998 366.3300000000001 290.24500000000006
7359999.999999999 215.4 366.468 290.332
7370000.000000005 215.375 366.60600000000005 290.41900000000004
7379999.999999995 215.35000000000002 366.7439999999999 290.506
7390000.000000001 215.32500000000002 366.882 290.59299999999996
7400000.000000006 215.3 367.0200000000001 290.68
7409999.999999996 215.27500000000003 367.15799999999996 290.76699999999994
7420000.000000002 215.25 367.29600000000005 290.854
7430000.0000000065 215.225 367.4340000000001 290.94100000000003
7439999.999999998 215.20000000000002 367.57199999999995 291.02799999999996
7450000.000000003 215.175 367.71000000000004 291.115
7460000.000000008 215.14999999999998 367.8480000000001 291.20200000000006
7469999.999999999 215.125 367.986 291.289
7480000.000000004 215.1 368.1240000000001 291.37600000000003
7489999.999999994 215.07500000000002 368.26199999999994 291.46299999999997
7500000.0 215.05 368.4 291.54999999999995
7510000.000000006 215.025 368.53800000000007 291.637
7519999.999999996 215.00000000000003 368.67599999999993 291.72399999999993
7530000.000000001 214.97500000000002 368.814 291.811
7540000.0000000065 214.95 368.9520000000001 291.898
7549999.999999997 214.925 369.09 291.98499999999996
7560000.000000002 214.9 369.22800000000007 292.072
7570000.000000007 214.875 369.3660000000001 292.15900000000005
7579999.999999998 214.85000000000002 369.50399999999996 292.246
7590000.000000004 214.825 369.64200000000005 292.333
7600000.000000008 214.79999999999998 369.78000000000014 292.4200000000001
7609999.999999999 214.775 369.918 292.50699999999995
7620000.000000005 214.75 370.0560000000001 292.594
7629999.999999995 214.72500000000002 370.19399999999996 292.6809999999999
7640000.000000001 214.70000000000002 370.332 292.768
7650000.000000006 214.675 370.4700000000001 292.855
7659999.999999996 214.65000000000003 370.60799999999995 292.94199999999995
7670000.000000002 214.625 370.74600000000004 293.029
7680000.0000000065 214.6 370.8840000000001 293.11600000000004
7689999.999999998 214.57500000000002 371.022 293.203
7700000.000000003 214.55 371.16 293.29
7710000.000000007 214.52499999999998 371.2980000000001 293.37700000000007
7719999.999999999 214.5 371.436 293.46399999999994
7730000.000000004 214.475 371.57400000000007 293.551
7739999.999999994 214.45000000000002 371.71199999999993 293.6379999999999
7750000.0 214.425 371.85 293.72499999999997
7760000.000000006 214.4 371.98800000000006 293.812
7769999.999999996 214.37500000000003 372.126 293.89899999999994
7780000.000000001 214.35000000000002 372.264 293.986
7790000.0000000065 214.325 372.4020000000001 294.07300000000004
7799999.999999997 214.3 372.53999999999996 294.15999999999997
7810000.000000002 214.275 372.67800000000005 294.247
7820000.000000007 214.25 372.8160000000001 294.33400000000006
7829999.999999998 214.22500000000002 372.954 294.421
7840000.000000004 214.2 373.09200000000004 294.508
7850000.000000008 214.17499999999998 373.23000000000013 294.595
7859999.999999999 214.15 373.368 294.68199999999996
7870000.000000005 214.125 373.5060000000001 294.769
7879999.999999995 214.10000000000002 373.64399999999995 294.85599999999994
7890000.000000001 214.07500000000002 373.78200000000004 294.943
7900000.000000006 214.05 373.9200000000001 295.03000000000003
7909999.999999996 214.02500000000003 374.05799999999994 295.11699999999996
7920000.000000002 214.0 374.196 295.204
7930000.0000000065 213.975 374.3340000000001 295.29100000000005
7939999.999999998 213.95000000000002 374.472 295.37799999999993
7950000.000000003 213.925 374.61000000000007 295.46500000000003
7960000.000000007 213.89999999999998 374.7480000000001 295.552
7969999.999999999 213.875 374.88599999999997 295.63899999999995
7980000.000000004 213.85 375.02400000000006 295.726
7989999.999999994 213.82500000000002 375.1619999999999 295.81299999999993
8000000.0 213.8 375.3 295.9
8010000.000000005 213.771 375.40700000000004 295.98
8019999.999999996 213.74200000000002 375.51399999999995 296.05999999999995
8030000.000000001 213.713 375.62100000000004 296.14
8040000.0000000065 213.684 375.72800000000007 296.22
8049999.999999997 213.65500000000003 375.835 296.29999999999995
8060000.000000002 213.626 375.942 296.38
8070000.000000007 213.59699999999998 376.0490000000001 296.46000000000004
8079999.999999998 213.568 376.156 296.53999999999996
8090000.000000004 213.539 376.26300000000003 296.62
8100000.000000008 213.51 376.3700000000001 296.70000000000005
8109999.999999999 213.48100000000002 376.47700000000003 296.78
8120000.000000005 213.452 376.58400000000006 296.86
8129999.999999995 213.42300000000003 376.691 296.93999999999994
8140000.000000001 213.394 376.798 297.02
8150000.000000006 213.36499999999998 376.9050000000001 297.1
8159999.999999996 213.336 377.012 297.17999999999995
8170000.000000002 213.30700000000002 377.119 297.26
8180000.0000000065 213.278 377.22600000000006 297.34000000000003
8189999.999999998 213.24900000000002 377.33299999999997 297.41999999999996
8200000.000000003 213.22 377.44000000000005 297.5
8210000.000000008 213.19099999999997 377.5470000000001 297.58000000000004
8219999.999999999 213.162 377.654 297.65999999999997
8230000.000000004 213.133 377.761 297.74
8239999.999999994 213.104 377.86799999999994 297.81999999999994
8250000.0 213.07500000000002 377.975 297.9
8260000.000000006 213.046 378.08200000000005 297.98
8269999.999999996 213.01700000000002 378.18899999999996 298.05999999999995
8280000.000000001 212.988 378.296 298.14
8290000.0000000065 212.959 378.4030000000001 298.22
8299999.999999997 212.93 378.51 298.29999999999995
8310000.000000002 212.901 378.617 298.38
8320000.000000007 212.87199999999999 378.7240000000001 298.46000000000004
8329999.999999998 212.84300000000002 378.831 298.53999999999996
8340000.000000004 212.814 378.93800000000005 298.62
8350000.000000008 212.785 379.0450000000001 298.70000000000005
8359999.999999999 212.756 379.152 298.78
8370000.000000005 212.727 379.25900000000007 298.86
8379999.999999995 212.69800000000004 379.366 298.93999999999994
8390000.0 212.669 379.473 299.02
8400000.000000006 212.64 379.58000000000004 299.1
8409999.999999996 212.61100000000002 379.68699999999995 299.17999999999995
8420000.000000002 212.582 379.79400000000004 299.26
8430000.000000007 212.553 379.90100000000007 299.34000000000003
8439999.999999998 212.52400000000003 380.008 299.41999999999996
8450000.000000004 212.495 380.115 299.5
8460000.000000007 212.46599999999998 380.2220000000001 299.58000000000004
8469999.999999998 212.437 380.329 299.65999999999997
8480000.000000004 212.408 380.43600000000004 299.74
8489999.999999994 212.37900000000002 380.54299999999995 299.81999999999994
8500000.0 212.35000000000002 380.65 299.9
8510000.000000006 212.321 380.75700000000006 299.98
8519999.999999996 212.29200000000003 380.864 300.05999999999995
8530000.000000002 212.263 380.971 300.14
8540000.000000006 212.23399999999998 381.0780000000001 300.22
8549999.999999996 212.205 381.185 300.29999999999995
8560000.000000002 212.176 381.29200000000003 300.38
8570000.000000007 212.147 381.39900000000006 300.46000000000004
8579999.999999998 212.11800000000002 381.506 300.53999999999996
8590000.000000004 212.089 381.61300000000006 300.62
8600000.00000001 212.05999999999997 381.7200000000001 300.70000000000005
8610000.0 212.031 381.827 300.78
8620000.000000004 212.00199999999998 381.934 300.86
8629999.999999996 211.973 382.04099999999994 300.93999999999994
8640000.0 211.94400000000002 382.148 301.02
8650000.000000006 211.915 382.25500000000005 301.1
8659999.999999996 211.88600000000002 382.36199999999997 301.17999999999995
8670000.000000002 211.857 382.469 301.26
8680000.000000007 211.82799999999997 382.5760000000001 301.34000000000003
8689999.999999998 211.799 382.683 301.41999999999996
8700000.000000004 211.77 382.79 301.5
8710000.000000007 211.74099999999999 382.8970000000001 301.58000000000004
8719999.999999998 211.71200000000002 383.004 301.65999999999997
8730000.000000004 211.683 383.11100000000005 301.74
8739999.999999994 211.65400000000002 383.21799999999996 301.81999999999994
8750000.0 211.625 383.325 301.9
8760000.000000006 211.596 383.4320000000001 301.98
8769999.999999996 211.567 383.539 302.05999999999995
8780000.000000002 211.538 383.646 302.14
8790000.000000006 211.509 383.75300000000004 302.22
8799999.999999996 211.48000000000002 383.85999999999996 302.29999999999995
8810000.000000002 211.451 383.96700000000004 302.38
8820000.000000007 211.422 384.07400000000007 302.46000000000004
8829999.999999998 211.393 384.181 302.53999999999996
8840000.000000004 211.364 384.288 302.62
8850000.00000001 211.33499999999998 384.3950000000001 302.70000000000005
8860000.0 211.306 384.502 302.78
8870000.000000004 211.277 384.60900000000004 302.86
8879999.999999996 211.24800000000002 384.71599999999995 302.93999999999994
8890000.0 211.219 384.823 303.02
8900000.000000006 211.19 384.93000000000006 303.1
8909999.999999996 211.16100000000003 385.037 303.17999999999995
8920000.000000002 211.132 385.144 303.26
8930000.000000007 211.10299999999998 385.2510000000001 303.34000000000003
8939999.999999998 211.074 385.35799999999995 303.41999999999996
8950000.000000004 211.045 385.46500000000003 303.5
8960000.000000007 211.016 385.57200000000006 303.58000000000004
8969999.999999998 210.98700000000002 385.679 303.65999999999997
8980000.000000004 210.958 385.78600000000006 303.74
8989999.999999994 210.92900000000003 385.893 303.81999999999994
9000000.0 210.9 386.0 303.9
9010000.000000006 210.869 386.08400000000006 303.97700000000003
9019999.999999996 210.83800000000002 386.16799999999995 304.054
9030000.000000002 210.80700000000002 386.252 304.131
9040000.000000006 210.77599999999998 386.33600000000007 304.208
9049999.999999996 210.745 386.41999999999996 304.28499999999997
9060000.000000002 210.714 386.504 304.362
9070000.000000007 210.683 386.5880000000001 304.439
9079999.999999998 210.65200000000002 386.67199999999997 304.51599999999996
9090000.000000004 210.621 386.75600000000003 304.593
9100000.00000001 210.58999999999997 386.8400000000001 304.6700000000001
9110000.0 210.559 386.924 304.74699999999996
9120000.000000004 210.528 387.00800000000004 304.824
9129999.999999996 210.497 387.092 304.90099999999995
9140000.0 210.466 387.176 304.978
9150000.000000006 210.435 387.26000000000005 305.055
9159999.999999996 210.40400000000002 387.344 305.13199999999995
9170000.000000002 210.373 387.428 305.209
9180000.000000007 210.34199999999998 387.51200000000006 305.28600000000006
9189999.999999998 210.311 387.596 305.36299999999994
9200000.000000004 210.28 387.68 305.44
9210000.000000007 210.249 387.76400000000007 305.51700000000005
9219999.999999998 210.21800000000002 387.848 305.594
9230000.000000004 210.18699999999998 387.932 305.671
9239999.999999994 210.15600000000003 388.01599999999996 305.74799999999993
9250000.0 210.125 388.1 305.825
9260000.000000006 210.094 388.184 305.90200000000004
9269999.999999996 210.06300000000002 388.268 305.979
9280000.000000002 210.032 388.352 306.056
9290000.000000006 210.00099999999998 388.43600000000004 306.13300000000004
9299999.999999996 209.97000000000003 388.52 306.21
9310000.000000002 209.939 388.604 306.28700000000003
9320000.000000007 209.908 388.68800000000005 306.36400000000003
9329999.999999998 209.877 388.772 306.441
9340000.000000004 209.846 388.856 306.51800000000003
9350000.00000001 209.81499999999997 388.94000000000005 306.5950000000001
9360000.0 209.78400000000002 389.024 306.67199999999997
9370000.000000004 209.753 389.108 306.749
9379999.999999996 209.722 389.19199999999995 306.82599999999996
9390000.0 209.691 389.276 306.903
9400000.000000006 209.66 389.36 306.98
9409999.999999996 209.62900000000002 389.44399999999996 307.05699999999996
9420000.000000002 209.598 389.528 307.134
9430000.000000007 209.56699999999998 389.612 307.21100000000007
9439999.999999998 209.536 389.69599999999997 307.28799999999995
9450000.000000004 209.505 389.78000000000003 307.365
9460000.000000007 209.474 389.86400000000003 307.44200000000006
9469999.999999998 209.443 389.948 307.519
9480000.000000004 209.412 390.03200000000004 307.596
9489999.999999994 209.38100000000003 390.11599999999993 307.67299999999994
9500000.0 209.35000000000002 390.2 307.75
9510000.000000006 209.319 390.28400000000005 307.82700000000006
9519999.999999996 209.288 390.36799999999994 307.904
9530000.000000002 209.257 390.452 307.981
9540000.000000006 209.226 390.53600000000006 308.05800000000005
9549999.999999996 209.19500000000002 390.61999999999995 308.135
9560000.000000002 209.16400000000002 390.704 308.21200000000005
9570000.000000007 209.13299999999998 390.78800000000007 308.28900000000004
9579999.999999998 209.102 390.87199999999996 308.366
9590000.000000004 209.071 390.956 308.44300000000004
9600000.00000001 209.04 391.0400000000001 308.5200000000001
9610000.0 209.00900000000001 391.12399999999997 308.597
9620000.000000004 208.978 391.208 308.67400000000004
9629999.999999996 208.94700000000003 391.292 308.751
9640000.0 208.916 391.376 308.82800000000003
9650000.000000006 208.885 391.46000000000004 308.90500000000003
9659999.999999996 208.854 391.544 308.98199999999997
9670000.000000002 208.823 391.628 309.059
9680000.000000007 208.792 391.71200000000005 309.1360000000001
9689999.999999998 208.76100000000002 391.796 309.21299999999997
9700000.000000004 208.73 391.88 309.29
9710000.000000007 208.69899999999998 391.96400000000006 309.3670000000001
9719999.999999998 208.668 392.048 309.444
9730000.000000004 208.637 392.132 309.521
9739999.999999994 208.60600000000002 392.21599999999995 309.59799999999996
9750000.0 208.57500000000002 392.29999999999995 309.675
9760000.000000006 208.54399999999998 392.384 309.75200000000007
9769999.999999996 208.51300000000003 392.46799999999996 309.829
9780000.000000002 208.482 392.55199999999996 309.906
9790000.000000006 208.451 392.636 309.98300000000006
9799999.999999996 208.42000000000002 392.71999999999997 310.06
9810000.000000002 208.389 392.804 310.13700000000006
9820000.000000007 208.35799999999998 392.88800000000003 310.21400000000006
9829999.999999998 208.32700000000003 392.972 310.291
9840000.000000004 208.296 393.056 310.36800000000005
9850000.00000001 208.265 393.14000000000004 310.4450000000001
9860000.0 208.234 393.224 310.522
9870000.000000004 208.203 393.308 310.59900000000005
9879999.999999996 208.17200000000003 393.39199999999994 310.676
9890000.0 208.14100000000002 393.476 310.75300000000004
9900000.000000006 208.10999999999999 393.56 310.83000000000004
9909999.999999996 208.079 393.64399999999995 310.907
9920000.000000002 208.048 393.728 310.98400000000004
9930000.000000007 208.017 393.812 311.0610000000001
9939999.999999998 207.98600000000002 393.89599999999996 311.138
9950000.000000004 207.955 393.98 311.21500000000003
9960000.000000007 207.92399999999998 394.064 311.2920000000001
9969999.999999998 207.89300000000003 394.14799999999997 311.369
9980000.000000004 207.862 394.232 311.446
9989999.999999994 207.83100000000002 394.3159999999999 311.52299999999997
10000000.0 207.8 394.4 311.6
10010000.000000006 207.769 394.466 311.68000000000006
10019999.999999996 207.73800000000003 394.5319999999999 311.76
10030000.000000002 207.707 394.598 311.84000000000003
10040000.000000006 207.676 394.66400000000004 311.9200000000001
10049999.999999996 207.645 394.72999999999996 312.0
10060000.000000002 207.614 394.796 312.08000000000004
10070000.000000007 207.583 394.862 312.1600000000001
10079999.999999998 207.55200000000002 394.92799999999994 312.24
10090000.000000004 207.521 394.994 312.32000000000005
10100000.00000001 207.48999999999998 395.06000000000006 312.4000000000001
10110000.0 207.459 395.126 312.48
10120000.000000004 207.428 395.192 312.56000000000006
10129999.999999996 207.39700000000002 395.2579999999999 312.64
10140000.0 207.366 395.324 312.72
10150000.000000006 207.33499999999998 395.39000000000004 312.80000000000007
10159999.999999996 207.30400000000003 395.45599999999996 312.88
10170000.000000002 207.273 395.522 312.96000000000004
10180000.000000007 207.242 395.588 313.0400000000001
10189999.999999998 207.211 395.65399999999994 313.12
10200000.000000004 207.18 395.72 313.20000000000005
10210000.000000007 207.14899999999997 395.78600000000006 313.2800000000001
10219999.999999998 207.11800000000002 395.852 313.36
10230000.000000004 207.087 395.918 313.44000000000005
10239999.999999994 207.056 395.9839999999999 313.52
10250000.0 207.025 396.04999999999995 313.6
10260000.000000006 206.994 396.11600000000004 313.68000000000006
10269999.999999996 206.96300000000002 396.18199999999996 313.76
10280000.000000002 206.932 396.248 313.84000000000003
10290000.000000006 206.90099999999998 396.314 313.9200000000001
10299999.999999996 206.87 396.37999999999994 314.0
10310000.000000002 206.839 396.446 314.08000000000004
10320000.000000007 206.808 396.51200000000006 314.1600000000001
10329999.999999998 206.77700000000002 396.578 314.24
10340000.000000004 206.74599999999998 396.644 314.32000000000005
10350000.00000001 206.71499999999997 396.71000000000004 314.4000000000001
10360000.0 206.684 396.77599999999995 314.48
10370000.000000004 206.653 396.84200000000004 314.56000000000006
10379999.999999996 206.622 396.90799999999996 314.64
10390000.0 206.591 396.974 314.72
10400000.000000006 206.55999999999997 397.04 314.80000000000007
10409999.999999996 206.52900000000002 397.10599999999994 314.88
10420000.000000002 206.498 397.172 314.96000000000004
10430000.000000007 206.46699999999998 397.23800000000006 315.0400000000001
10439999.999999998 206.436 397.304 315.12
10450000.000000004 206.405 397.37 315.20000000000005
10460000.000000007 206.37399999999997 397.43600000000004 315.2800000000001
10469999.999999998 206.34300000000002 397.50199999999995 315.36
10480000.000000004 206.31199999999998 397.56800000000004 315.44000000000005
10489999.999999994 206.281 397.63399999999996 315.52
10500000.0 206.25 397.7 315.6
10510000.000000006 206.219 397.766 315.68000000000006
10519999.999999996 206.18800000000002 397.83199999999994 315.76
10530000.000000002 206.15699999999998 397.898 315.84000000000003
10540000.000000006 206.12599999999998 397.96400000000006 315.9200000000001
10549999.999999996 206.095 398.03 316.0
10560000.000000002 206.064 398.096 316.08000000000004
10570000.000000007 206.033 398.16200000000003 316.1600000000001
10579999.999999998 206.002 398.22799999999995 316.24
10590000.000000004 205.97099999999998 398.29400000000004 316.32000000000005
10600000.00000001 205.93999999999997 398.36000000000007 316.4000000000001
10610000.0 205.909 398.426 316.48
10620000.000000004 205.878 398.492 316.56000000000006
10629999.999999996 205.847 398.55799999999994 316.64
10640000.0 205.816 398.624 316.72
10650000.000000006 205.78499999999997 398.69000000000005 316.80000000000007
10659999.999999996 205.75400000000002 398.756 316.88
10670000.000000002 205.72299999999998 398.822 316.96000000000004
10680000.000000007 205.69199999999998 398.88800000000003 317.0400000000001
10689999.999999998 205.661 398.95399999999995 317.12
10700000.000000004 205.63 399.02000000000004 317.20000000000005
10710000.000000007 205.59899999999996 399.08600000000007 317.2800000000001
10719999.999999998 205.568 399.152 317.36
10730000.000000004 205.53699999999998 399.218 317.44000000000005
10739999.999999994 205.506 399.28399999999993 317.52
10750000.0 205.475 399.35 317.6
10760000.000000006 205.444 399.41600000000005 317.68000000000006
10769999.999999996 205.413 399.48199999999997 317.76
10780000.000000002 205.38199999999998 399.548 317.84000000000003
10790000.000000006 205.35099999999997 399.61400000000003 317.9200000000001
10799999.999999996 205.32 399.67999999999995 318.0
10810000.000000002 205.289 399.74600000000004 318.08000000000004
10820000.000000007 205.25799999999998 399.81200000000007 318.1600000000001
10829999.999999998 205.227 399.878 318.24
10840000.000000004 205.19599999999997 399.944 318.32000000000005
10850000.00000001 205.16499999999996 400.01000000000005 318.4000000000001
10860000.0 205.134 400.076 318.48
10870000.000000004 205.10299999999998 400.14200000000005 318.56000000000006
10879999.999999996 205.072 400.20799999999997 318.64
10890000.0 205.041 400.274 318.72
10900000.000000006 205.00999999999996 400.34000000000003 318.80000000000007
10909999.999999996 204.979 400.40599999999995 318.88
10920000.000000002 204.94799999999998 400.47200000000004 318.96000000000004
10930000.000000007 204.91699999999997 400.53800000000007 319.0400000000001
10939999.999999998 204.886 400.604 319.12
10950000.000000004 204.855 400.67 319.20000000000005
10960000.000000007 204.82399999999996 400.73600000000005 319.2800000000001
10969999.999999998 204.793 400.80199999999996 319.36
10980000.000000004 204.76199999999997 400.86800000000005 319.44000000000005
10989999.999999994 204.731 400.93399999999997 319.52
11000000.0 204.7 401.0 319.6
11010000.000000006 204.66899999999998 401.05100000000004 319.6840000000001
11019999.999999996 204.638 401.102 319.768
11030000.000000002 204.607 401.153 319.85200000000003
11040000.000000006 204.57599999999996 401.204 319.9360000000001
11049999.999999996 204.545 401.255 320.02
11060000.000000002 204.51399999999998 401.30600000000004 320.10400000000004
11070000.000000007 204.48299999999998 401.357 320.1880000000001
11079999.999999998 204.452 401.408 320.272
11090000.000000004 204.421 401.459 320.35600000000005
11100000.00000001 204.38999999999996 401.51000000000005 320.4400000000001
11110000.0 204.35899999999998 401.561 320.524
11120000.000000004 204.32799999999997 401.612 320.60800000000006
11129999.999999996 204.297 401.66299999999995 320.692
11140000.0 204.266 401.714 320.776
11150000.000000006 204.23499999999999 401.76500000000004 320.86000000000007
11159999.999999996 204.204 401.816 320.944
11170000.000000002 204.17299999999997 401.867 321.028
11180000.000000007 204.14199999999997 401.91800000000006 321.1120000000001
11189999.999999998 204.111 401.969 321.196
11200000.000000004 204.07999999999998 402.02000000000004 321.28000000000003
11210000.000000007 204.04899999999998 402.071 321.3640000000001
11219999.999999998 204.018 402.122 321.44800000000004
11230000.000000004 203.98699999999997 402.173 321.53200000000004
11239999.999999994 203.95600000000002 402.224 321.616
11250000.0 203.92499999999998 402.275 321.70000000000005
11260000.000000006 203.89399999999998 402.326 321.78400000000005
11269999.999999996 203.863 402.377 321.868
11280000.000000002 203.832 402.428 321.952
11290000.000000006 203.80099999999996 402.47900000000004 322.03600000000006
11299999.999999996 203.77 402.53 322.12
11310000.000000002 203.73899999999998 402.581 322.204
11320000.000000007 203.70799999999997 402.63200000000006 322.28800000000007
11329999.999999998 203.677 402.683 322.372
11340000.000000004 203.646 402.73400000000004 322.456
11350000.00000001 203.61499999999995 402.785 322.5400000000001
11360000.0 203.584 402.836 322.624
11370000.000000004 203.55299999999997 402.88700000000006 322.708
11379999.999999996 203.522 402.938 322.792
11390000.0 203.49099999999999 402.98900000000003 322.87600000000003
11400000.000000006 203.45999999999998 403.04 322.96000000000004
11409999.999999996 203.429 403.091 323.044
11420000.000000002 203.398 403.142 323.12800000000004
11430000.000000007 203.36699999999996 403.19300000000004 323.21200000000005
11439999.999999998 203.33599999999998 403.24399999999997 323.296
11450000.000000004 203.30499999999998 403.295 323.38000000000005
11460000.000000007 203.27399999999997 403.34600000000006 323.46400000000006
11469999.999999998 203.243 403.397 323.548
11480000.000000004 203.212 403.44800000000004 323.63200000000006
11489999.999999994 203.181 403.49899999999997 323.71599999999995
11500000.0 203.14999999999998 403.55 323.8
11510000.000000006 203.11899999999997 403.60100000000006 323.88400000000007
11519999.999999996 203.088 403.652 323.96799999999996
11530000.000000002 203.057 403.70300000000003 324.052
11540000.000000006 203.02599999999998 403.754 324.1360000000001
11549999.999999996 202.995 403.805 324.21999999999997
11560000.000000002 202.964 403.85600000000005 324.30400000000003
11570000.000000007 202.93299999999996 403.90700000000004 324.3880000000001
11579999.999999998 202.902 403.958 324.472
11590000.000000004 202.87099999999998 404.009 324.55600000000004
11600000.00000001 202.83999999999997 404.06000000000006 324.6400000000001
11610000.0 202.809 404.111 324.724
11620000.000000004 202.778 404.16200000000003 324.80800000000005
11629999.999999996 202.747 404.21299999999997 324.892
11640000.0 202.71599999999998 404.264 324.976
11650000.000000006 202.68499999999997 404.31500000000005 325.06000000000006
11659999.999999996 202.654 404.366 325.144
11670000.000000002 202.623 404.41700000000003 325.228
11680000.000000007 202.59199999999998 404.4680000000001 325.31200000000007
11689999.999999998 202.561 404.519 325.396
11700000.000000004 202.52999999999997 404.57000000000005 325.48
11710000.000000007 202.49899999999997 404.62100000000004 325.5640000000001
11719999.999999998 202.468 404.672 325.648
11730000.000000004 202.43699999999998 404.723 325.732
11739999.999999994 202.406 404.774 325.816
11750000.0 202.375 404.82500000000005 325.9
11760000.000000006 202.34399999999997 404.87600000000003 325.98400000000004
11769999.999999996 202.31300000000002 404.927 326.068
11780000.000000002 202.28199999999998 404.978 326.152
11790000.000000006 202.25099999999998 405.02900000000005 326.23600000000005
11799999.999999996 202.22 405.08 326.32
11810000.000000002 202.189 405.13100000000003 326.404
11820000.000000007 202.15799999999996 405.1820000000001 326.48800000000006
11829999.999999998 202.127 405.233 326.572
11840000.000000004 202.09599999999998 405.28400000000005 326.656
11850000.00000001 202.06499999999997 405.33500000000004 326.74000000000007
11860000.0 202.034 405.386 326.824
11870000.000000004 202.003 405.43700000000007 326.908
11879999.999999996 201.972 405.488 326.99199999999996
11890000.0 201.941 405.53900000000004 327.076
11900000.000000006 201.90999999999997 405.59000000000003 327.16
11909999.999999996 201.879 405.641 327.24399999999997
11920000.000000002 201.84799999999998 405.692 327.32800000000003
11930000.000000007 201.81699999999998 405.74300000000005 327.41200000000003
11939999.999999998 201.786 405.794 327.496
11950000.000000004 201.755 405.845 327.58000000000004
11960000.000000007 201.72399999999996 405.8960000000001 327.66400000000004
11969999.999999998 201.69299999999998 405.947 327.748
11980000.000000004 201.66199999999998 405.99800000000005 327.83200000000005
11989999.999999994 201.631 406.049 327.91599999999994
12000000.0 201.6 406.1 328.0
12010000.000000006 201.57 406.14000000000004 328.09100000000007
12019999.999999996 201.54000000000002 406.18 328.18199999999996
12030000.000000002 201.51 406.22 328.273
12040000.000000006 201.47999999999996 406.26000000000005 328.36400000000003
12049999.999999996 201.45 406.3 328.455
12060000.000000002 201.42 406.34000000000003 328.54600000000005
12070000.000000007 201.39 406.38000000000005 328.63700000000006
12079999.999999998 201.36 406.42 328.728
12090000.000000004 201.32999999999998 406.46000000000004 328.819
12100000.00000001 201.29999999999995 406.50000000000006 328.9100000000001
12110000.0 201.26999999999998 406.54 329.001
12120000.000000004 201.23999999999998 406.58000000000004 329.09200000000004
12129999.999999996 201.21 406.62 329.18299999999994
12140000.0 201.18 406.66 329.274
12150000.000000006 201.14999999999998 406.70000000000005 329.36500000000007
12159999.999999996 201.12 406.74 329.45599999999996
12170000.000000002 201.08999999999997 406.78000000000003 329.547
12180000.000000007 201.05999999999997 406.82000000000005 329.6380000000001
12189999.999999998 201.03 406.86 329.729
12200000.000000004 201.0 406.90000000000003 329.82000000000005
12210000.000000007 200.96999999999997 406.94000000000005 329.91100000000006
12219999.999999998 200.94 406.98 330.002
12230000.000000004 200.90999999999997 407.02000000000004 330.093
12239999.999999994 200.88 407.06 330.18399999999997
12250000.0 200.85 407.1 330.275
12260000.000000006 200.82 407.14000000000004 330.36600000000004
12269999.999999996 200.79000000000002 407.18 330.457
12280000.000000002 200.76 407.22 330.548
12290000.000000006 200.72999999999996 407.26000000000005 330.63900000000007
12299999.999999996 200.7 407.3 330.72999999999996
12310000.000000002 200.67 407.34000000000003 330.821
12320000.000000007 200.64 407.38000000000005 330.9120000000001
12329999.999999998 200.61 407.42 331.003
12340000.000000004 200.57999999999998 407.46000000000004 331.09400000000005
12350000.00000001 200.54999999999995 407.50000000000006 331.18500000000006
12360000.0 200.51999999999998 407.54 331.276
12370000.000000004 200.48999999999998 407.58000000000004 331.3670000000001
12379999.999999996 200.46 407.62 331.45799999999997
12390000.0 200.43 407.66 331.54900000000004
12400000.000000006 200.39999999999998 407.70000000000005 331.64000000000004
12409999.999999996 200.37 407.74 331.731
12420000.000000002 200.33999999999997 407.78000000000003 331.822
12430000.000000007 200.30999999999997 407.82000000000005 331.91300000000007
12439999.999999998 200.28 407.86 332.00399999999996
12450000.000000004 200.25 407.90000000000003 332.095
12460000.000000007 200.21999999999997 407.94000000000005 332.1860000000001
12469999.999999998 200.19 407.98 332.277
12480000.000000004 200.15999999999997 408.02000000000004 332.36800000000005
12489999.999999994 200.13 408.06 332.45899999999995
12500000.0 200.1 408.1 332.55
12510000.000000006 200.07 408.14000000000004 332.6410000000001
12519999.999999996 200.04000000000002 408.18 332.73199999999997
12530000.000000002 200.01 408.22 332.82300000000004
12540000.000000006 199.97999999999996 408.26000000000005 332.91400000000004
12549999.999999996 199.95 408.3 333.005
12560000.000000002 199.92 408.34000000000003 333.09600000000006
12570000.000000007 199.89 408.38000000000005 333.18700000000007
12579999.999999998 199.86 408.42 333.278
12590000.000000004 199.82999999999998 408.46000000000004 333.369
12600000.00000001 199.79999999999995 408.50000000000006 333.4600000000001
12610000.0 199.76999999999998 408.54 333.551
12620000.000000004 199.73999999999998 408.58000000000004 333.64200000000005
12629999.999999996 199.71 408.62 333.73299999999995
12640000.0 199.68 408.66 333.824
12650000.000000006 199.64999999999998 408.70000000000005 333.9150000000001
12659999.999999996 199.62 408.74 334.006
12670000.000000002 199.58999999999997 408.78000000000003 334.09700000000004
12680000.000000007 199.55999999999997 408.82000000000005 334.1880000000001
12689999.999999998 199.53 408.86 334.279
12700000.000000004 199.5 408.90000000000003 334.37000000000006
12710000.000000007 199.46999999999997 408.94000000000005 334.46100000000007
12719999.999999998 199.44 408.98 334.552
12730000.000000004 199.40999999999997 409.02000000000004 334.64300000000003
12739999.999999994 199.38 409.06 334.734
12750000.0 199.35 409.1 334.82500000000005
12760000.000000006 199.32 409.14000000000004 334.91600000000005
12769999.999999996 199.29000000000002 409.18 335.007
12780000.000000002 199.26 409.22 335.098
12790000.000000006 199.22999999999996 409.26000000000005 335.1890000000001
12799999.999999996 199.2 409.3 335.28
12810000.000000002 199.17 409.34000000000003 335.37100000000004
12820000.000000007 199.14 409.38000000000005 335.4620000000001
12829999.999999998 199.11 409.42 335.553
12840000.000000004 199.07999999999998 409.46000000000004 335.64400000000006
12850000.00000001 199.04999999999995 409.50000000000006 335.73500000000007
12860000.0 199.01999999999998 409.54 335.826
12870000.000000004 198.98999999999998 409.58000000000004 335.9170000000001
12879999.999999996 198.96 409.62 336.008
12890000.0 198.93 409.66 336.09900000000005
12900000.000000006 198.89999999999998 409.70000000000005 336.19000000000005
12909999.999999996 198.87 409.74 336.281
12920000.000000002 198.83999999999997 409.78000000000003 336.372
12930000.000000007 198.80999999999997 409.82000000000005 336.4630000000001
12939999.999999998 198.78 409.86 336.554
12950000.000000004 198.75 409.90000000000003 336.64500000000004
12960000.000000007 198.71999999999997 409.94000000000005 336.7360000000001
12969999.999999998 198.69 409.98 336.827
12980000.000000004 198.65999999999997 410.02000000000004 336.91800000000006
12989999.999999994 198.63 410.06 337.00899999999996
13000000.0 198.6 410.1 337.1
13010000.000000006 198.57199999999997 410.13000000000005 337.20000000000005
13019999.999999996 198.544 410.16 337.29999999999995
13030000.000000002 198.516 410.19000000000005 337.40000000000003
13040000.000000006 198.48799999999997 410.22 337.5000000000001
13049999.999999996 198.46 410.25 337.6
13060000.000000002 198.432 410.28000000000003 337.70000000000005
13070000.000000007 198.40399999999997 410.31000000000006 337.80000000000007
13079999.999999998 198.376 410.34000000000003 337.9
13090000.000000004 198.34799999999998 410.37 338.00000000000006
13100000.00000001 198.31999999999996 410.40000000000003 338.10000000000014
13110000.0 198.292 410.43 338.20000000000005
13120000.000000004 198.26399999999998 410.46000000000004 338.30000000000007
13129999.999999996 198.23600000000002 410.49 338.4
13140000.0 198.208 410.52000000000004 338.5
13150000.000000006 198.17999999999998 410.55000000000007 338.6000000000001
13159999.999999996 198.15200000000002 410.58000000000004 338.7
13170000.000000002 198.124 410.61 338.80000000000007
13180000.000000007 198.09599999999998 410.64000000000004 338.9000000000001
13189999.999999998 198.068 410.67 339.0
13200000.000000004 198.04 410.70000000000005 339.1
13210000.000000007 198.01199999999997 410.73 339.2000000000001
13219999.999999998 197.984 410.76 339.3
13230000.000000004 197.956 410.79 339.4000000000001
13239999.999999994 197.92800000000003 410.82 339.5
13250000.0 197.9 410.85 339.6
13260000.000000006 197.87199999999999 410.88000000000005 339.70000000000005
13269999.999999996 197.84400000000002 410.91 339.79999999999995
13280000.000000002 197.816 410.94000000000005 339.90000000000003
13290000.000000006 197.78799999999998 410.97 340.0000000000001
13299999.999999996 197.76000000000002 411.0 340.1
13310000.000000002 197.732 411.03000000000003 340.20000000000005
13320000.000000007 197.70399999999998 411.06000000000006 340.30000000000007
13329999.999999998 197.67600000000002 411.09000000000003 340.4
13340000.000000004 197.648 411.12 340.50000000000006
13350000.00000001 197.61999999999998 411.15000000000003 340.60000000000014
13360000.0 197.592 411.18 340.70000000000005
13370000.000000004 197.564 411.21000000000004 340.80000000000007
13379999.999999996 197.536 411.24 340.9
13390000.0 197.508 411.27000000000004 341.0
13400000.000000006 197.48 411.30000000000007 341.1000000000001
13409999.999999996 197.452 411.33000000000004 341.2
13420000.000000002 197.424 411.36 341.30000000000007
13430000.000000007 197.396 411.39000000000004 341.4000000000001
13439999.999999998 197.368 411.42 341.5
13450000.000000004 197.34 411.45000000000005 341.6
13460000.000000007 197.31199999999998 411.48 341.7000000000001
13469999.999999998 197.284 411.51 341.8
13480000.000000004 197.256 411.54 341.9000000000001
13489999.999999994 197.228 411.57 342.0
13500000.0 197.2 411.6 342.1
13510000.000000006 197.172 411.63000000000005 342.20000000000005
13519999.999999996 197.144 411.66 342.29999999999995
13530000.000000002 197.116 411.69000000000005 342.40000000000003
13540000.000000006 197.088 411.72 342.5000000000001
13549999.999999996 197.06 411.75 342.6
13560000.000000002 197.032 411.78000000000003 342.70000000000005
13570000.000000007 197.004 411.81000000000006 342.80000000000007
13579999.999999998 196.976 411.84000000000003 342.9
13590000.000000004 196.948 411.87 343.00000000000006
13600000.00000001 196.92 411.90000000000003 343.10000000000014
13610000.0 196.892 411.93 343.20000000000005
13620000.000000004 196.864 411.96000000000004 343.30000000000007
13629999.999999996 196.836 411.99 343.4
13640000.0 196.808 412.02000000000004 343.5
13650000.000000006 196.78 412.05000000000007 343.6000000000001
13659999.999999996 196.752 412.08000000000004 343.7
13670000.000000002 196.724 412.11 343.80000000000007
13680000.000000007 196.696 412.14000000000004 343.9000000000001
13689999.999999998 196.668 412.17 344.0
13700000.000000004 196.64 412.20000000000005 344.1
13710000.000000007 196.612 412.23 344.2000000000001
13719999.999999998 196.584 412.26 344.3
13730000.000000004 196.55599999999998 412.29 344.4000000000001
13739999.999999994 196.52800000000002 412.32 344.5
13750000.0 196.5 412.35 344.6
13760000.000000006 196.47199999999998 412.38000000000005 344.70000000000005
13769999.999999996 196.44400000000002 412.41 344.79999999999995
13780000.000000002 196.416 412.44000000000005 344.90000000000003
13790000.000000006 196.38799999999998 412.47 345.0000000000001
13799999.999999996 196.36 412.5 345.1
13810000.000000002 196.332 412.53000000000003 345.20000000000005
13820000.000000007 196.30399999999997 412.56000000000006 345.30000000000007
13829999.999999998 196.276 412.59000000000003 345.4
13840000.000000004 196.248 412.62 345.50000000000006
13850000.00000001 196.22 412.65000000000003 345.60000000000014
13860000.0 196.192 412.68 345.70000000000005
13870000.000000004 196.164 412.71000000000004 345.80000000000007
13879999.999999996 196.13600000000002 412.74 345.9
13890000.0 196.108 412.77000000000004 346.0
13900000.000000006 196.07999999999998 412.80000000000007 346.1000000000001
13909999.999999996 196.05200000000002 412.83000000000004 346.2
13920000.000000002 196.024 412.86 346.30000000000007
13930000.000000007 195.99599999999998 412.89000000000004 346.4000000000001
13939999.999999998 195.96800000000002 412.92 346.5
13950000.000000004 195.94 412.95000000000005 346.6
13960000.000000007 195.91199999999998 412.98 346.7000000000001
13969999.999999998 195.88400000000001 413.01 346.8
13980000.000000004 195.856 413.04 346.9000000000001
13989999.999999994 195.82800000000003 413.07 347.0
14000000.0 195.8 413.1 347.1
14010000.000000006 195.772 413.12300000000005 347.20700000000005
14019999.999999996 195.74400000000003 413.146 347.31399999999996
14030000.000000002 195.716 413.16900000000004 347.42100000000005
14040000.000000006 195.688 413.192 347.5280000000001
14049999.999999996 195.66000000000003 413.21500000000003 347.635
14060000.000000002 195.632 413.238 347.742
14070000.000000007 195.60399999999998 413.261 347.8490000000001
14079999.999999998 195.57600000000002 413.284 347.956
14090000.000000004 195.548 413.307 348.06300000000005
14100000.00000001 195.51999999999998 413.33000000000004 348.17000000000013
14110000.0 195.49200000000002 413.353 348.27700000000004
14120000.000000004 195.464 413.37600000000003 348.38400000000007
14129999.999999996 195.43600000000004 413.399 348.491
14140000.0 195.40800000000002 413.422 348.598
14150000.000000006 195.38 413.44500000000005 348.7050000000001
14159999.999999996 195.35200000000003 413.468 348.812
14170000.000000002 195.324 413.49100000000004 348.91900000000004
14180000.000000007 195.296 413.514 349.02600000000007
14189999.999999998 195.26800000000003 413.53700000000003 349.133
14200000.000000004 195.24 413.56 349.24000000000007
14210000.000000007 195.212 413.583 349.3470000000001
14219999.999999998 195.18400000000003 413.606 349.454
14230000.000000004 195.156 413.629 349.56100000000004
14239999.999999994 195.12800000000001 413.652 349.66799999999995
14250000.0 195.10000000000002 413.675 349.77500000000003
14260000.000000006 195.072 413.69800000000004 349.88200000000006
14269999.999999996 195.044 413.721 349.989
14280000.000000002 195.016 413.744 350.096
14290000.000000006 194.988 413.767 350.2030000000001
14299999.999999996 194.96 413.79 350.31
14310000.000000002 194.932 413.813 350.41700000000003
14320000.000000007 194.904 413.836 350.5240000000001
14329999.999999998 194.876 413.859 350.63100000000003
14340000.000000004 194.84799999999998 413.882 350.73800000000006
14350000.00000001 194.82 413.90500000000003 350.8450000000001
14360000.0 194.792 413.928 350.952
14370000.000000004 194.76399999999998 413.951 351.0590000000001
14379999.999999996 194.73600000000002 413.974 351.166
14390000.0 194.708 413.997 351.273
14400000.000000006 194.67999999999998 414.02000000000004 351.38000000000005
14409999.999999996 194.65200000000002 414.043 351.48699999999997
14420000.000000002 194.624 414.06600000000003 351.59400000000005
14430000.000000007 194.59599999999998 414.089 351.7010000000001
14439999.999999998 194.568 414.112 351.808
14450000.000000004 194.54 414.135 351.915
14460000.000000007 194.51199999999997 414.158 352.0220000000001
14469999.999999998 194.484 414.181 352.129
14480000.000000004 194.456 414.204 352.23600000000005
14489999.999999994 194.42800000000003 414.227 352.34299999999996
14500000.0 194.4 414.25 352.45000000000005
14510000.000000006 194.37199999999999 414.273 352.5570000000001
14519999.999999996 194.34400000000002 414.296 352.664
14530000.000000002 194.316 414.319 352.771
14540000.000000006 194.28799999999998 414.342 352.8780000000001
14549999.999999996 194.26000000000002 414.365 352.985
14560000.000000002 194.232 414.388 353.09200000000004
14570000.000000007 194.20399999999998 414.411 353.19900000000007
14579999.999999998 194.17600000000002 414.43399999999997 353.306
14590000.000000004 194.148 414.457 353.41300000000007
14600000.00000001 194.11999999999998 414.48 353.5200000000001
14610000.0 194.092 414.503 353.627
14620000.000000004 194.064 414.526 353.73400000000004
14629999.999999996 194.03600000000003 414.549 353.84099999999995
14640000.0 194.008 414.572 353.94800000000004
14650000.000000006 193.98 414.595 354.05500000000006
14659999.999999996 193.95200000000003 414.618 354.162
14670000.000000002 193.924 414.641 354.269
14680000.000000007 193.896 414.664 354.3760000000001
14689999.999999998 193.86800000000002 414.687 354.483
14700000.000000004 193.84 414.71 354.59000000000003
14710000.000000007 193.81199999999998 414.733 354.6970000000001
14719999.999999998 193.78400000000002 414.756 354.804
14730000.000000004 193.756 414.779 354.91100000000006
14739999.999999994 193.728 414.80199999999996 355.018
14750000.0 193.7 414.825 355.125
14760000.000000006 193.672 414.848 355.2320000000001
14769999.999999996 193.644 414.871 355.339
14780000.000000002 193.61599999999999 414.894 355.446
14790000.000000006 193.588 414.917 355.55300000000005
14799999.999999996 193.56 414.94 355.65999999999997
14810000.000000002 193.53199999999998 414.96299999999997 355.76700000000005
14820000.000000007 193.504 414.986 355.8740000000001
14829999.999999998 193.476 415.00899999999996 355.981
14840000.000000004 193.44799999999998 415.032 356.088
14850000.00000001 193.42 415.055 356.1950000000001
14860000.0 193.392 415.078 356.302
14870000.000000004 193.36399999999998 415.101 356.40900000000005
14879999.999999996 193.336 415.12399999999997 356.51599999999996
14890000.0 193.308 415.147 356.62300000000005
14900000.000000006 193.27999999999997 415.17 356.7300000000001
14909999.999999996 193.252 415.193 356.837
14920000.000000002 193.224 415.216 356.944
14930000.000000007 193.19599999999997 415.239 357.0510000000001
14939999.999999998 193.168 415.262 357.158
14950000.000000004 193.14 415.28499999999997 357.26500000000004
14960000.000000007 193.11199999999997 415.308 357.37200000000007
14969999.999999998 193.084 415.33099999999996 357.479
14980000.000000004 193.05599999999998 415.354 357.58600000000007
14989999.999999994 193.02800000000002 415.37699999999995 357.693
15000000.0 193.0 415.4 357.8
15010000.000000006 192.97299999999998 415.416 357.91600000000005
15019999.999999996 192.946 415.43199999999996 358.032
15030000.000000002 192.919 415.448 358.148
15040000.000000006 192.892 415.464 358.26400000000007
15049999.999999996 192.865 415.47999999999996 358.38
15060000.000000002 192.838 415.496 358.49600000000004
15070000.000000007 192.81099999999998 415.512 358.6120000000001
15079999.999999998 192.784 415.52799999999996 358.728
15090000.000000004 192.757 415.544 358.84400000000005
15100000.00000001 192.73 415.56 358.9600000000001
15110000.0 192.703 415.57599999999996 359.076
15120000.000000004 192.676 415.592 359.19200000000006
15129999.999999996 192.649 415.60799999999995 359.30799999999994
15140000.0 192.622 415.62399999999997 359.42400000000004
15150000.000000006 192.595 415.64 359.5400000000001
15159999.999999996 192.568 415.65599999999995 359.65599999999995
15170000.000000002 192.541 415.67199999999997 359.77200000000005
15180000.000000007 192.51399999999998 415.688 359.8880000000001
15189999.999999998 192.487 415.70399999999995 360.00399999999996
15200000.000000004 192.46 415.71999999999997 360.12000000000006
15210000.000000007 192.433 415.736 360.2360000000001
15219999.999999998 192.406 415.75199999999995 360.352
15230000.000000004 192.379 415.768 360.4680000000001
15239999.999999994 192.352 415.784 360.58399999999995
15250000.0 192.325 415.79999999999995 360.7
15260000.000000006 192.298 415.816 360.8160000000001
15269999.999999996 192.27100000000002 415.832 360.93199999999996
15280000.000000002 192.244 415.848 361.048
15290000.000000006 192.21699999999998 415.864 361.1640000000001
15299999.999999996 192.19 415.88 361.28
15310000.000000002 192.163 415.896 361.396
15320000.000000007 192.136 415.912 361.5120000000001
15329999.999999998 192.109 415.928 361.628
15340000.000000004 192.082 415.944 361.744
15350000.00000001 192.05499999999998 415.96 361.86000000000007
15360000.0 192.028 415.976 361.976
15370000.000000004 192.001 415.992 362.09200000000004
15379999.999999996 191.97400000000002 416.008 362.20799999999997
15390000.0 191.947 416.024 362.324
15400000.000000006 191.92 416.04 362.44000000000005
15409999.999999996 191.893 416.056 362.556
15420000.000000002 191.866 416.072 362.672
15430000.000000007 191.839 416.088 362.78800000000007
15439999.999999998 191.812 416.104 362.904
15450000.000000004 191.785 416.12 363.02000000000004
15460000.000000007 191.75799999999998 416.136 363.1360000000001
15469999.999999998 191.731 416.152 363.252
15480000.000000004 191.704 416.168 363.36800000000005
15489999.999999994 191.67700000000002 416.18399999999997 363.4839999999999
15500000.0 191.65 416.2 363.6
15510000.000000006 191.623 416.216 363.71600000000007
15519999.999999996 191.596 416.23199999999997 363.83199999999994
15530000.000000002 191.56900000000002 416.248 363.948
15540000.000000006 191.542 416.264 364.0640000000001
15549999.999999996 191.51500000000001 416.28 364.17999999999995
15560000.000000002 191.488 416.296 364.296
15570000.000000007 191.46099999999998 416.312 364.4120000000001
15579999.999999998 191.434 416.328 364.52799999999996
15590000.000000004 191.407 416.344 364.644
15600000.00000001 191.38 416.36 364.7600000000001
15610000.0 191.353 416.376 364.876
15620000.000000004 191.326 416.392 364.992
15629999.999999996 191.299 416.40799999999996 365.10799999999995
15640000.0 191.27200000000002 416.424 365.224
15650000.000000006 191.245 416.44 365.34000000000003
15659999.999999996 191.21800000000002 416.45599999999996 365.45599999999996
15670000.000000002 191.191 416.472 365.572
15680000.000000007 191.164 416.488 365.68800000000005
15689999.999999998 191.137 416.50399999999996 365.804
15700000.000000004 191.11 416.52 365.92
15710000.000000007 191.083 416.536 366.03600000000006
15719999.999999998 191.056 416.55199999999996 366.152
15730000.000000004 191.029 416.568 366.26800000000003
15739999.999999994 191.002 416.584 366.3839999999999
15750000.0 190.97500000000002 416.6 366.5
15760000.000000006 190.948 416.616 366.61600000000004
15769999.999999996 190.92100000000002 416.632 366.7319999999999
15780000.000000002 190.894 416.648 366.848
15790000.000000006 190.867 416.664 366.96400000000006
15799999.999999996 190.84 416.68 367.0799999999999
15810000.000000002 190.81300000000002 416.696 367.196
15820000.000000007 190.786 416.712 367.31200000000007
15829999.999999998 190.75900000000001 416.728 367.42799999999994
15840000.000000004 190.732 416.744 367.54400000000004
15850000.00000001 190.70499999999998 416.76 367.6600000000001
15860000.0 190.678 416.776 367.77599999999995
15870000.000000004 190.651 416.79200000000003 367.89200000000005
15879999.999999996 190.62400000000002 416.808 368.0079999999999
15890000.0 190.597 416.824 368.12399999999997
15900000.000000006 190.57 416.84000000000003 368.24000000000007
15909999.999999996 190.543 416.856 368.35599999999994
15920000.000000002 190.51600000000002 416.872 368.472
15930000.000000007 190.489 416.88800000000003 368.5880000000001
15939999.999999998 190.46200000000002 416.904 368.70399999999995
15950000.000000004 190.435 416.92 368.82
15960000.000000007 190.408 416.93600000000004 368.9360000000001
15969999.999999998 190.381 416.952 369.05199999999996
15980000.000000004 190.354 416.968 369.168
15989999.999999994 190.32700000000003 416.984 369.28399999999993
16000000.0 190.3 417.0 369.4
16010000.000000006 190.274 417.01 369.52400000000006
16019999.999999996 190.24800000000002 417.02 369.6479999999999
16030000.000000002 190.222 417.03 369.772
16040000.000000006 190.196 417.04 369.8960000000001
16049999.999999996 190.17000000000002 417.05 370.0199999999999
16060000.000000002 190.144 417.06 370.144
16070000.000000007 190.118 417.07 370.2680000000001
16079999.999999998 190.092 417.08 370.39199999999994
16090000.000000004 190.066 417.09000000000003 370.516
16100000.00000001 190.04 417.1 370.6400000000001
16110000.0 190.014 417.11 370.76399999999995
16120000.000000004 189.988 417.12 370.88800000000003
16129999.999999996 189.96200000000002 417.13 371.01199999999994
16140000.0 189.936 417.14 371.13599999999997
16150000.000000006 189.91 417.15 371.26000000000005
16159999.999999996 189.88400000000001 417.15999999999997 371.38399999999996
16170000.000000002 189.858 417.17 371.508
16180000.000000007 189.832 417.18 371.63200000000006
16189999.999999998 189.806 417.19 371.756
16200000.000000004 189.78 417.2 371.88
16210000.000000007 189.754 417.21000000000004 372.0040000000001
16219999.999999998 189.728 417.22 372.128
16230000.000000004 189.702 417.23 372.252
16239999.999999994 189.67600000000002 417.24 372.3759999999999
16250000.0 189.65 417.25 372.5
16260000.000000006 189.624 417.26 372.624
16269999.999999996 189.598 417.27 372.74799999999993
16280000.000000002 189.572 417.28 372.872
16290000.000000006 189.546 417.29 372.99600000000004
16299999.999999996 189.52 417.3 373.11999999999995
16310000.000000002 189.494 417.31 373.244
16320000.000000007 189.468 417.32 373.36800000000005
16329999.999999998 189.442 417.33 373.49199999999996
16340000.000000004 189.416 417.34000000000003 373.61600000000004
16350000.00000001 189.39 417.35 373.7400000000001
16360000.0 189.364 417.36 373.864
16370000.000000004 189.338 417.37 373.98800000000006
16379999.999999996 189.312 417.38 374.1119999999999
16390000.0 189.286 417.39 374.236
16400000.000000006 189.26 417.4 374.36000000000007
16409999.999999996 189.234 417.40999999999997 374.4839999999999
16420000.000000002 189.208 417.42 374.608
16430000.000000007 189.182 417.43 374.7320000000001
16439999.999999998 189.156 417.44 374.85599999999994
16450000.000000004 189.13 417.45 374.98
16460000.000000007 189.10399999999998 417.46000000000004 375.1040000000001
16469999.999999998 189.078 417.47 375.22799999999995
16480000.000000004 189.052 417.48 375.35200000000003
16489999.999999994 189.026 417.49 375.47599999999994
16500000.0 189.0 417.5 375.6
16510000.000000006 188.974 417.51 375.72400000000005
16519999.999999996 188.948 417.52 375.84799999999996
16530000.000000002 188.922 417.53 375.97200000000004
16540000.000000006 188.896 417.54 376.09600000000006
16549999.999999996 188.87 417.55 376.21999999999997
16560000.000000002 188.844 417.56 376.34400000000005
16570000.000000007 188.81799999999998 417.57 376.4680000000001
16579999.999999998 188.792 417.58 376.592
16590000.000000004 188.766 417.59000000000003 376.71600000000007
16600000.00000001 188.73999999999998 417.6 376.8400000000001
16610000.0 188.714 417.61 376.964
16620000.000000004 188.688 417.62 377.0880000000001
16629999.999999996 188.662 417.63 377.21199999999993
16640000.0 188.636 417.64 377.336
16650000.000000006 188.60999999999999 417.65 377.4600000000001
16659999.999999996 188.584 417.65999999999997 377.58399999999995
16670000.000000002 188.558 417.67 377.708
16680000.000000007 188.53199999999998 417.68 377.8320000000001
16689999.999999998 188.506 417.69 377.95599999999996
16700000.000000004 188.48 417.7 378.08000000000004
16710000.000000007 188.45399999999998 417.71000000000004 378.2040000000001
16719999.999999998 188.428 417.72 378.328
16730000.000000004 188.402 417.73 378.45200000000006
16739999.999999994 188.376 417.74 378.57599999999996
16750000.0 188.35 417.75 378.7
16760000.000000006 188.32399999999998 417.76 378.82400000000007
16769999.999999996 188.298 417.77 378.948
16780000.0 188.272 417.78 379.072
16790000.000000007 188.24599999999998 417.79 379.1960000000001
16799999.999999996 188.22 417.8 379.32
16810000.000000004 188.194 417.81 379.444
16820000.000000007 188.16799999999998 417.82 379.5680000000001
16830000.0 188.142 417.83 379.692
16840000.000000004 188.11599999999999 417.84000000000003 379.81600000000003
16850000.000000007 188.08999999999997 417.85 379.9400000000001
16860000.0 188.064 417.86 380.064
16870000.000000004 188.03799999999998 417.87 380.18800000000005
16879999.999999996 188.012 417.88 380.31199999999995
16890000.0 187.986 417.89 380.43600000000004
16900000.000000007 187.95999999999998 417.9 380.56000000000006
16909999.999999996 187.934 417.90999999999997 380.68399999999997
16920000.0 187.908 417.92 380.80800000000005
16930000.000000007 187.88199999999998 417.93 380.9320000000001
16939999.999999996 187.856 417.94 381.056
16950000.000000004 187.82999999999998 417.95 381.18000000000006
16960000.000000007 187.80399999999997 417.96000000000004 381.3040000000001
16970000.0 187.778 417.97 381.428
16980000.000000004 187.75199999999998 417.98 381.5520000000001
16989999.999999996 187.726 417.99 381.67599999999993
17000000.0 187.7 418.0 381.8
17010000.000000004 187.67499999999998 418.00600000000003 381.9320000000001
17019999.999999996 187.65 418.012 382.06399999999996
17030000.0 187.625 418.01800000000003 382.196
17040000.000000007 187.59999999999997 418.024 382.3280000000001
17049999.999999996 187.575 418.03 382.46
17060000.000000004 187.54999999999998 418.036 382.59200000000004
17070000.000000007 187.52499999999998 418.04200000000003 382.7240000000001
17080000.0 187.5 418.048 382.856
17090000.000000004 187.47499999999997 418.05400000000003 382.98800000000006
17100000.000000007 187.44999999999996 418.06 383.1200000000001
17110000.0 187.42499999999998 418.066 383.252
17120000.000000004 187.39999999999998 418.072 383.38400000000007
17129999.999999996 187.375 418.078 383.51599999999996
17140000.0 187.35 418.084 383.648
17150000.000000007 187.325 418.09000000000003 383.7800000000001
17159999.999999996 187.3 418.096 383.912
17170000.0 187.27499999999998 418.10200000000003 384.04400000000004
17180000.000000007 187.24999999999997 418.108 384.1760000000001
17189999.999999996 187.225 418.114 384.308
17200000.000000004 187.2 418.12 384.44000000000005
17210000.000000007 187.17499999999995 418.12600000000003 384.5720000000001
17220000.0 187.14999999999998 418.132 384.704
17230000.000000004 187.12499999999997 418.13800000000003 384.83600000000007
17239999.999999996 187.1 418.144 384.96799999999996
17250000.0 187.075 418.15 385.1
17260000.000000004 187.04999999999998 418.156 385.2320000000001
17269999.999999996 187.025 418.162 385.364
17280000.0 187.0 418.168 385.49600000000004
17290000.000000007 186.97499999999997 418.17400000000004 385.6280000000001
17299999.999999996 186.95 418.18 385.76
17310000.000000004 186.92499999999998 418.18600000000004 385.89200000000005
17320000.000000007 186.89999999999998 418.192 386.0240000000001
17330000.0 186.875 418.198 386.156
17340000.000000004 186.84999999999997 418.204 386.28800000000007
17350000.000000007 186.82499999999996 418.21000000000004 386.42000000000013
17360000.0 186.79999999999998 418.216 386.552
17370000.000000004 186.77499999999998 418.22200000000004 386.6840000000001
17379999.999999996 186.75 418.228 386.816
17390000.0 186.725 418.23400000000004 386.94800000000004
17400000.000000007 186.7 418.24 387.0800000000001
17409999.999999996 186.675 418.246 387.212
17420000.0 186.64999999999998 418.252 387.34400000000005
17430000.000000007 186.62499999999997 418.25800000000004 387.4760000000001
17439999.999999996 186.6 418.264 387.608
17450000.000000004 186.575 418.27000000000004 387.74000000000007
17460000.000000007 186.54999999999995 418.276 387.8720000000001
17470000.0 186.52499999999998 418.282 388.004
17480000.000000004 186.49999999999997 418.288 388.1360000000001
17489999.999999996 186.475 418.294 388.2679999999999
17500000.0 186.45 418.3 388.4
17510000.000000004 186.42499999999998 418.30600000000004 388.5320000000001
17519999.999999996 186.4 418.312 388.66399999999993
17530000.0 186.375 418.31800000000004 388.79600000000005
17540000.000000007 186.34999999999997 418.324 388.9280000000001
17549999.999999996 186.325 418.33 389.05999999999995
17560000.000000004 186.29999999999998 418.336 389.192
17570000.000000007 186.27499999999998 418.34200000000004 389.3240000000001
17580000.0 186.25 418.348 389.45599999999996
17590000.000000004 186.22499999999997 418.35400000000004 389.588
17600000.000000007 186.19999999999996 418.36 389.72000000000014
17610000.0 186.17499999999998 418.366 389.852
17620000.000000004 186.14999999999998 418.372 389.98400000000004
17629999.999999996 186.125 418.378 390.11599999999993
17640000.0 186.1 418.384 390.248
17650000.000000007 186.075 418.39000000000004 390.38000000000005
17659999.999999996 186.05 418.396 390.51199999999994
17670000.0 186.02499999999998 418.40200000000004 390.644
17680000.000000007 185.99999999999997 418.408 390.77600000000007
17689999.999999996 185.975 418.414 390.90799999999996
17700000.000000004 185.95 418.42 391.04
17710000.000000007 185.92499999999995 418.42600000000004 391.1720000000001
17720000.0 185.89999999999998 418.432 391.304
17730000.000000004 185.87499999999997 418.43800000000005 391.43600000000004
17739999.999999996 185.85 418.444 391.5679999999999
17750000.0 185.825 418.45000000000005 391.7
17760000.000000004 185.79999999999998 418.456 391.83200000000005
17769999.999999996 185.775 418.462 391.96399999999994
17780000.0 185.75 418.468 392.096
17790000.000000007 185.72499999999997 418.47400000000005 392.22800000000007
17799999.999999996 185.7 418.48 392.35999999999996
17810000.000000004 185.67499999999998 418.48600000000005 392.492
17820000.000000007 185.64999999999998 418.492 392.6240000000001
17830000.0 185.625 418.498 392.756
17840000.000000004 185.59999999999997 418.504 392.88800000000003
17850000.000000007 185.57499999999996 418.51000000000005 393.0200000000001
17860000.0 185.54999999999998 418.516 393.152
17870000.000000004 185.52499999999998 418.52200000000005 393.28400000000005
17879999.999999996 185.5 418.528 393.41599999999994
17890000.0 185.475 418.53400000000005 393.548
17900000.000000007 185.45 418.54 393.68000000000006
17909999.999999996 185.425 418.546 393.81199999999995
17920000.0 185.39999999999998 418.552 393.944
17930000.000000007 185.37499999999997 418.55800000000005 394.0760000000001
17939999.999999996 185.35 418.564 394.20799999999997
17950000.000000004 185.325 418.57000000000005 394.34000000000003
17960000.000000007 185.29999999999995 418.576 394.4720000000001
17970000.0 185.27499999999998 418.582 394.604
17980000.000000004 185.24999999999997 418.588 394.73600000000005
17989999.999999996 185.225 418.594 394.86799999999994
18000000.0 185.2 418.6 395.0
18020000.00000001 185.15299999999996 418.60200000000003 395.28700000000015
18039999.999999993 185.106 418.60400000000004 395.5739999999999
18060000.000000004 185.059 418.606 395.86100000000005
18080000.00000001 185.01199999999997 418.608 396.1480000000002
18099999.999999993 184.965 418.61 396.43499999999995
18120000.000000004 184.91799999999998 418.612 396.72200000000004
18140000.000000015 184.87099999999995 418.61400000000003 397.0090000000002
18159999.999999996 184.82399999999998 418.61600000000004 397.29599999999994
18180000.000000007 184.777 418.618 397.5830000000001
18200000.00000002 184.72999999999996 418.62 397.87000000000023
18220000.0 184.683 418.622 398.157
18240000.000000007 184.63599999999997 418.624 398.44400000000013
18259999.999999993 184.589 418.62600000000003 398.7309999999999
18280000.0 184.542 418.62800000000004 399.01800000000003
18300000.00000001 184.49499999999998 418.63 399.3050000000002
18319999.999999993 184.448 418.632 399.5919999999999
18340000.000000004 184.40099999999998 418.634 399.879
18360000.000000015 184.35399999999996 418.636 400.16600000000017
18379999.999999996 184.307 418.63800000000003 400.4529999999999
18400000.000000007 184.26 418.64000000000004 400.74000000000007
18420000.000000015 184.21299999999997 418.642 401.0270000000002
18439999.999999996 184.166 418.644 401.31399999999996
18460000.000000007 184.11899999999997 418.646 401.6010000000001
18479999.99999999 184.072 418.648 401.88799999999986
18500000.0 184.02499999999998 418.65000000000003 402.175
18520000.00000001 183.97799999999998 418.65200000000004 402.46200000000016
18539999.999999993 183.931 418.654 402.7489999999999
18560000.000000004 183.884 418.656 403.03600000000006
18580000.00000001 183.83699999999996 418.658 403.32300000000015
18599999.999999993 183.79 418.66 403.6099999999999
18620000.000000004 183.743 418.66200000000003 403.89700000000005
18640000.000000015 183.69599999999997 418.66400000000004 404.1840000000002
18659999.999999996 183.649 418.666 404.47099999999995
18680000.000000007 183.60199999999998 418.668 404.7580000000001
18700000.00000002 183.55499999999995 418.67 405.04500000000024
18720000.0 183.50799999999998 418.672 405.332
18740000.000000007 183.46099999999998 418.67400000000004 405.61900000000014
18759999.999999993 183.41400000000002 418.67600000000004 405.9059999999999
18780000.0 183.367 418.678 406.193
18800000.00000001 183.31999999999996 418.68 406.48000000000013
18819999.999999993 183.273 418.682 406.7669999999999
18840000.000000004 183.226 418.684 407.05400000000003
18860000.000000015 183.17899999999997 418.68600000000004 407.3410000000002
18879999.999999996 183.132 418.68800000000005 407.62799999999993
18900000.000000007 183.08499999999998 418.69 407.9150000000001
18920000.000000015 183.03799999999995 418.692 408.2020000000002
18939999.999999996 182.99099999999999 418.694 408.489
18960000.000000007 182.944 418.696 408.7760000000001
18979999.99999999 182.89700000000002 418.69800000000004 409.0629999999999
19000000.0 182.85 418.70000000000005 409.35
19020000.00000001 182.80299999999997 418.702 409.6370000000001
19039999.999999993 182.756 418.704 409.92399999999986
19060000.000000004 182.709 418.706 410.211
19080000.00000001 182.66199999999998 418.708 410.49800000000016
19099999.999999993 182.615 418.71000000000004 410.7849999999999
19120000.000000004 182.56799999999998 418.712 411.07200000000006
19140000.000000015 182.52099999999996 418.714 411.3590000000002
19159999.999999996 182.474 418.716 411.64599999999996
19180000.000000007 182.427 418.718 411.9330000000001
19200000.00000002 182.37999999999997 418.72 412.22000000000025
19220000.0 182.333 418.72200000000004 412.50699999999995
19240000.000000007 182.28599999999997 418.724 412.7940000000001
19259999.999999993 182.239 418.726 413.08099999999985
19280000.0 182.192 418.728 413.368
19300000.00000001 182.14499999999998 418.73 413.65500000000014
19319999.999999993 182.098 418.732 413.9419999999999
19340000.000000004 182.051 418.73400000000004 414.22900000000004
19360000.000000015 182.00399999999996 418.736 414.5160000000002
19379999.999999996 181.957 418.738 414.80299999999994
19400000.000000007 181.91 418.74 415.0900000000001
19420000.000000015 181.86299999999997 418.742 415.37700000000024
19439999.999999996 181.816 418.744 415.664
19460000.000000007 181.76899999999998 418.74600000000004 415.95100000000014
19479999.99999999 181.722 418.748 416.23799999999983
19500000.0 181.675 418.75 416.525
19520000.00000001 181.628 418.752 416.8120000000001
19539999.999999993 181.58100000000002 418.754 417.0989999999999
19560000.000000004 181.534 418.75600000000003 417.386
19580000.00000001 181.48699999999997 418.75800000000004 417.6730000000002
19599999.999999993 181.44 418.76 417.9599999999999
19620000.000000004 181.393 418.762 418.24700000000007
19640000.000000015 181.34599999999998 418.764 418.5340000000002
19659999.999999996 181.299 418.766 418.8209999999999
19680000.000000007 181.25199999999998 418.76800000000003 419.10800000000006
19700000.00000002 181.20499999999996 418.77000000000004 419.3950000000002
19720000.0 181.15800000000002 418.772 419.68199999999996
19740000.000000007 181.111 418.774 419.9690000000001
19759999.999999993 181.06400000000002 418.776 420.25599999999986
19780000.0 181.017 418.778 420.543
19800000.00000001 180.96999999999997 418.78000000000003 420.83000000000015
19819999.999999993 180.923 418.78200000000004 421.1169999999999
19840000.000000004 180.876 418.784 421.40400000000005
19860000.000000015 180.82899999999998 418.786 421.6910000000002
19879999.999999996 180.782 418.788 421.97799999999995
19900000.000000007 180.73499999999999 418.79 422.2650000000001
19920000.000000015 180.68799999999996 418.79200000000003 422.5520000000002
19939999.999999996 180.64100000000002 418.79400000000004 422.83899999999994
19960000.000000007 180.594 418.796 423.1260000000001
19979999.99999999 180.54700000000003 418.798 423.41299999999984
20000000.0 180.5 418.8 423.7
20025000.00000001 180.44499999999996 418.787 424.0930000000002
20049999.99999999 180.39000000000001 418.774 424.4859999999998
20075000.000000004 180.33499999999998 418.761 424.879
20100000.000000015 180.27999999999997 418.748 425.2720000000002
20124999.999999993 180.22500000000002 418.735 425.66499999999985
20150000.000000007 180.17 418.722 426.0580000000001
20175000.00000002 180.11499999999995 418.709 426.4510000000003
20199999.999999996 180.06 418.696 426.84399999999994
20225000.000000007 180.005 418.683 427.23700000000014
20250000.000000022 179.94999999999996 418.67 427.63000000000034
20275000.0 179.895 418.65700000000004 428.02299999999997
20300000.00000001 179.83999999999997 418.644 428.41600000000017
20324999.99999999 179.78500000000003 418.63100000000003 428.8089999999998
20350000.0 179.73 418.618 429.202
20375000.000000015 179.67499999999995 418.605 429.5950000000002
20399999.999999993 179.62 418.59200000000004 429.98799999999983
20425000.000000004 179.565 418.579 430.3810000000001
20450000.00000002 179.50999999999996 418.566 430.7740000000003
20474999.999999993 179.455 418.553 431.1669999999999
20500000.000000007 179.39999999999998 418.54 431.5600000000001
20525000.00000002 179.34499999999997 418.527 431.9530000000003
20549999.999999996 179.29000000000002 418.514 432.34599999999995
20575000.00000001 179.23499999999999 418.501 432.73900000000015
20599999.99999999 179.18000000000004 418.488 433.1319999999998
20625000.0 179.125 418.475 433.525
20650000.00000001 179.06999999999996 418.462 433.9180000000002
20674999.99999999 179.01500000000001 418.449 434.3109999999998
20700000.000000004 178.95999999999998 418.436 434.70400000000006
20725000.000000015 178.90499999999997 418.423 435.09700000000026
20749999.999999993 178.85000000000002 418.41 435.4899999999999
20775000.000000007 178.795 418.397 435.8830000000001
20800000.00000002 178.73999999999995 418.384 436.2760000000003
20824999.999999996 178.685 418.37100000000004 436.6689999999999
20850000.000000007 178.63 418.358 437.0620000000001
20875000.000000022 178.57499999999996 418.34499999999997 437.4550000000003
20900000.0 178.52 418.332 437.84799999999996
20925000.00000001 178.46499999999997 418.319 438.24100000000016
20949999.99999999 178.41000000000003 418.30600000000004 438.6339999999998
20975000.0 178.355 418.293 439.02700000000004
21000000.000000015 178.29999999999995 418.28 439.42000000000024
21024999.999999993 178.245 418.267 439.8129999999999
21050000.000000004 178.19 418.254 440.2060000000001
21075000.00000002 178.13499999999996 418.241 440.5990000000003
21099999.999999993 178.08 418.228 440.9919999999999
21125000.000000007 178.02499999999998 418.215 441.3850000000001
21150000.00000002 177.96999999999997 418.202 441.7780000000003
21174999.999999996 177.91500000000002 418.189 442.17099999999994
21200000.00000001 177.85999999999999 418.176 442.56400000000014
21224999.99999999 177.80500000000004 418.163 442.95699999999977
21250000.0 177.75 418.15 443.35
21275000.00000001 177.69499999999996 418.137 443.74300000000017
21299999.99999999 177.64000000000001 418.124 444.13599999999985
21325000.000000004 177.58499999999998 418.111 444.52900000000005
21350000.000000015 177.52999999999997 418.098 444.92200000000025
21374999.999999993 177.47500000000002 418.08500000000004 445.3149999999999
21400000.000000007 177.42 418.072 445.7080000000001
21425000.00000002 177.36499999999995 418.05899999999997 446.1010000000003
21449999.999999996 177.31 418.046 446.4939999999999
21475000.000000007 177.255 418.033 446.8870000000001
21500000.000000022 177.19999999999996 418.02 447.2800000000003
21525000.0 177.145 418.007 447.673
21550000.00000001 177.08999999999997 417.99399999999997 448.06600000000014
21574999.99999999 177.03500000000003 417.981 448.45899999999983
21600000.0 176.98 417.968 448.85200000000003
21625000.000000015 176.92499999999995 417.955 449.24500000000023
21649999.999999993 176.87 417.942 449.63799999999986
21675000.000000004 176.815 417.929 450.03100000000006
21700000.00000002 176.75999999999996 417.916 450.42400000000026
21724999.999999993 176.705 417.903 450.8169999999999
21750000.000000007 176.64999999999998 417.89 451.2100000000001
21775000.00000002 176.59499999999997 417.877 451.6030000000003
21799999.999999996 176.54000000000002 417.86400000000003 451.996
21825000.00000001 176.48499999999999 417.851 452.3890000000001
21849999.99999999 176.43000000000004 417.838 452.7819999999998
21875000.0 176.375 417.825 453.175
21900000.00000001 176.31999999999996 417.812 453.5680000000002
21924999.99999999 176.26500000000001 417.79900000000004 453.96099999999984
21950000.000000004 176.20999999999998 417.786 454.35400000000004
21975000.000000015 176.15499999999997 417.77299999999997 454.74700000000024
21999999.999999993 176.10000000000002 417.76 455.1399999999999
22025000.000000007 176.045 417.747 455.5330000000001
22050000.00000002 175.98999999999995 417.734 455.9260000000003
22074999.999999996 175.935 417.721 456.31899999999996
22100000.000000007 175.88 417.70799999999997 456.7120000000001
22125000.000000022 175.82499999999996 417.695 457.10500000000036
22150000.0 175.77 417.682 457.498
22175000.00000001 175.71499999999997 417.669 457.8910000000002
22199999.99999999 175.66000000000003 417.656 458.2839999999998
22225000.0 175.605 417.643 458.677
22250000.000000015 175.54999999999995 417.63 459.0700000000002
22274999.999999993 175.495 417.617 459.46299999999985
22300000.000000004 175.44 417.604 459.85600000000005
22325000.00000002 175.38499999999996 417.591 460.24900000000025
22349999.999999993 175.33 417.57800000000003 460.64199999999994
22375000.000000007 175.27499999999998 417.565 461.0350000000001
22400000.00000002 175.21999999999997 417.55199999999996 461.42800000000034
22424999.999999996 175.16500000000002 417.539 461.82099999999997
22450000.00000001 175.10999999999999 417.526 462.21400000000017
22474999.99999999 175.05500000000004 417.51300000000003 462.6069999999998
22500000.0 175.0 417.5 463.0
22525000.00000001 174.94799999999998 417.476 463.4240000000002
22549999.99999999 174.89600000000002 417.452 463.84799999999984
22575000.000000004 174.844 417.428 464.27200000000005
22600000.000000015 174.79199999999997 417.404 464.69600000000025
22624999.999999993 174.74 417.38 465.1199999999999
22650000.000000007 174.688 417.356 465.5440000000001
22675000.00000002 174.63599999999997 417.332 465.9680000000003
22699999.999999996 174.584 417.308 466.39199999999994
22725000.000000007 174.53199999999998 417.284 466.81600000000014
22750000.000000022 174.47999999999996 417.26 467.24000000000035
22775000.0 174.428 417.236 467.664
22800000.00000001 174.37599999999998 417.212 468.0880000000002
22824999.99999999 174.324 417.188 468.51199999999983
22850000.0 174.272 417.164 468.93600000000004
22875000.000000015 174.21999999999997 417.14 469.36000000000024
22899999.999999993 174.168 417.116 469.7839999999999
22925000.000000004 174.11599999999999 417.092 470.2080000000001
22950000.00000002 174.06399999999996 417.068 470.6320000000003
22974999.999999993 174.012 417.044 471.0559999999999
23000000.000000007 173.95999999999998 417.02 471.48000000000013
23025000.00000002 173.90799999999996 416.996 471.90400000000034
23049999.999999996 173.856 416.972 472.328
23075000.00000001 173.80399999999997 416.948 472.7520000000002
23099999.99999999 173.75200000000004 416.92400000000004 473.17599999999976
23125000.0 173.7 416.9 473.6
23150000.00000001 173.64799999999997 416.876 474.0240000000002
23174999.99999999 173.59600000000003 416.85200000000003 474.4479999999998
23200000.000000004 173.544 416.82800000000003 474.87200000000007
23225000.000000015 173.49199999999996 416.804 475.2960000000003
23249999.999999993 173.44000000000003 416.78000000000003 475.71999999999986
23275000.000000007 173.388 416.75600000000003 476.14400000000006
23300000.00000002 173.33599999999996 416.73199999999997 476.5680000000003
23324999.999999996 173.28400000000002 416.708 476.9919999999999
23350000.000000007 173.232 416.684 477.4160000000001
23375000.000000022 173.17999999999995 416.65999999999997 477.8400000000004
23400000.0 173.12800000000001 416.636 478.26399999999995
23425000.00000001 173.076 416.612 478.68800000000016
23449999.99999999 173.02400000000003 416.588 479.1119999999998
23475000.0 172.972 416.564 479.536
23500000.000000015 172.92 416.54 479.9600000000002
23524999.999999993 172.86800000000002 416.516 480.38399999999984
23550000.000000004 172.816 416.492 480.80800000000005
23575000.00000002 172.76399999999998 416.468 481.23200000000026
23599999.999999993 172.71200000000002 416.444 481.6559999999999
23625000.000000007 172.66 416.42 482.0800000000001
23650000.00000002 172.60799999999998 416.396 482.5040000000003
23674999.999999996 172.556 416.372 482.92799999999994
23700000.00000001 172.504 416.348 483.35200000000015
23724999.99999999 172.45200000000003 416.324 483.7759999999998
23750000.0 172.4 416.3 484.2
23775000.00000001 172.34799999999998 416.276 484.6240000000002
23799999.99999999 172.29600000000002 416.252 485.04799999999983
23825000.000000004 172.244 416.228 485.47200000000004
23850000.000000015 172.19199999999998 416.204 485.89600000000024
23874999.999999993 172.14000000000001 416.18 486.3199999999999
23900000.000000007 172.088 416.156 486.7440000000001
23925000.00000002 172.03599999999997 416.132 487.1680000000003
23949999.999999996 171.984 416.108 487.5919999999999
23975000.000000007 171.932 416.084 488.01600000000013
24000000.000000022 171.87999999999997 416.06 488.44000000000034
24025000.0 171.828 416.036 488.864
24050000.00000001 171.77599999999998 416.012 489.2880000000002
24074999.99999999 171.72400000000002 415.988 489.7119999999998
24100000.0 171.672 415.964 490.136
24125000.000000015 171.61999999999998 415.94 490.56000000000023
24149999.999999993 171.568 415.916 490.98399999999987
24175000.000000004 171.516 415.892 491.4080000000001
24200000.00000002 171.46399999999997 415.868 491.8320000000003
24224999.999999993 171.412 415.844 492.25599999999986
24250000.000000007 171.35999999999999 415.82 492.6800000000001
24275000.00000002 171.30799999999996 415.796 493.1040000000003
24299999.999999996 171.256 415.772 493.5279999999999
24325000.00000001 171.20399999999998 415.748 493.95200000000017
24349999.99999999 171.15200000000004 415.72400000000005 494.37599999999975
24375000.0 171.10000000000002 415.70000000000005 494.79999999999995
24400000.00000001 171.04799999999997 415.676 495.2240000000002
24424999.99999999 170.99600000000004 415.65200000000004 495.6479999999998
24450000.000000004 170.94400000000002 415.62800000000004 496.072
24475000.000000015 170.89199999999997 415.604 496.49600000000027
24499999.999999993 170.84000000000003 415.58000000000004 496.91999999999985
24525000.000000007 170.788 415.55600000000004 497.34400000000005
24550000.00000002 170.73599999999996 415.532 497.7680000000003
24574999.999999996 170.68400000000003 415.50800000000004 498.1919999999999
24600000.000000007 170.632 415.48400000000004 498.6160000000001
24625000.000000022 170.57999999999996 415.46 499.04000000000036
24650000.0 170.52800000000002 415.43600000000004 499.46399999999994
24675000.00000001 170.476 415.41200000000003 499.88800000000015
24699999.99999999 170.42400000000004 415.38800000000003 500.3119999999998
24725000.0 170.372 415.36400000000003 500.736
24750000.000000015 170.32 415.34000000000003 501.1600000000002
24774999.999999993 170.26800000000003 415.31600000000003 501.58399999999983
24800000.000000004 170.216 415.29200000000003 502.00800000000004
24825000.00000002 170.164 415.26800000000003 502.43200000000024
24849999.999999993 170.11200000000002 415.244 502.8559999999999
24875000.000000007 170.06 415.22 503.2800000000001
24900000.00000002 170.00799999999998 415.196 503.7040000000003
24924999.999999996 169.95600000000002 415.172 504.12799999999993
24950000.00000001 169.904 415.148 504.55200000000013
24974999.99999999 169.85200000000003 415.124 504.9759999999998
25000000.0 169.8 415.1 505.4
25025000.00000001 169.75199999999998 415.068 505.8450000000002
25049999.99999999 169.70400000000004 415.03600000000006 506.2899999999998
25075000.000000004 169.656 415.004 506.735
25100000.000000015 169.60799999999998 414.972 507.18000000000023
25124999.999999993 169.56000000000003 414.94000000000005 507.62499999999983
25150000.000000007 169.512 414.908 508.07000000000005
25175000.00000002 169.46399999999997 414.876 508.5150000000003
25199999.999999996 169.41600000000003 414.84400000000005 508.9599999999999
25225000.000000007 169.368 414.812 509.40500000000014
25250000.000000022 169.31999999999996 414.78 509.85000000000036
25275000.0 169.27200000000002 414.74800000000005 510.29499999999996
25300000.00000001 169.224 414.716 510.7400000000002
25324999.99999999 169.17600000000004 414.684 511.1849999999998
25350000.0 169.12800000000001 414.652 511.63
25375000.000000015 169.07999999999998 414.62 512.0750000000003
25399999.999999993 169.03200000000004 414.588 512.5199999999999
25425000.000000004 168.984 414.556 512.965
25450000.00000002 168.93599999999998 414.524 513.4100000000003
25474999.999999993 168.88800000000003 414.492 513.8549999999999
25500000.000000007 168.84 414.46 514.3000000000001
25525000.00000002 168.79199999999997 414.428 514.7450000000003
25549999.999999996 168.74400000000003 414.396 515.1899999999999
25575000.00000001 168.696 414.364 515.6350000000001
25599999.99999999 168.64800000000002 414.33200000000005 516.0799999999997
25625000.0 168.60000000000002 414.3 516.525
25650000.00000001 168.552 414.268 516.9700000000003
25674999.99999999 168.50400000000002 414.23600000000005 517.4149999999998
25700000.000000004 168.456 414.204 517.86
25725000.000000015 168.408 414.17199999999997 518.3050000000003
25749999.999999993 168.36 414.14000000000004 518.7499999999999
25775000.000000007 168.31199999999998 414.108 519.195
25800000.00000002 168.26399999999998 414.07599999999996 519.6400000000003
25824999.999999996 168.216 414.04400000000004 520.0849999999999
25850000.000000007 168.16799999999998 414.012 520.5300000000001
25875000.000000022 168.11999999999998 413.97999999999996 520.9750000000004
25900000.0 168.072 413.94800000000004 521.42
25925000.00000001 168.02399999999997 413.916 521.8650000000002
25949999.99999999 167.97600000000003 413.884 522.3099999999997
25975000.0 167.928 413.852 522.755
26000000.000000015 167.87999999999997 413.82 523.2000000000003
26024999.999999993 167.83200000000002 413.788 523.6449999999999
26050000.000000004 167.784 413.756 524.09
26075000.00000002 167.73599999999996 413.724 524.5350000000003
26099999.999999993 167.68800000000002 413.692 524.9799999999999
26125000.000000007 167.64 413.65999999999997 525.4250000000001
26150000.00000002 167.59199999999996 413.628 525.8700000000003
26174999.999999996 167.544 413.596 526.3149999999999
26200000.00000001 167.49599999999998 413.56399999999996 526.7600000000001
26224999.99999999 167.44800000000004 413.53200000000004 527.2049999999997
26250000.0 167.4 413.5 527.65
26275000.00000001 167.35199999999998 413.46799999999996 528.0950000000003
26299999.99999999 167.30400000000003 413.43600000000004 528.5399999999998
26325000.000000004 167.256 413.404 528.985
26350000.000000015 167.20799999999997 413.37199999999996 529.4300000000003
26374999.999999993 167.16000000000003 413.34000000000003 529.8749999999999
26400000.000000007 167.112 413.308 530.32
26425000.00000002 167.06399999999996 413.27599999999995 530.7650000000003
26449999.999999996 167.01600000000002 413.244 531.2099999999999
26475000.000000007 166.968 413.212 531.6550000000001
26500000.000000022 166.91999999999996 413.17999999999995 532.1000000000004
26525000.0 166.872 413.148 532.545
26550000.00000001 166.82399999999998 413.116 532.9900000000002
26574999.99999999 166.77600000000004 413.084 533.4349999999997
26600000.0 166.728 413.05199999999996 533.88
26625000.000000015 166.67999999999998 413.02 534.3250000000003
26649999.999999993 166.63200000000003 412.988 534.7699999999999
26675000.000000004 166.584 412.95599999999996 535.215
26700000.00000002 166.53599999999997 412.924 535.6600000000003
26724999.999999993 166.48800000000003 412.892 536.1049999999999
26750000.000000007 166.44 412.85999999999996 536.5500000000001
26775000.00000002 166.39199999999997 412.828 536.9950000000003
26799999.999999996 166.34400000000002 412.796 537.4399999999999
26825000.00000001 166.296 412.76399999999995 537.8850000000001
26849999.99999999 166.24800000000002 412.732 538.3299999999997
26875000.0 166.2 412.7 538.775
26900000.00000001 166.152 412.66799999999995 539.2200000000003
26924999.99999999 166.104 412.636 539.6649999999998
26950000.000000004 166.05599999999998 412.604 540.11
26975000.000000015 166.00799999999998 412.57199999999995 540.5550000000003
26999999.999999993 165.96 412.54 540.9999999999999
27025000.000000007 165.91199999999998 412.508 541.445
27050000.00000002 165.86399999999998 412.47599999999994 541.8900000000003
27074999.999999996 165.816 412.444 542.3349999999999
27100000.000000007 165.76799999999997 412.412 542.7800000000001
27125000.000000022 165.71999999999997 412.37999999999994 543.2250000000004
27150000.0 165.672 412.348 543.67
27175000.00000001 165.62399999999997 412.316 544.1150000000002
27199999.99999999 165.57600000000002 412.284 544.5599999999997
27225000.0 165.528 412.25199999999995 545.005
27250000.000000015 165.47999999999996 412.21999999999997 545.4500000000003
27274999.999999993 165.43200000000002 412.188 545.8949999999999
27300000.000000004 165.384 412.15599999999995 546.34
27325000.00000002 165.33599999999996 412.12399999999997 546.7850000000003
27349999.999999993 165.288 412.092 547.2299999999999
27375000.000000007 165.23999999999998 412.05999999999995 547.6750000000001
27400000.00000002 165.19199999999995 412.02799999999996 548.1200000000003
27424999.999999996 165.144 411.996 548.5649999999999
27450000.00000001 165.09599999999998 411.96399999999994 549.0100000000001
27474999.99999999 165.04800000000003 411.932 549.4549999999997
27500000.0 165.0 411.9 549.9
27525000.00000001 164.95499999999998 411.864 550.3590000000003
27549999.99999999 164.91000000000003 411.828 550.8179999999998
27575000.000000004 164.865 411.792 551.277
27600000.000000015 164.81999999999996 411.756 551.7360000000002
27624999.999999993 164.775 411.71999999999997 552.1949999999998
27650000.000000007 164.73 411.68399999999997 552.6540000000001
27675000.00000002 164.68499999999997 411.64799999999997 553.1130000000003
27699999.999999996 164.64000000000001 411.61199999999997 553.5719999999999
27725000.000000007 164.59499999999997 411.57599999999996 554.0310000000002
27750000.000000022 164.54999999999995 411.53999999999996 554.4900000000004
27775000.0 164.505 411.50399999999996 554.949
27800000.00000001 164.45999999999998 411.46799999999996 555.4080000000001
27824999.99999999 164.41500000000002 411.432 555.8669999999997
27850000.0 164.37 411.39599999999996 556.326
27875000.000000015 164.325 411.35999999999996 556.7850000000002
27899999.999999993 164.28000000000003 411.324 557.2439999999998
27925000.000000004 164.23499999999999 411.28799999999995 557.7030000000001
27950000.00000002 164.18999999999997 411.25199999999995 558.1620000000003
27974999.999999993 164.145 411.216 558.6209999999999
28000000.000000007 164.1 411.17999999999995 559.0800000000002
28025000.00000002 164.05499999999995 411.14399999999995 559.5390000000003
28049999.999999996 164.01 411.108 559.9979999999999
28075000.00000001 163.96499999999997 411.07199999999995 560.4570000000001
28099999.99999999 163.92000000000002 411.036 560.9159999999997
28125000.0 163.875 411.0 561.375
28150000.00000001 163.82999999999998 410.96399999999994 561.8340000000002
28174999.99999999 163.78500000000003 410.928 562.2929999999998
28200000.000000004 163.74 410.892 562.7520000000001
28225000.000000015 163.69499999999996 410.85599999999994 563.2110000000002
28249999.999999993 163.65 410.82 563.6699999999998
28275000.000000007 163.605 410.784 564.129
28300000.00000002 163.55999999999997 410.74799999999993 564.5880000000003
28324999.999999996 163.51500000000001 410.712 565.0469999999999
28350000.000000007 163.46999999999997 410.676 565.5060000000001
28375000.000000022 163.42499999999995 410.64 565.9650000000004
28400000.0 163.38 410.604 566.424
28425000.00000001 163.33499999999998 410.568 566.8830000000002
28449999.99999999 163.29000000000002 410.532 567.3419999999998
28475000.0 163.245 410.496 567.801
28500000.000000015 163.2 410.46 568.2600000000002
28524999.999999993 163.15500000000003 410.424 568.7189999999998
28550000.000000004 163.10999999999999 410.388 569.178
28575000.00000002 163.06499999999997 410.352 569.6370000000003
28599999.999999993 163.02 410.316 570.0959999999999
28625000.000000007 162.975 410.28 570.5550000000001
28650000.00000002 162.92999999999995 410.24399999999997 571.0140000000004
28674999.999999996 162.885 410.20799999999997 571.473
28700000.00000001 162.83999999999997 410.17199999999997 571.9320000000001
28724999.99999999 162.79500000000002 410.136 572.3909999999997
28750000.0 162.75 410.1 572.8499999999999
28775000.00000001 162.70499999999998 410.06399999999996 573.3090000000002
28799999.99999999 162.66000000000003 410.028 573.7679999999998
28825000.000000004 162.615 409.992 574.227
28850000.000000015 162.56999999999996 409.95599999999996 574.6860000000003
28874999.999999993 162.525 409.92 575.1449999999999
28900000.000000007 162.48 409.884 575.604
28925000.00000002 162.43499999999997 409.84799999999996 576.0630000000003
28949999.999999996 162.39000000000001 409.812 576.5219999999999
28975000.000000007 162.34499999999997 409.776 576.9810000000001
29000000.000000022 162.29999999999995 409.73999999999995 577.4400000000004
29025000.0 162.255 409.704 577.8989999999999
29050000.00000001 162.20999999999998 409.668 578.3580000000002
29074999.99999999 162.16500000000002 409.632 578.8169999999998
29100000.0 162.12 409.596 579.276
29125000.000000015 162.075 409.56 579.7350000000002
29149999.999999993 162.03000000000003 409.524 580.1939999999998
29175000.000000004 161.98499999999999 409.488 580.653
29200000.00000002 161.93999999999997 409.452 581.1120000000003
29224999.999999993 161.895 409.416 581.5709999999999
29250000.000000007 161.85 409.38 582.0300000000001
29275000.00000002 161.80499999999995 409.344 582.4890000000004
29299999.999999996 161.76 409.308 582.9479999999999
29325000.00000001 161.71499999999997 409.272 583.4070000000002
29349999.99999999 161.67000000000002 409.23600000000005 583.8659999999998
29375000.0 161.625 409.2 584.3249999999999
29400000.00000001 161.57999999999998 409.164 584.7840000000002
29424999.99999999 161.53500000000003 409.12800000000004 585.2429999999998
29450000.000000004 161.49 409.092 585.702
29475000.000000015 161.44499999999996 409.056 586.1610000000003
29499999.999999993 161.4 409.02000000000004 586.6199999999998
29525000.000000007 161.355 408.984 587.0790000000001
29550000.00000002 161.30999999999997 408.948 587.5380000000002
29574999.999999996 161.26500000000001 408.91200000000003 587.9969999999998
29600000.000000007 161.21999999999997 408.876 588.4560000000001
29625000.000000022 161.17499999999995 408.84 588.9150000000003
29650000.0 161.13 408.80400000000003 589.3739999999999
29675000.00000001 161.08499999999998 408.768 589.8330000000002
29699999.99999999 161.04000000000002 408.732 590.2919999999997
29725000.0 160.995 408.696 590.751
29750000.000000015 160.95 408.65999999999997 591.2100000000003
29774999.999999993 160.90500000000003 408.624 591.6689999999998
29800000.000000004 160.85999999999999 408.588 592.128
29825000.00000002 160.81499999999997 408.55199999999996 592.5870000000002
29849999.999999993 160.77 408.516 593.0459999999998
29875000.000000007 160.725 408.48 593.5050000000001
29900000.00000002 160.67999999999995 408.44399999999996 593.9640000000003
29924999.999999996 160.635 408.408 594.4229999999999
29950000.00000001 160.58999999999997 408.372 594.8820000000002
29974999.99999999 160.54500000000002 408.336 595.3409999999997
30000000.0 160.5 408.3 595.8
30025000.00000001 160.45999999999998 408.26099999999997 596.2650000000002
30049999.99999999 160.42000000000002 408.22200000000004 596.7299999999998
30075000.000000004 160.38 408.183 597.195
30100000.000000015 160.33999999999997 408.144 597.6600000000002
30124999.999999993 160.3 408.105 598.1249999999998
30150000.000000007 160.26 408.066 598.59
30175000.00000002 160.21999999999997 408.027 599.0550000000003
30199999.999999996 160.18 407.988 599.5199999999999
30225000.000000007 160.14 407.949 599.9850000000001
30250000.000000022 160.09999999999997 407.90999999999997 600.4500000000004
30275000.0 160.06 407.87100000000004 600.915
30300000.00000001 160.01999999999998 407.832 601.3800000000001
30324999.99999999 159.98000000000002 407.793 601.8449999999998
30350000.0 159.94 407.754 602.31
30375000.000000015 159.89999999999998 407.715 602.7750000000002
30399999.999999993 159.86 407.67600000000004 603.2399999999998
30425000.000000004 159.82 407.637 603.705
30450000.00000002 159.77999999999997 407.59799999999996 604.1700000000003
30474999.999999993 159.74 407.559 604.6349999999999
30500000.000000007 159.7 407.52 605.1000000000001
30525000.00000002 159.65999999999997 407.481 605.5650000000003
30549999.999999996 159.62 407.442 606.0299999999999
30575000.00000001 159.57999999999998 407.40299999999996 606.4950000000001
30599999.99999999 159.54000000000002 407.36400000000003 606.9599999999997
30625000.0 159.5 407.325 607.425
30650000.00000001 159.45999999999998 407.286 607.8900000000002
30674999.99999999 159.42000000000002 407.247 608.3549999999998
30700000.000000004 159.38 407.20799999999997 608.82
30725000.000000015 159.33999999999997 407.169 609.2850000000002
30749999.999999993 159.3 407.13 609.7499999999998
30775000.000000007 159.26 407.091 610.215
30800000.00000002 159.21999999999997 407.05199999999996 610.6800000000003
30824999.999999996 159.18 407.01300000000003 611.1449999999999
30850000.000000007 159.14 406.974 611.6100000000001
30875000.000000022 159.09999999999997 406.93499999999995 612.0750000000004
30900000.0 159.06 406.896 612.54
30925000.00000001 159.01999999999998 406.85699999999997 613.0050000000001
30949999.99999999 158.98000000000002 406.81800000000004 613.4699999999998
30975000.0 158.94 406.779 613.935
31000000.000000015 158.89999999999998 406.73999999999995 614.4000000000002
31024999.999999993 158.86 406.701 614.8649999999998
31050000.000000004 158.82 406.662 615.33
31075000.00000002 158.77999999999997 406.623 615.7950000000003
31099999.999999993 158.74 406.584 616.2599999999999
31125000.000000007 158.7 406.54499999999996 616.7250000000001
31150000.00000002 158.65999999999997 406.506 617.1900000000003
31174999.999999996 158.62 406.467 617.6549999999999
31200000.00000001 158.57999999999998 406.428 618.1200000000001
31224999.99999999 158.54000000000002 406.389 618.5849999999997
31250000.0 158.5 406.35 619.05
31275000.00000001 158.45999999999998 406.311 619.5150000000002
31299999.99999999 158.42000000000002 406.272 619.9799999999998
31325000.000000004 158.38 406.233 620.445
31350000.000000015 158.33999999999997 406.19399999999996 620.9100000000002
31374999.999999993 158.3 406.15500000000003 621.3749999999998
31400000.000000007 158.26 406.116 621.84
31425000.00000002 158.21999999999997 406.07699999999994 622.3050000000003
31449999.999999996 158.18 406.038 622.7699999999999
31475000.000000007 158.14 405.99899999999997 623.2350000000001
31500000.000000022 158.09999999999997 405.96 623.7000000000004
31525000.0 158.06 405.921 624.165
31550000.00000001 158.01999999999998 405.88199999999995 624.6300000000001
31574999.99999999 157.98000000000002 405.843 625.0949999999998
31600000.0 157.94 405.804 625.56
31625000.000000015 157.89999999999998 405.765 626.0250000000002
31649999.999999993 157.86 405.726 626.4899999999998
31675000.000000004 157.82 405.68699999999995 626.955
31700000.00000002 157.77999999999997 405.64799999999997 627.4200000000003
31724999.999999993 157.74 405.609 627.8849999999999
31750000.000000007 157.7 405.57 628.3500000000001
31775000.00000002 157.65999999999997 405.53099999999995 628.8150000000003
31799999.999999996 157.62 405.492 629.2799999999999
31825000.00000001 157.57999999999998 405.453 629.7450000000001
31849999.99999999 157.54000000000002 405.414 630.2099999999997
31875000.0 157.5 405.375 630.675
31900000.00000001 157.45999999999998 405.33599999999996 631.1400000000002
31924999.99999999 157.42000000000002 405.297 631.6049999999998
31950000.000000004 157.38 405.258 632.07
31975000.000000015 157.33999999999997 405.21899999999994 632.5350000000002
31999999.999999993 157.3 405.18 632.9999999999998
32025000.000000007 157.26 405.14099999999996 633.465
32050000.00000002 157.21999999999997 405.102 633.9300000000003
32074999.999999996 157.18 405.063 634.3949999999999
32100000.000000007 157.14 405.02399999999994 634.8600000000001
32125000.000000022 157.09999999999997 404.98499999999996 635.3250000000004
32150000.0 157.06 404.94599999999997 635.79
32175000.00000001 157.01999999999998 404.907 636.2550000000001
32199999.99999999 156.98000000000002 404.868 636.7199999999998
32225000.0 156.94 404.82899999999995 637.185
32250000.000000015 156.89999999999998 404.78999999999996 637.6500000000002
32274999.999999993 156.86 404.751 638.1149999999998
32300000.000000004 156.82 404.712 638.58
32325000.00000002 156.77999999999997 404.67299999999994 639.0450000000003
32349999.999999993 156.74 404.634 639.5099999999999
32375000.000000007 156.7 404.59499999999997 639.9750000000001
32400000.00000002 156.65999999999997 404.5559999999999 640.4400000000003
32424999.999999996 156.62 404.517 640.9049999999999
32450000.00000001 156.57999999999998 404.47799999999995 641.3700000000001
32474999.99999999 156.54000000000002 404.439 641.8349999999997
32500000.0 156.5 404.4 642.3
32525000.00000001 156.46399999999997 404.35799999999995 642.7670000000002
32549999.99999999 156.42800000000003 404.316 643.2339999999998
32575000.000000004 156.392 404.274 643.701
32600000.000000015 156.35599999999997 404.23199999999997 644.1680000000002
32624999.999999993 156.32000000000002 404.19 644.6349999999999
32650000.000000007 156.284 404.14799999999997 645.1020000000001
32675000.00000002 156.24799999999996 404.10599999999994 645.5690000000003
32699999.999999996 156.21200000000002 404.06399999999996 646.0359999999998
32725000.000000007 156.176 404.022 646.5030000000002
32750000.000000022 156.13999999999996 403.97999999999996 646.9700000000004
32775000.0 156.104 403.938 647.4369999999999
32800000.00000001 156.06799999999998 403.89599999999996 647.9040000000002
32824999.99999999 156.032 403.854 648.3709999999998
32850000.0 155.996 403.81199999999995 648.838
32875000.000000015 155.95999999999998 403.77 649.3050000000002
32899999.999999993 155.924 403.728 649.7719999999998
32925000.000000004 155.888 403.686 650.239
32950000.00000002 155.85199999999998 403.64399999999995 650.7060000000002
32974999.999999993 155.816 403.602 651.1729999999999
33000000.000000007 155.78 403.55999999999995 651.6400000000001
33025000.00000002 155.74399999999997 403.518 652.1070000000003
33049999.999999996 155.708 403.476 652.574
33075000.00000001 155.672 403.43399999999997 653.0410000000002
33099999.99999999 155.63600000000002 403.392 653.5079999999997
33125000.0 155.6 403.34999999999997 653.9749999999999
33150000.00000001 155.564 403.30799999999994 654.4420000000002
33174999.99999999 155.52800000000002 403.266 654.9089999999998
33200000.000000004 155.492 403.224 655.376
33225000.000000015 155.456 403.18199999999996 655.8430000000003
33249999.999999993 155.42000000000002 403.14 656.3099999999998
33275000.000000007 155.384 403.09799999999996 656.777
33300000.00000002 155.34799999999998 403.0559999999999 657.2440000000004
33324999.999999996 155.312 403.014 657.7109999999999
33350000.000000007 155.27599999999998 402.972 658.1780000000001
33375000.000000022 155.23999999999998 402.92999999999995 658.6450000000003
33400000.0 155.204 402.888 659.112
33425000.00000001 155.16799999999998 402.84599999999995 659.5790000000002
33449999.99999999 155.132 402.804 660.0459999999997
33475000.0 155.096 402.762 660.513
33500000.000000015 155.05999999999997 402.71999999999997 660.9800000000002
33524999.999999993 155.024 402.678 661.4469999999998
33550000.000000004 154.988 402.63599999999997 661.9140000000001
33575000.000000015 154.95199999999997 402.59399999999994 662.3810000000003
33599999.99999999 154.916 402.55199999999996 662.8479999999998
33625000.00000001 154.88 402.51 663.315
33650000.00000002 154.84399999999997 402.46799999999996 663.7820000000004
33675000.0 154.808 402.426 664.2489999999999
33700000.00000001 154.772 402.38399999999996 664.7160000000001
33724999.999999985 154.73600000000002 402.342 665.1829999999998
33750000.0 154.7 402.29999999999995 665.65
33775000.000000015 154.664 402.258 666.1170000000002
33799999.99999999 154.62800000000001 402.216 666.5839999999998
33825000.0 154.592 402.174 667.051
33850000.000000015 154.55599999999998 402.13199999999995 667.5180000000003
33874999.99999999 154.52 402.09 667.9849999999999
33900000.00000001 154.484 402.048 668.4520000000001
33925000.000000015 154.44799999999998 402.006 668.9190000000003
33949999.99999999 154.412 401.964 669.3859999999999
33975000.00000001 154.376 401.92199999999997 669.8530000000002
34000000.00000002 154.33999999999997 401.87999999999994 670.3200000000004
34025000.0 154.304 401.83799999999997 670.7869999999999
34050000.000000015 154.268 401.796 671.2540000000002
34074999.999999985 154.23200000000003 401.754 671.7209999999998
34100000.0 154.196 401.712 672.188
34125000.000000015 154.16 401.66999999999996 672.6550000000002
34149999.99999999 154.12400000000002 401.628 673.1219999999998
34175000.00000001 154.088 401.58599999999996 673.589
34200000.000000015 154.052 401.544 674.0560000000003
34224999.99999999 154.01600000000002 401.502 674.5229999999999
34250000.00000001 153.98 401.46 674.9900000000001
34275000.00000002 153.944 401.41799999999995 675.4570000000003
34300000.0 153.90800000000002 401.376 675.924
34325000.00000001 153.87199999999999 401.33399999999995 676.3910000000002
34349999.999999985 153.836 401.29200000000003 676.8579999999997
34375000.0 153.8 401.25 677.325
34400000.000000015 153.76399999999998 401.20799999999997 677.7920000000003
34424999.99999999 153.728 401.166 678.2589999999998
34450000.0 153.692 401.12399999999997 678.726
34475000.000000015 153.65599999999998 401.08199999999994 679.1930000000003
34499999.99999999 153.62 401.04 679.6599999999999
34525000.00000001 153.584 400.998 680.1270000000001
34550000.000000015 153.54799999999997 400.95599999999996 680.5940000000003
34574999.99999999 153.512 400.914 681.0609999999999
34600000.00000001 153.476 400.87199999999996 681.5280000000001
34625000.00000002 153.43999999999997 400.8299999999999 681.9950000000003
34650000.0 153.404 400.788 682.462
34675000.000000015 153.368 400.746 682.9290000000002
34699999.999999985 153.33200000000002 400.704 683.3959999999997
34725000.0 153.296 400.662 683.863
34750000.000000015 153.26 400.61999999999995 684.3300000000003
34774999.99999999 153.22400000000002 400.578 684.7969999999998
34800000.00000001 153.188 400.536 685.2640000000001
34825000.000000015 153.152 400.49399999999997 685.7310000000003
34849999.99999999 153.116 400.452 686.1979999999999
34875000.00000001 153.07999999999998 400.40999999999997 686.6650000000001
34900000.00000002 153.04399999999998 400.36799999999994 687.1320000000004
34925000.0 153.008 400.326 687.5989999999999
34950000.00000001 152.97199999999998 400.284 688.0660000000001
34974999.999999985 152.93600000000004 400.242 688.5329999999998
35000000.0 152.9 400.2 689.0
35025000.000000015 152.85799999999998 400.157 689.4630000000002
35049999.99999999 152.81600000000003 400.11400000000003 689.9259999999998
35075000.0 152.774 400.07099999999997 690.389
35100000.000000015 152.73199999999997 400.02799999999996 690.8520000000003
35124999.99999999 152.69000000000003 399.985 691.3149999999998
35150000.00000001 152.648 399.94199999999995 691.7780000000001
35175000.000000015 152.60599999999997 399.89899999999994 692.2410000000003
35199999.99999999 152.56400000000002 399.856 692.704
35225000.00000001 152.522 399.813 693.1670000000001
35250000.00000002 152.47999999999996 399.7699999999999 693.6300000000003
35275000.0 152.43800000000002 399.727 694.093
35300000.000000015 152.396 399.68399999999997 694.5560000000002
35324999.999999985 152.354 399.641 695.0189999999998
35350000.0 152.312 399.59799999999996 695.482
35375000.000000015 152.26999999999998 399.55499999999995 695.9450000000003
35399999.99999999 152.228 399.512 696.4079999999998
35425000.00000001 152.186 399.469 696.8710000000001
35450000.000000015 152.14399999999998 399.42599999999993 697.3340000000003
35474999.99999999 152.102 399.383 697.7969999999999
35500000.00000001 152.06 399.34 698.2600000000001
35525000.00000002 152.01799999999997 399.29699999999997 698.7230000000004
35550000.0 151.976 399.254 699.1859999999999
35575000.00000001 151.934 399.21099999999996 699.6490000000002
35599999.999999985 151.89200000000002 399.168 700.1119999999997
35625000.0 151.85 399.125 700.575
35650000.000000015 151.808 399.08199999999994 701.0380000000002
35674999.99999999 151.76600000000002 399.039 701.5009999999997
35700000.0 151.724 398.996 701.964
35725000.000000015 151.682 398.953 702.4270000000002
35749999.99999999 151.64000000000001 398.91 702.8899999999999
35775000.00000001 151.59799999999998 398.86699999999996 703.3530000000001
35800000.000000015 151.55599999999998 398.82399999999996 703.8160000000004
35824999.99999999 151.514 398.781 704.2789999999999
35850000.00000001 151.47199999999998 398.73799999999994 704.7420000000002
35875000.00000002 151.42999999999995 398.69499999999994 705.2050000000004
35900000.0 151.388 398.652 705.668
35925000.000000015 151.34599999999998 398.609 706.1310000000002
35949999.999999985 151.30400000000003 398.56600000000003 706.5939999999998
35975000.0 151.262 398.52299999999997 707.057
36000000.000000015 151.21999999999997 398.47999999999996 707.5200000000002
36024999.99999999 151.17800000000003 398.437 707.9829999999998
36050000.00000001 151.136 398.39399999999995 708.446
36075000.000000015 151.09399999999997 398.35099999999994 708.9090000000003
36099999.99999999 151.05200000000002 398.308 709.3719999999998
36125000.00000001 151.01 398.265 709.8350000000002
36150000.00000002 150.96799999999996 398.2219999999999 710.2980000000003
36175000.0 150.92600000000002 398.179 710.761
36200000.00000001 150.884 398.13599999999997 711.2240000000002
36224999.999999985 150.842 398.093 711.6869999999998
36250000.0 150.8 398.04999999999995 712.15
36275000.000000015 150.75799999999998 398.00699999999995 712.6130000000002
36299999.99999999 150.716 397.964 713.0759999999998
36325000.0 150.67399999999998 397.921 713.539
36350000.000000015 150.63199999999998 397.87799999999993 714.0020000000003
36374999.99999999 150.59 397.835 714.4649999999998
36400000.00000001 150.54799999999997 397.792 714.9280000000001
36425000.000000015 150.50599999999997 397.74899999999997 715.3910000000003
36449999.99999999 150.464 397.706 715.8539999999999
36475000.00000001 150.42199999999997 397.66299999999995 716.3170000000001
36500000.00000002 150.37999999999997 397.61999999999995 716.7800000000003
36525000.0 150.338 397.577 717.2429999999999
36550000.000000015 150.29599999999996 397.53399999999993 717.7060000000001
36574999.999999985 150.25400000000002 397.491 718.1689999999998
36600000.0 150.212 397.448 718.632
36625000.000000015 150.16999999999996 397.405 719.0950000000003
36649999.99999999 150.12800000000001 397.362 719.5579999999998
36675000.00000001 150.08599999999998 397.31899999999996 720.0210000000001
36700000.000000015 150.04399999999995 397.27599999999995 720.4840000000003
36724999.99999999 150.002 397.233 720.9469999999999
36750000.00000001 149.95999999999998 397.18999999999994 721.4100000000001
36775000.00000002 149.91799999999995 397.14699999999993 721.8730000000004
36800000.0 149.876 397.104 722.3359999999999
36825000.00000001 149.83399999999997 397.061 722.7990000000002
36849999.999999985 149.792 397.01800000000003 723.2619999999997
36875000.0 149.75 396.97499999999997 723.7249999999999
36900000.000000015 149.70799999999997 396.93199999999996 724.1880000000002
36924999.99999999 149.666 396.889 724.6509999999998
36950000.0 149.624 396.84599999999995 725.114
36975000.000000015 149.58199999999997 396.80299999999994 725.5770000000002
36999999.99999999 149.54 396.76 726.0399999999998
37025000.00000001 149.498 396.717 726.503
37050000.000000015 149.45599999999996 396.6739999999999 726.9660000000003
37074999.99999999 149.414 396.631 727.4289999999999
37100000.00000001 149.37199999999999 396.58799999999997 727.8920000000002
37125000.00000002 149.32999999999996 396.54499999999996 728.3550000000004
37150000.0 149.28799999999998 396.50199999999995 728.818
37175000.000000015 149.24599999999998 396.45899999999995 729.2810000000002
37199999.999999985 149.204 396.416 729.7439999999998
37225000.0 149.16199999999998 396.373 730.207
37250000.000000015 149.11999999999998 396.3299999999999 730.6700000000002
37274999.99999999 149.078 396.287 731.1329999999998
37300000.00000001 149.03599999999997 396.24399999999997 731.596
37325000.000000015 148.99399999999997 396.20099999999996 732.0590000000003
37349999.99999999 148.952 396.158 732.5219999999998
37375000.00000001 148.90999999999997 396.11499999999995 732.9850000000001
37400000.00000002 148.86799999999997 396.07199999999995 733.4480000000003
37425000.0 148.826 396.029 733.911
37450000.00000001 148.78399999999996 395.98599999999993 734.3740000000001
37474999.999999985 148.74200000000002 395.943 734.8369999999998
37500000.0 148.7 395.9 735.3
37525000.000000015 148.65899999999996 395.85699999999997 735.7570000000002
37549999.99999999 148.618 395.814 736.2139999999998
37575000.0 148.577 395.77099999999996 736.671
37600000.000000015 148.53599999999997 395.72799999999995 737.1280000000003
37624999.99999999 148.495 395.685 737.5849999999998
37650000.00000001 148.45399999999998 395.642 738.042
37675000.000000015 148.41299999999995 395.59899999999993 738.4990000000003
37699999.99999999 148.37199999999999 395.556 738.9559999999999
37725000.00000001 148.331 395.513 739.4130000000001
37750000.00000002 148.28999999999996 395.46999999999997 739.8700000000003
37775000.0 148.249 395.42699999999996 740.3269999999999
37800000.000000015 148.20799999999997 395.38399999999996 740.7840000000002
37824999.999999985 148.167 395.341 741.2409999999998
37850000.0 148.12599999999998 395.298 741.698
37875000.000000015 148.08499999999998 395.25499999999994 742.1550000000002
37899999.99999999 148.044 395.212 742.6119999999999
37925000.00000001 148.003 395.169 743.0690000000001
37950000.000000015 147.96199999999996 395.126 743.5260000000003
37974999.99999999 147.921 395.08299999999997 743.9829999999998
38000000.00000001 147.87999999999997 395.03999999999996 744.44
38025000.00000002 147.83899999999997 394.99699999999996 744.8970000000003
38050000.0 147.798 394.954 745.3539999999999
38075000.00000001 147.75699999999998 394.91099999999994 745.8110000000001
38099999.999999985 147.716 394.868 746.2679999999997
38125000.0 147.67499999999998 394.825 746.7249999999999
38150000.000000015 147.63399999999996 394.782 747.1820000000002
38174999.99999999 147.59300000000002 394.73900000000003 747.6389999999998
38200000.0 147.552 394.69599999999997 748.096
38225000.000000015 147.51099999999997 394.65299999999996 748.5530000000002
38249999.99999999 147.47 394.61 749.0099999999999
38275000.00000001 147.42899999999997 394.567 749.4670000000001
38300000.000000015 147.38799999999995 394.52399999999994 749.9240000000003
38324999.99999999 147.347 394.481 750.3809999999999
38350000.00000001 147.30599999999998 394.438 750.8380000000001
38375000.00000002 147.26499999999996 394.395 751.2950000000004
38400000.0 147.224 394.352 751.752
38425000.000000015 147.18299999999996 394.30899999999997 752.2090000000002
38449999.999999985 147.142 394.266 752.6659999999997
38475000.0 147.101 394.223 753.123
38500000.000000015 147.05999999999997 394.17999999999995 753.5800000000003
38524999.99999999 147.019 394.137 754.0369999999998
38550000.00000001 146.97799999999998 394.094 754.494
38575000.000000015 146.93699999999995 394.051 754.9510000000002
38599999.99999999 146.896 394.008 755.4079999999999
38625000.00000001 146.855 393.965 755.8650000000001
38650000.00000002 146.81399999999996 393.92199999999997 756.3220000000003
38675000.0 146.773 393.879 756.7789999999999
38700000.00000001 146.73199999999997 393.83599999999996 757.2360000000001
38724999.999999985 146.691 393.793 757.6929999999998
38750000.0 146.64999999999998 393.75 758.15
38775000.000000015 146.60899999999998 393.707 758.6070000000002
38799999.99999999 146.568 393.66400000000004 759.0639999999999
38825000.0 146.527 393.621 759.5210000000001
38850000.000000015 146.48599999999996 393.578 759.9780000000003
38874999.99999999 146.445 393.535 760.4349999999998
38900000.00000001 146.404 393.492 760.892
38925000.000000015 146.36299999999997 393.44899999999996 761.3490000000003
38949999.99999999 146.322 393.406 761.8059999999999
38975000.00000001 146.28099999999998 393.363 762.2630000000001
39000000.00000002 146.23999999999995 393.32 762.7200000000004
39025000.0 146.19899999999998 393.277 763.1769999999999
39050000.000000015 146.158 393.234 763.6340000000002
39074999.999999985 146.11700000000002 393.19100000000003 764.0909999999998
39100000.0 146.076 393.148 764.548
39125000.000000015 146.03499999999997 393.10499999999996 765.0050000000002
39149999.99999999 145.994 393.062 765.4619999999999
39175000.00000001 145.95299999999997 393.019 765.9190000000001
39200000.000000015 145.91199999999998 392.976 766.3760000000003
39224999.99999999 145.871 392.933 766.8329999999999
39250000.00000001 145.82999999999998 392.89 767.2900000000001
39275000.00000002 145.78899999999996 392.847 767.7470000000003
39300000.0 145.748 392.80400000000003 768.204
39325000.00000001 145.70699999999997 392.76099999999997 768.6610000000002
39349999.999999985 145.66600000000003 392.718 769.1179999999997
39375000.0 145.625 392.675 769.575
39400000.000000015 145.58399999999997 392.632 770.0320000000003
39424999.99999999 145.543 392.58900000000006 770.4889999999998
39450000.0 145.50199999999998 392.546 770.946
39475000.000000015 145.46099999999996 392.503 771.4030000000002
39499999.99999999 145.42000000000002 392.46000000000004 771.8599999999999
39525000.00000001 145.379 392.41700000000003 772.3170000000001
39550000.000000015 145.33799999999997 392.37399999999997 772.7740000000003
39574999.99999999 145.297 392.331 773.2309999999999
39600000.00000001 145.25599999999997 392.288 773.6880000000001
39625000.00000002 145.21499999999995 392.245 774.1450000000004
39650000.0 145.174 392.202 774.602
39675000.000000015 145.13299999999998 392.159 775.0590000000002
39699999.999999985 145.092 392.11600000000004 775.5159999999997
39725000.0 145.051 392.07300000000004 775.9730000000001
39750000.000000015 145.00999999999996 392.03 776.4300000000003
39774999.99999999 144.969 391.987 776.8869999999998
39800000.00000001 144.928 391.944 777.344
39825000.000000015 144.88699999999997 391.901 777.8010000000003
39849999.99999999 144.846 391.858 778.2579999999999
39875000.00000001 144.80499999999998 391.815 778.7150000000001
39900000.00000002 144.76399999999995 391.772 779.1720000000004
39925000.0 144.723 391.72900000000004 779.6289999999999
39950000.00000001 144.682 391.686 780.0860000000002
39974999.999999985 144.64100000000002 391.64300000000003 780.5429999999998
40000000.0 144.6 391.6 781.0
40050000.00000002 144.52699999999996 391.512 781.8860000000004
40099999.99999998 144.45400000000004 391.42400000000004 782.7719999999996
40150000.00000001 144.381 391.336 783.6580000000001
40200000.00000003 144.30799999999994 391.248 784.5440000000006
40249999.999999985 144.235 391.16 785.4299999999997
40300000.000000015 144.16199999999998 391.072 786.3160000000003
40350000.00000004 144.08899999999994 390.984 787.2020000000007
40399999.99999999 144.01600000000002 390.896 788.0879999999999
40450000.000000015 143.94299999999998 390.808 788.9740000000003
40500000.000000045 143.86999999999995 390.71999999999997 789.8600000000008
40550000.0 143.797 390.632 790.746
40600000.00000002 143.72399999999996 390.544 791.6320000000004
40649999.99999998 143.65100000000004 390.4560000000001 792.5179999999996
40700000.0 143.578 390.368 793.404
40750000.00000003 143.50499999999997 390.28 794.2900000000005
40799999.999999985 143.43200000000002 390.19200000000006 795.1759999999997
40850000.00000001 143.35899999999998 390.104 796.0620000000001
40900000.00000004 143.28599999999994 390.01599999999996 796.9480000000007
40949999.999999985 143.21300000000002 389.92800000000005 797.8339999999998
41000000.000000015 143.14 389.84 798.7200000000003
41050000.00000004 143.06699999999995 389.75199999999995 799.6060000000007
41099999.99999999 142.994 389.66400000000004 800.492
41150000.00000002 142.92099999999996 389.57599999999996 801.3780000000004
41199999.99999998 142.84800000000004 389.48800000000006 802.2639999999996
41250000.0 142.775 389.40000000000003 803.15
41300000.00000002 142.70199999999997 389.31199999999995 804.0360000000005
41349999.99999998 142.62900000000002 389.22400000000005 804.9219999999997
41400000.00000001 142.55599999999998 389.136 805.8080000000001
41450000.00000003 142.48299999999995 389.04799999999994 806.6940000000005
41499999.999999985 142.41000000000003 388.96000000000004 807.5799999999997
41550000.000000015 142.337 388.872 808.4660000000002
41600000.00000004 142.26399999999995 388.78399999999993 809.3520000000007
41649999.99999999 142.191 388.696 810.2379999999998
41700000.000000015 142.11799999999997 388.608 811.1240000000004
41750000.000000045 142.04499999999993 388.5199999999999 812.0100000000008
41800000.0 141.972 388.432 812.896
41850000.00000002 141.89899999999997 388.344 813.7820000000004
41899999.99999998 141.82600000000002 388.2560000000001 814.6679999999997
41950000.0 141.753 388.168 815.5540000000001
42000000.00000003 141.67999999999995 388.08 816.4400000000005
42049999.999999985 141.60700000000003 387.9920000000001 817.3259999999997
42100000.00000001 141.534 387.904 818.2120000000002
42150000.00000004 141.46099999999996 387.816 819.0980000000006
42199999.999999985 141.388 387.72800000000007 819.9839999999998
42250000.000000015 141.31499999999997 387.64 820.8700000000002
42300000.00000004 141.24199999999993 387.55199999999996 821.7560000000008
42349999.99999999 141.169 387.46400000000006 822.6419999999999
42400000.00000002 141.09599999999998 387.376 823.5280000000004
42449999.99999998 141.02300000000005 387.28800000000007 824.4139999999995
42500000.0 140.95 387.20000000000005 825.3
42550000.00000002 140.87699999999995 387.11199999999997 826.1860000000005
42599999.99999998 140.80400000000003 387.02400000000006 827.0719999999997
42650000.00000001 140.731 386.93600000000004 827.9580000000001
42700000.00000003 140.65799999999996 386.84799999999996 828.8440000000006
42749999.999999985 140.58500000000004 386.76000000000005 829.7299999999998
42800000.000000015 140.512 386.67199999999997 830.6160000000002
42850000.00000004 140.43899999999996 386.58399999999995 831.5020000000006
42899999.99999999 140.366 386.49600000000004 832.3879999999999
42950000.000000015 140.29299999999998 386.40799999999996 833.2740000000003
43000000.000000045 140.21999999999994 386.31999999999994 834.1600000000008
43050000.0 140.14700000000002 386.232 835.0459999999999
43100000.00000002 140.07399999999998 386.14399999999995 835.9320000000005
43149999.99999998 140.00100000000003 386.05600000000004 836.8179999999996
43200000.0 139.928 385.968 837.7040000000001
43250000.00000003 139.85499999999996 385.87999999999994 838.5900000000005
43299999.999999985 139.78200000000004 385.79200000000003 839.4759999999997
43350000.00000001 139.709 385.704 840.3620000000002
43400000.00000004 139.63599999999997 385.61599999999993 841.2480000000006
43449999.999999985 139.56300000000002 385.528 842.1339999999998
43500000.000000015 139.48999999999998 385.44 843.0200000000002
43550000.00000004 139.41699999999994 385.3519999999999 843.9060000000007
43599999.99999999 139.34400000000002 385.264 844.7919999999999
43650000.00000002 139.271 385.176 845.6780000000003
43700000.000000045 139.19799999999995 385.0879999999999 846.5640000000008
43750000.0 139.125 385.0 847.45
43800000.00000002 139.05199999999996 384.912 848.3360000000005
43849999.99999998 138.97900000000004 384.82400000000007 849.2219999999996
43900000.00000001 138.906 384.736 850.1080000000002
43950000.00000003 138.83299999999997 384.64799999999997 850.9940000000006
43999999.999999985 138.76000000000002 384.56000000000006 851.8799999999998
44050000.000000015 138.68699999999998 384.472 852.7660000000002
44100000.00000004 138.61399999999995 384.38399999999996 853.6520000000007
44149999.99999999 138.54100000000003 384.29600000000005 854.5379999999999
44200000.000000015 138.468 384.20799999999997 855.4240000000003
44250000.000000045 138.39499999999995 384.11999999999995 856.3100000000007
44300000.0 138.322 384.03200000000004 857.1959999999999
44350000.00000002 138.24899999999997 383.94399999999996 858.0820000000004
44399999.99999998 138.17600000000004 383.85600000000005 858.9679999999996
44450000.0 138.103 383.76800000000003 859.854
44500000.00000003 138.02999999999997 383.67999999999995 860.7400000000005
44549999.999999985 137.95700000000002 383.59200000000004 861.6259999999997
44600000.00000001 137.884 383.504 862.5120000000002
44650000.00000004 137.81099999999995 383.41599999999994 863.3980000000006
44699999.999999985 137.73800000000003 383.32800000000003 864.2839999999999
44750000.000000015 137.665 383.24 865.1700000000003
44800000.00000004 137.59199999999996 383.15199999999993 866.0560000000007
44849999.99999999 137.519 383.064 866.9419999999999
44900000.00000002 137.44599999999997 382.976 867.8280000000004
44950000.000000045 137.37299999999993 382.8879999999999 868.7140000000009
45000000.0 137.3 382.8 869.6
45050000.00000002 137.23399999999998 382.71299999999997 870.4390000000004
45099999.99999998 137.16800000000003 382.62600000000003 871.2779999999997
45150000.00000001 137.102 382.539 872.1170000000001
45200000.00000003 137.03599999999997 382.45199999999994 872.9560000000006
45249999.999999985 136.97000000000003 382.365 873.7949999999997
45300000.000000015 136.904 382.278 874.6340000000002
45350000.00000004 136.83799999999997 382.191 875.4730000000006
45399999.99999999 136.77200000000002 382.10400000000004 876.3119999999999
45450000.000000015 136.706 382.017 877.1510000000003
45500000.000000045 136.63999999999996 381.92999999999995 877.9900000000007
45550000.0 136.574 381.843 878.829
45600000.00000002 136.50799999999998 381.756 879.6680000000003
45649999.99999998 136.44200000000004 381.66900000000004 880.5069999999996
45700000.0 136.376 381.582 881.3460000000001
45750000.00000003 136.30999999999997 381.49499999999995 882.1850000000005
45799999.999999985 136.24400000000003 381.408 883.0239999999998
45850000.00000001 136.178 381.321 883.8630000000002
45900000.00000004 136.11199999999997 381.234 884.7020000000006
45949999.999999985 136.04600000000002 381.14700000000005 885.5409999999998
46000000.000000015 135.98 381.06 886.3800000000002
46050000.00000004 135.91399999999996 380.97299999999996 887.2190000000007
46099999.99999999 135.848 380.886 888.0579999999999
46150000.00000002 135.78199999999998 380.799 888.8970000000004
46200000.000000045 135.71599999999995 380.71199999999993 889.7360000000008
46250000.0 135.65 380.625 890.575
46300000.00000002 135.58399999999997 380.53799999999995 891.4140000000004
46349999.99999998 135.51800000000003 380.451 892.2529999999997
46400000.00000001 135.452 380.36400000000003 893.0920000000001
46450000.00000003 135.38599999999997 380.277 893.9310000000005
46499999.999999985 135.32000000000002 380.19000000000005 894.7699999999998
46550000.000000015 135.254 380.103 895.6090000000002
46600000.00000004 135.18799999999996 380.01599999999996 896.4480000000007
46649999.99999999 135.122 379.92900000000003 897.2869999999999
46700000.000000015 135.05599999999998 379.842 898.1260000000003
46750000.000000045 134.98999999999995 379.75499999999994 898.9650000000007
46800000.0 134.924 379.668 899.804
46850000.00000002 134.85799999999998 379.58099999999996 900.6430000000004
46899999.99999998 134.79200000000003 379.494 901.4819999999996
46950000.0 134.726 379.40700000000004 902.321
47000000.00000003 134.65999999999997 379.32 903.1600000000005
47049999.999999985 134.59400000000002 379.23300000000006 903.9989999999997
47100000.00000001 134.528 379.146 904.8380000000002
47150000.00000004 134.46199999999996 379.05899999999997 905.6770000000006
47199999.999999985 134.39600000000002 378.97200000000004 906.5159999999998
47250000.000000015 134.32999999999998 378.885 907.3550000000002
47300000.00000004 134.26399999999995 378.79799999999994 908.1940000000006
47349999.99999999 134.198 378.711 909.0329999999999
47400000.00000002 134.13199999999998 378.62399999999997 909.8720000000003
47450000.000000045 134.06599999999995 378.5369999999999 910.7110000000008
47500000.0 134.0 378.45000000000005 911.55
47550000.00000002 133.93399999999997 378.363 912.3890000000005
47599999.99999998 133.86800000000002 378.27600000000007 913.2279999999997
47650000.00000001 133.802 378.189 914.0670000000001
47700000.00000003 133.73599999999996 378.102 914.9060000000005
47749999.999999985 133.67000000000002 378.01500000000004 915.7449999999998
47800000.000000015 133.60399999999998 377.928 916.5840000000002
47850000.00000004 133.53799999999995 377.84099999999995 917.4230000000007
47899999.99999999 133.472 377.754 918.2619999999998
47950000.000000015 133.40599999999998 377.667 919.1010000000003
48000000.000000045 133.33999999999995 377.5799999999999 919.9400000000007
48050000.0 133.274 377.49300000000005 920.779
48100000.00000002 133.20799999999997 377.406 921.6180000000004
48149999.99999998 133.14200000000002 377.3190000000001 922.4569999999997
48200000.0 133.076 377.232 923.296
48250000.00000003 133.00999999999996 377.145 924.1350000000004
48299999.999999985 132.94400000000002 377.05800000000005 924.9739999999997
48350000.00000001 132.878 376.971 925.8130000000001
48400000.00000004 132.81199999999995 376.88399999999996 926.6520000000006
48449999.999999985 132.746 376.797 927.4909999999998
48500000.000000015 132.67999999999998 376.71 928.3300000000003
48550000.00000004 132.61399999999995 376.62299999999993 929.1690000000007
48599999.99999999 132.548 376.53600000000006 930.0079999999999
48650000.00000002 132.48199999999997 376.449 930.8470000000003
48700000.000000045 132.41599999999994 376.36199999999997 931.6860000000007
48750000.0 132.35 376.27500000000003 932.525
48800000.00000002 132.28399999999996 376.188 933.3640000000005
48849999.99999998 132.21800000000002 376.10100000000006 934.2029999999996
48900000.00000001 132.152 376.014 935.0420000000001
48950000.00000003 132.08599999999996 375.92699999999996 935.8810000000005
48999999.999999985 132.02 375.84000000000003 936.7199999999998
49050000.000000015 131.95399999999998 375.753 937.5590000000002
49100000.00000004 131.88799999999995 375.66599999999994 938.3980000000006
49149999.99999999 131.822 375.579 939.2369999999999
49200000.000000015 131.75599999999997 375.492 940.0760000000002
49250000.000000045 131.68999999999994 375.405 940.9150000000008
49300000.0 131.624 375.31800000000004 941.7539999999999
49350000.00000002 131.55799999999996 375.231 942.5930000000004
49399999.99999998 131.49200000000002 375.14400000000006 943.4319999999996
49450000.0 131.426 375.057 944.2710000000001
49500000.00000003 131.35999999999996 374.96999999999997 945.1100000000005
49549999.999999985 131.294 374.88300000000004 945.9489999999997
49600000.00000001 131.22799999999998 374.796 946.7880000000001
49650000.00000004 131.16199999999995 374.70899999999995 947.6270000000006
49699999.999999985 131.096 374.62200000000007 948.4659999999998
49750000.000000015 131.02999999999997 374.53499999999997 949.3050000000003
49800000.00000004 130.96399999999994 374.448 950.1440000000007
49849999.99999999 130.898 374.36100000000005 950.983
49900000.00000002 130.83199999999997 374.274 951.8220000000003
49950000.000000045 130.76599999999993 374.18699999999995 952.6610000000007
50000000.0 130.7 374.1 953.5
50050000.00000002 130.63999999999996 374.015 954.2850000000004
50099999.99999998 130.58 373.93000000000006 955.0699999999997
50150000.00000001 130.51999999999998 373.845 955.8550000000001
50200000.00000003 130.45999999999995 373.76 956.6400000000004
50249999.999999985 130.4 373.67500000000007 957.4249999999997
50300000.000000015 130.33999999999997 373.59000000000003 958.2100000000002
50350000.00000004 130.27999999999994 373.50499999999994 958.9950000000006
50399999.99999999 130.22 373.42 959.7799999999999
50450000.000000015 130.15999999999997 373.335 960.5650000000003
50500000.000000045 130.09999999999994 373.24999999999994 961.3500000000007
50550000.0 130.04 373.165 962.135
50600000.00000002 129.97999999999996 373.08 962.9200000000003
50649999.99999998 129.92000000000002 372.99500000000006 963.7049999999997
50700000.0 129.85999999999999 372.91 964.49
50750000.00000003 129.79999999999995 372.825 965.2750000000004
50799999.999999985 129.74 372.74000000000007 966.0599999999997
50850000.00000001 129.67999999999998 372.65500000000003 966.8450000000001
50900000.00000004 129.61999999999995 372.56999999999994 967.6300000000006
50949999.999999985 129.56 372.485 968.4149999999998
51000000.000000015 129.49999999999997 372.4 969.2000000000003
51050000.00000004 129.43999999999994 372.31499999999994 969.9850000000006
51099999.99999999 129.38 372.23 970.7699999999999
51150000.00000002 129.31999999999996 372.145 971.5550000000003
51200000.000000045 129.25999999999993 372.05999999999995 972.3400000000007
51250000.0 129.2 371.975 973.125
51300000.00000002 129.13999999999996 371.89 973.9100000000004
51349999.99999998 129.08 371.80500000000006 974.6949999999997
51400000.00000001 129.01999999999998 371.72 975.4800000000001
51450000.00000003 128.95999999999995 371.635 976.2650000000004
51499999.999999985 128.9 371.55000000000007 977.0499999999997
51550000.000000015 128.83999999999997 371.46500000000003 977.8350000000002
51600000.00000004 128.77999999999994 371.37999999999994 978.6200000000006
51649999.99999999 128.72 371.295 979.4049999999999
51700000.000000015 128.65999999999997 371.21 980.1900000000003
51750000.000000045 128.59999999999994 371.12499999999994 980.9750000000007
51800000.0 128.54 371.04 981.76
51850000.00000002 128.47999999999996 370.955 982.5450000000003
51899999.99999998 128.42000000000002 370.87000000000006 983.3299999999997
51950000.0 128.35999999999999 370.785 984.115
52000000.00000003 128.29999999999995 370.7 984.9000000000004
52049999.999999985 128.24 370.61500000000007 985.6849999999997
52100000.00000001 128.17999999999998 370.53000000000003 986.4700000000001
52150000.00000004 128.11999999999995 370.44499999999994 987.2550000000006
52199999.999999985 128.06 370.36 988.0399999999998
52250000.000000015 127.99999999999997 370.275 988.8250000000003
52300000.00000004 127.93999999999994 370.18999999999994 989.6100000000006
52349999.99999999 127.88 370.105 990.3949999999999
52400000.00000002 127.81999999999996 370.02 991.1800000000003
52450000.000000045 127.75999999999993 369.93499999999995 991.9650000000007
52500000.0 127.69999999999999 369.85 992.75
52550000.00000002 127.63999999999996 369.765 993.5350000000004
52599999.99999998 127.58000000000003 369.68000000000006 994.3199999999997
52650000.00000001 127.52 369.595 995.1050000000001
52700000.00000003 127.45999999999997 369.51 995.8900000000004
52749999.999999985 127.40000000000002 369.42500000000007 996.6749999999997
52800000.000000015 127.33999999999999 369.34000000000003 997.4600000000002
52850000.00000004 127.27999999999996 369.25499999999994 998.2450000000006
52899999.99999999 127.22000000000001 369.17 999.0299999999999
52950000.000000015 127.15999999999998 369.085 999.8150000000003
53000000.000000045 127.09999999999995 368.99999999999994 1000.6000000000007
53050000.0 127.04 368.915 1001.385
53100000.00000002 126.97999999999998 368.83 1002.1700000000003
53149999.99999998 126.92000000000003 368.74500000000006 1002.9549999999997
53200000.0 126.86 368.66 1003.74
53250000.00000003 126.79999999999997 368.575 1004.5250000000004
53299999.999999985 126.74000000000002 368.49000000000007 1005.3099999999997
53350000.00000001 126.67999999999999 368.40500000000003 1006.0950000000001
53400000.00000004 126.61999999999996 368.31999999999994 1006.8800000000006
53449999.999999985 126.56000000000002 368.235 1007.6649999999998
53500000.000000015 126.49999999999999 368.15 1008.4500000000003
53550000.00000004 126.43999999999996 368.06499999999994 1009.2350000000006
53599999.99999999 126.38000000000001 367.98 1010.0199999999999
53650000.00000002 126.31999999999998 367.895 1010.8050000000003
53700000.000000045 126.25999999999995 367.80999999999995 1011.5900000000007
53750000.0 126.2 367.725 1012.375
53800000.00000002 126.13999999999997 367.64 1013.1600000000004
53849999.99999998 126.08000000000003 367.55500000000006 1013.9449999999997
53900000.00000001 126.02 367.47 1014.7300000000001
53950000.00000003 125.95999999999997 367.385 1015.5150000000004
53999999.999999985 125.90000000000002 367.30000000000007 1016.2999999999997
54050000.000000015 125.83999999999999 367.21500000000003 1017.0850000000002
54100000.00000004 125.77999999999996 367.12999999999994 1017.8700000000006
54149999.99999999 125.72000000000001 367.045 1018.6549999999999
54200000.000000015 125.65999999999998 366.96 1019.4400000000003
54250000.000000045 125.59999999999995 366.87499999999994 1020.2250000000007
54300000.0 125.54 366.79 1021.01
54350000.00000002 125.47999999999998 366.705 1021.7950000000003
54399999.99999998 125.42000000000003 366.62000000000006 1022.5799999999997
54450000.0 125.36 366.535 1023.365
54500000.00000003 125.29999999999997 366.45 1024.1500000000005
54549999.999999985 125.24000000000002 366.36500000000007 1024.9349999999997
54600000.00000001 125.17999999999999 366.28000000000003 1025.7200000000003
54650000.00000004 125.11999999999996 366.19499999999994 1026.5050000000006
54699999.999999985 125.06000000000002 366.11 1027.2899999999997
54750000.000000015 124.99999999999999 366.025 1028.0750000000003
54800000.00000004 124.93999999999996 365.93999999999994 1028.8600000000006
54849999.99999999 124.88000000000001 365.855 1029.645
54900000.00000002 124.81999999999998 365.77 1030.4300000000003
54950000.000000045 124.75999999999995 365.68499999999995 1031.2150000000006
55000000.0 124.7 365.6 1032.0
55050000.00000002 124.64599999999997 365.533 1032.7400000000005
55099999.99999998 124.59200000000003 365.46600000000007 1033.4799999999998
55150000.00000001 124.538 365.399 1034.22
55200000.00000003 124.48399999999997 365.332 1034.9600000000005
55249999.999999985 124.43000000000002 365.26500000000004 1035.6999999999998
55300000.000000015 124.37599999999999 365.198 1036.44
55350000.00000004 124.32199999999996 365.131 1037.1800000000005
55399999.99999999 124.26800000000001 365.064 1037.9199999999998
55450000.000000015 124.21399999999998 364.997 1038.6600000000003
55500000.000000045 124.15999999999995 364.92999999999995 1039.4000000000005
55550000.0 124.10600000000001 364.863 1040.1399999999999
55600000.00000002 124.05199999999998 364.796 1040.8800000000003
55649999.99999998 123.99800000000003 364.72900000000004 1041.6199999999997
55700000.0 123.944 364.66200000000003 1042.3600000000001
55750000.00000003 123.88999999999997 364.59499999999997 1043.1000000000004
55799999.999999985 123.83600000000003 364.528 1043.8399999999997
55850000.00000001 123.782 364.461 1044.5800000000002
55900000.00000004 123.72799999999997 364.39399999999995 1045.3200000000006
55949999.999999985 123.67400000000002 364.32700000000006 1046.06
56000000.000000015 123.61999999999999 364.26 1046.8000000000002
56050000.00000004 123.56599999999996 364.193 1047.5400000000006
56099999.99999999 123.51200000000001 364.12600000000003 1048.28
56150000.00000002 123.45799999999998 364.05899999999997 1049.0200000000002
56200000.000000045 123.40399999999995 363.99199999999996 1049.7600000000007
56250000.0 123.35 363.925 1050.5
56300000.00000002 123.29599999999998 363.858 1051.2400000000005
56349999.99999998 123.24200000000002 363.79100000000005 1051.9799999999998
56400000.00000001 123.18799999999999 363.724 1052.72
56450000.00000003 123.13399999999997 363.657 1053.4600000000005
56499999.999999985 123.08000000000001 363.59000000000003 1054.1999999999998
56550000.000000015 123.02599999999998 363.52299999999997 1054.94
56600000.00000004 122.97199999999997 363.45599999999996 1055.6800000000005
56649999.99999999 122.918 363.389 1056.4199999999998
56700000.000000015 122.86399999999998 363.322 1057.1600000000003
56750000.000000045 122.80999999999996 363.25499999999994 1057.9000000000005
56800000.0 122.756 363.188 1058.6399999999999
56850000.00000002 122.70199999999997 363.121 1059.3800000000003
56899999.99999998 122.64800000000002 363.05400000000003 1060.1199999999997
56950000.0 122.594 362.987 1060.8600000000001
57000000.00000003 122.53999999999996 362.91999999999996 1061.6000000000004
57049999.999999985 122.48600000000002 362.853 1062.3399999999997
57100000.00000001 122.43199999999999 362.786 1063.0800000000002
57150000.00000004 122.37799999999996 362.71899999999994 1063.8200000000006
57199999.999999985 122.32400000000001 362.65200000000004 1064.56
57250000.000000015 122.26999999999998 362.585 1065.3000000000002
57300000.00000004 122.21599999999995 362.518 1066.0400000000006
57349999.99999999 122.162 362.451 1066.78
57400000.00000002 122.10799999999998 362.38399999999996 1067.5200000000002
57450000.000000045 122.05399999999995 362.31699999999995 1068.2600000000007
57500000.0 122.0 362.25 1069.0
57550000.00000002 121.94599999999997 362.183 1069.7400000000005
57599999.99999998 121.89200000000002 362.11600000000004 1070.4799999999998
57650000.00000001 121.838 362.049 1071.22
57700000.00000003 121.78399999999996 361.98199999999997 1071.9600000000005
57749999.999999985 121.73000000000002 361.915 1072.6999999999998
57800000.000000015 121.67599999999999 361.84799999999996 1073.44
57850000.00000004 121.62199999999996 361.78099999999995 1074.1800000000005
57899999.99999999 121.56800000000001 361.714 1074.9199999999998
57950000.000000015 121.51399999999998 361.647 1075.6600000000003
58000000.000000045 121.45999999999995 361.5799999999999 1076.4000000000005
58050000.0 121.406 361.513 1077.1399999999999
58100000.00000002 121.35199999999998 361.44599999999997 1077.8800000000003
58149999.99999998 121.29800000000003 361.379 1078.6199999999997
58200000.0 121.244 361.312 1079.3600000000001
58250000.00000003 121.18999999999997 361.24499999999995 1080.1000000000004
58299999.999999985 121.13600000000002 361.178 1080.8399999999997
58350000.00000001 121.082 361.111 1081.5800000000002
58400000.00000004 121.02799999999996 361.0439999999999 1082.3200000000006
58449999.999999985 120.97400000000002 360.97700000000003 1083.06
58500000.000000015 120.91999999999999 360.90999999999997 1083.8000000000002
58550000.00000004 120.86599999999996 360.84299999999996 1084.5400000000006
58599999.99999999 120.81200000000001 360.776 1085.28
58650000.00000002 120.75799999999998 360.70899999999995 1086.0200000000002
58700000.000000045 120.70399999999995 360.64199999999994 1086.7600000000007
58750000.0 120.65 360.575 1087.5
58800000.00000002 120.59599999999998 360.508 1088.2400000000005
58849999.99999998 120.54200000000002 360.44100000000003 1088.9799999999998
58900000.00000001 120.488 360.37399999999997 1089.72
58950000.00000003 120.43399999999997 360.30699999999996 1090.4600000000005
58999999.999999985 120.38000000000001 360.24 1091.1999999999998
59050000.000000015 120.326 360.17299999999994 1091.94
59100000.00000004 120.27199999999996 360.10599999999994 1092.6800000000005
59149999.99999999 120.218 360.039 1093.4199999999998
59200000.000000015 120.16399999999997 359.972 1094.1600000000003
59250000.000000045 120.10999999999996 359.9049999999999 1094.9000000000005
59300000.0 120.056 359.83799999999997 1095.6399999999999
59350000.00000002 120.00199999999997 359.77099999999996 1096.3800000000003
59399999.99999998 119.94800000000002 359.704 1097.1199999999997
59450000.0 119.89399999999999 359.637 1097.8600000000001
59500000.00000003 119.83999999999996 359.56999999999994 1098.6000000000004
59549999.999999985 119.78600000000002 359.503 1099.3399999999997
59600000.00000001 119.73199999999999 359.436 1100.0800000000002
59650000.00000004 119.67799999999995 359.3689999999999 1100.8200000000006
59699999.999999985 119.62400000000001 359.302 1101.56
59750000.000000015 119.56999999999998 359.23499999999996 1102.3000000000002
59800000.00000004 119.51599999999995 359.16799999999995 1103.0400000000006
59849999.99999999 119.462 359.101 1103.78
59900000.00000002 119.40799999999997 359.03399999999993 1104.5200000000002
59950000.000000045 119.35399999999994 358.9669999999999 1105.2600000000007
60000000.0 119.3 358.9 1106.0
60050000.00000002 119.24999999999997 358.81499999999994 1106.6800000000003
60099999.99999998 119.20000000000002 358.73 1107.3599999999997
60150000.00000001 119.14999999999999 358.645 1108.04
60200000.00000003 119.09999999999997 358.55999999999995 1108.7200000000005
60249999.999999985 119.05000000000001 358.475 1109.3999999999999
60300000.000000015 118.99999999999999 358.39 1110.0800000000002
60350000.00000004 118.94999999999996 358.3049999999999 1110.7600000000004
60399999.99999999 118.9 358.21999999999997 1111.4399999999998
60450000.000000015 118.84999999999998 358.13499999999993 1112.1200000000003
60500000.000000045 118.79999999999995 358.0499999999999 1112.8000000000006
60550000.0 118.75 357.965 1113.48
60600000.00000002 118.69999999999997 357.87999999999994 1114.1600000000003
60649999.99999998 118.65000000000002 357.795 1114.8399999999997
60700000.0 118.6 357.71 1115.52
60750000.00000003 118.54999999999997 357.62499999999994 1116.2000000000003
60799999.999999985 118.50000000000001 357.54 1116.8799999999997
60850000.00000001 118.44999999999999 357.455 1117.5600000000002
60900000.00000004 118.39999999999996 357.3699999999999 1118.2400000000005
60949999.999999985 118.35000000000001 357.28499999999997 1118.9199999999998
61000000.000000015 118.29999999999998 357.19999999999993 1119.6000000000001
61050000.00000004 118.24999999999996 357.1149999999999 1120.2800000000007
61099999.99999999 118.2 357.03 1120.96
61150000.00000002 118.14999999999998 356.94499999999994 1121.6400000000003
61200000.000000045 118.09999999999995 356.8599999999999 1122.3200000000006
61250000.0 118.05 356.775 1123.0
61300000.00000002 117.99999999999997 356.68999999999994 1123.6800000000003
61349999.99999998 117.95000000000002 356.605 1124.3599999999997
61400000.00000001 117.89999999999999 356.52 1125.04
61450000.00000003 117.84999999999997 356.43499999999995 1125.7200000000005
61499999.999999985 117.80000000000001 356.35 1126.3999999999999
61550000.000000015 117.74999999999999 356.265 1127.0800000000002
61600000.00000004 117.69999999999996 356.1799999999999 1127.7600000000004
61649999.99999999 117.65 356.09499999999997 1128.4399999999998
61700000.000000015 117.59999999999998 356.00999999999993 1129.1200000000003
61750000.000000045 117.54999999999995 355.9249999999999 1129.8000000000006
61800000.0 117.5 355.84 1130.48
61850000.00000002 117.44999999999997 355.75499999999994 1131.1600000000003
61899999.99999998 117.40000000000002 355.67 1131.8399999999997
61950000.0 117.35 355.585 1132.52
62000000.00000003 117.29999999999997 355.49999999999994 1133.2000000000003
62049999.999999985 117.25000000000001 355.415 1133.8799999999997
62100000.00000001 117.19999999999999 355.33 1134.5600000000002
62150000.00000004 117.14999999999996 355.2449999999999 1135.2400000000005
62199999.999999985 117.10000000000001 355.15999999999997 1135.9199999999998
62250000.000000015 117.04999999999998 355.07499999999993 1136.6000000000001
62300000.00000004 116.99999999999996 354.9899999999999 1137.2800000000007
62349999.99999999 116.95 354.905 1137.96
62400000.00000002 116.89999999999998 354.81999999999994 1138.6400000000003
62450000.000000045 116.84999999999995 354.7349999999999 1139.3200000000006
62500000.0 116.8 354.65 1140.0
62550000.00000002 116.74999999999997 354.56499999999994 1140.6800000000003
62599999.99999998 116.70000000000002 354.48 1141.3599999999997
62650000.00000001 116.64999999999999 354.395 1142.04
62700000.00000003 116.59999999999997 354.30999999999995 1142.7200000000005
62749999.999999985 116.55000000000001 354.225 1143.3999999999999
62800000.000000015 116.49999999999999 354.14 1144.0800000000002
62850000.00000004 116.44999999999996 354.0549999999999 1144.7600000000004
62899999.99999999 116.4 353.96999999999997 1145.4399999999998
62950000.000000015 116.34999999999998 353.88499999999993 1146.1200000000003
63000000.000000045 116.29999999999995 353.7999999999999 1146.8000000000006
63050000.0 116.25 353.715 1147.48
63100000.00000002 116.19999999999997 353.62999999999994 1148.1600000000003
63149999.99999998 116.15000000000002 353.545 1148.8399999999997
63200000.0 116.1 353.46 1149.52
63250000.00000003 116.04999999999997 353.37499999999994 1150.2000000000003
63299999.999999985 116.00000000000001 353.29 1150.8799999999997
63350000.00000001 115.94999999999999 353.205 1151.5600000000002
63400000.00000004 115.89999999999996 353.1199999999999 1152.2400000000005
63449999.999999985 115.85000000000001 353.03499999999997 1152.9199999999998
63500000.000000015 115.79999999999998 352.94999999999993 1153.6000000000001
63550000.00000004 115.74999999999996 352.8649999999999 1154.2800000000007
63599999.99999999 115.7 352.78 1154.96
63650000.00000002 115.64999999999998 352.69499999999994 1155.6400000000003
63700000.000000045 115.59999999999995 352.6099999999999 1156.3200000000006
63750000.0 115.55 352.525 1157.0
63800000.00000002 115.49999999999997 352.43999999999994 1157.6800000000003
63849999.99999998 115.45000000000002 352.355 1158.3599999999997
63900000.00000001 115.39999999999999 352.27 1159.04
63950000.00000003 115.34999999999997 352.18499999999995 1159.7200000000005
63999999.999999985 115.30000000000001 352.1 1160.3999999999999
64050000.000000015 115.24999999999999 352.015 1161.0800000000002
64100000.00000004 115.19999999999996 351.9299999999999 1161.7600000000004
64149999.99999999 115.15 351.84499999999997 1162.4399999999998
64200000.000000015 115.09999999999998 351.75999999999993 1163.1200000000003
64250000.000000045 115.04999999999995 351.6749999999999 1163.8000000000006
64300000.0 115.0 351.59 1164.48
64350000.00000002 114.94999999999997 351.50499999999994 1165.1600000000003
64399999.99999998 114.90000000000002 351.42 1165.8399999999997
64450000.0 114.85 351.335 1166.52
64500000.00000003 114.79999999999997 351.24999999999994 1167.2000000000003
64549999.999999985 114.75000000000001 351.165 1167.8799999999997
64600000.00000001 114.69999999999999 351.08 1168.5600000000002
64650000.00000004 114.64999999999996 350.9949999999999 1169.2400000000005
64699999.999999985 114.60000000000001 350.90999999999997 1169.9199999999998
64750000.000000015 114.54999999999998 350.82499999999993 1170.6000000000001
64800000.00000004 114.49999999999996 350.7399999999999 1171.2800000000007
64849999.99999999 114.45 350.655 1171.96
64900000.00000002 114.39999999999998 350.56999999999994 1172.6400000000003
64950000.000000045 114.34999999999995 350.4849999999999 1173.3200000000006
65000000.0 114.3 350.4 1174.0
65050000.00000002 114.25399999999998 350.3089999999999 1174.6400000000003
65099999.99999998 114.20800000000001 350.218 1175.2799999999997
65150000.00000001 114.16199999999999 350.12699999999995 1175.92
65200000.00000003 114.11599999999997 350.03599999999994 1176.5600000000004
65249999.999999985 114.07000000000001 349.945 1177.1999999999998
65300000.000000015 114.02399999999999 349.854 1177.8400000000001
65350000.00000004 113.97799999999997 349.7629999999999 1178.4800000000005
65399999.99999999 113.932 349.67199999999997 1179.12
65450000.000000015 113.88599999999998 349.58099999999996 1179.7600000000002
65500000.000000045 113.83999999999996 349.4899999999999 1180.4000000000005
65550000.0 113.794 349.399 1181.04
65600000.00000002 113.74799999999998 349.30799999999994 1181.6800000000003
65649999.99999998 113.70200000000001 349.21700000000004 1182.3199999999997
65700000.0 113.65599999999999 349.126 1182.96
65750000.00000003 113.60999999999997 349.0349999999999 1183.6000000000004
65799999.999999985 113.56400000000001 348.944 1184.2399999999998
65850000.00000001 113.51799999999999 348.85299999999995 1184.88
65900000.00000004 113.47199999999997 348.76199999999994 1185.5200000000004
65949999.999999985 113.426 348.671 1186.1599999999999
66000000.000000015 113.37999999999998 348.58 1186.8000000000002
66050000.00000004 113.33399999999996 348.4889999999999 1187.4400000000005
66099999.99999999 113.288 348.39799999999997 1188.08
66150000.00000002 113.24199999999998 348.30699999999996 1188.7200000000003
66200000.000000045 113.19599999999996 348.2159999999999 1189.3600000000006
66250000.0 113.15 348.125 1190.0
66300000.00000002 113.10399999999997 348.03399999999993 1190.6400000000003
66349999.99999998 113.05800000000002 347.94300000000004 1191.2799999999997
66400000.00000001 113.012 347.852 1191.92
66450000.00000003 112.96599999999997 347.7609999999999 1192.5600000000004
66499999.999999985 112.92000000000002 347.67 1193.1999999999998
66550000.000000015 112.874 347.57899999999995 1193.8400000000001
66600000.00000004 112.82799999999996 347.48799999999994 1194.4800000000005
66649999.99999999 112.78200000000001 347.397 1195.12
66700000.000000015 112.73599999999999 347.306 1195.7600000000002
66750000.000000045 112.68999999999996 347.2149999999999 1196.4000000000005
66800000.0 112.644 347.12399999999997 1197.04
66850000.00000002 112.59799999999998 347.03299999999996 1197.6800000000003
66899999.99999998 112.55200000000002 346.942 1198.3199999999997
66950000.0 112.506 346.851 1198.96
67000000.00000003 112.45999999999998 346.75999999999993 1199.6000000000004
67049999.999999985 112.41400000000002 346.66900000000004 1200.2399999999998
67100000.00000001 112.368 346.578 1200.88
67150000.00000003 112.32199999999997 346.4869999999999 1201.5200000000004
67199999.99999999 112.27600000000001 346.396 1202.1599999999999
67250000.00000001 112.22999999999999 346.30499999999995 1202.8000000000002
67300000.00000004 112.18399999999997 346.21399999999994 1203.4400000000005
67350000.0 112.138 346.123 1204.08
67400000.00000001 112.09199999999998 346.032 1204.7200000000003
67450000.00000004 112.04599999999996 345.9409999999999 1205.3600000000006
67500000.0 112.0 345.85 1206.0
67550000.00000003 111.95399999999998 345.75899999999996 1206.6400000000003
67599999.99999999 111.90800000000002 345.668 1207.2799999999997
67650000.0 111.862 345.577 1207.92
67700000.00000003 111.81599999999997 345.48599999999993 1208.5600000000004
67749999.99999999 111.77000000000001 345.39500000000004 1209.1999999999998
67800000.00000001 111.72399999999999 345.304 1209.8400000000001
67850000.00000003 111.67799999999997 345.2129999999999 1210.4800000000005
67899999.99999999 111.632 345.122 1211.12
67950000.00000001 111.58599999999998 345.03099999999995 1211.7600000000002
68000000.00000004 111.53999999999996 344.93999999999994 1212.4000000000005
68050000.0 111.494 344.849 1213.04
68100000.00000003 111.44799999999998 344.758 1213.6800000000003
68149999.99999997 111.40200000000002 344.66700000000003 1214.3199999999997
68200000.0 111.356 344.576 1214.96
68250000.00000003 111.30999999999997 344.48499999999996 1215.6000000000004
68299999.99999999 111.26400000000001 344.394 1216.2399999999998
68350000.00000001 111.21799999999999 344.303 1216.88
68400000.00000003 111.17199999999997 344.21199999999993 1217.5200000000004
68449999.99999999 111.126 344.12100000000004 1218.1599999999999
68500000.00000001 111.07999999999998 344.03 1218.8000000000002
68550000.00000004 111.03399999999996 343.9389999999999 1219.4400000000005
68600000.0 110.988 343.848 1220.08
68650000.00000001 110.94199999999998 343.75699999999995 1220.7200000000003
68700000.00000004 110.89599999999996 343.66599999999994 1221.3600000000006
68750000.0 110.85 343.575 1222.0
68800000.00000003 110.80399999999997 343.484 1222.6400000000003
68849999.99999999 110.75800000000002 343.39300000000003 1223.2799999999997
68900000.0 110.71199999999999 343.302 1223.92
68950000.00000003 110.66599999999997 343.21099999999996 1224.5600000000004
68999999.99999999 110.62000000000002 343.12 1225.1999999999998
69050000.00000001 110.574 343.029 1225.8400000000001
69100000.00000003 110.52799999999996 342.93799999999993 1226.4800000000005
69149999.99999999 110.48200000000001 342.84700000000004 1227.12
69200000.00000001 110.43599999999999 342.756 1227.7600000000002
69250000.00000004 110.38999999999996 342.6649999999999 1228.4000000000005
69300000.0 110.34400000000001 342.574 1229.04
69350000.00000003 110.29799999999999 342.48299999999995 1229.6800000000003
69399999.99999997 110.25200000000002 342.39200000000005 1230.3199999999997
69450000.0 110.206 342.301 1230.96
69500000.00000003 110.15999999999998 342.21 1231.6000000000004
69549999.99999999 110.11400000000002 342.119 1232.2399999999998
69600000.00000001 110.068 342.028 1232.88
69650000.00000003 110.02199999999998 341.93699999999995 1233.5200000000004
69699999.99999999 109.97600000000001 341.846 1234.1599999999999
69750000.00000001 109.92999999999999 341.755 1234.8000000000002
69800000.00000004 109.88399999999997 341.66399999999993 1235.4400000000005
69850000.0 109.83800000000001 341.57300000000004 1236.08
69900000.00000001 109.79199999999999 341.48199999999997 1236.7200000000003
69950000.00000004 109.74599999999997 341.3909999999999 1237.3600000000006
70000000.0 109.7 341.3 1238.0
70100000.00000004 109.61799999999997 341.1429999999999 1239.1500000000005
70199999.99999996 109.53600000000003 340.98600000000005 1240.2999999999995
70300000.00000001 109.454 340.829 1241.45
70400000.00000006 109.37199999999996 340.6719999999999 1242.6000000000008
70499999.99999997 109.29000000000002 340.51500000000004 1243.7499999999998
70600000.00000003 109.20799999999998 340.358 1244.9000000000003
70700000.00000007 109.12599999999995 340.2009999999999 1246.0500000000009
70799999.99999999 109.04400000000001 340.04400000000004 1247.1999999999998
70900000.00000003 108.96199999999997 339.88699999999994 1248.3500000000004
71000000.00000009 108.87999999999994 339.7299999999999 1249.500000000001
71100000.0 108.798 339.57300000000004 1250.6499999999999
71200000.00000004 108.71599999999997 339.41599999999994 1251.8000000000006
71299999.99999996 108.63400000000004 339.25900000000007 1252.9499999999994
71400000.0 108.55199999999999 339.102 1254.1000000000001
71500000.00000006 108.46999999999996 338.94499999999994 1255.2500000000007
71599999.99999997 108.38800000000003 338.78800000000007 1256.3999999999996
71700000.00000001 108.30599999999998 338.631 1257.5500000000002
71800000.00000007 108.22399999999995 338.47399999999993 1258.7000000000007
71899999.99999997 108.14200000000002 338.31700000000006 1259.8499999999997
72000000.00000003 108.05999999999997 338.15999999999997 1261.0000000000002
72100000.00000007 107.97799999999994 338.0029999999999 1262.150000000001
72199999.99999999 107.89600000000002 337.846 1263.3
72300000.00000004 107.81399999999996 337.68899999999996 1264.4500000000005
72400000.00000009 107.73199999999993 337.53199999999987 1265.600000000001
72500000.0 107.65 337.375 1266.75
72600000.00000004 107.56799999999996 337.21799999999996 1267.9000000000005
72699999.99999996 107.48600000000003 337.0610000000001 1269.0499999999995
72800000.00000001 107.404 336.904 1270.2
72900000.00000006 107.32199999999995 336.7469999999999 1271.3500000000008
72999999.99999997 107.24000000000002 336.59000000000003 1272.4999999999998
73100000.00000003 107.15799999999999 336.433 1273.6500000000003
73200000.00000007 107.07599999999994 336.2759999999999 1274.8000000000009
73299999.99999999 106.99400000000001 336.119 1275.9499999999998
73400000.00000003 106.91199999999998 335.962 1277.1000000000004
73500000.00000009 106.82999999999993 335.8049999999999 1278.250000000001
73600000.0 106.748 335.648 1279.3999999999999
73700000.00000004 106.66599999999997 335.49099999999993 1280.5500000000006
73799999.99999996 106.58400000000005 335.33400000000006 1281.6999999999994
73900000.0 106.502 335.177 1282.8500000000001
74000000.00000006 106.41999999999996 335.0199999999999 1284.0000000000007
74099999.99999997 106.33800000000004 334.86300000000006 1285.1499999999996
74200000.00000001 106.25599999999999 334.706 1286.3000000000002
74300000.00000007 106.17399999999995 334.5489999999999 1287.4500000000007
74399999.99999997 106.09200000000001 334.39200000000005 1288.5999999999997
74500000.00000003 106.00999999999998 334.23499999999996 1289.7500000000002
74600000.00000007 105.92799999999994 334.0779999999999 1290.900000000001
74699999.99999999 105.846 333.92100000000005 1292.05
74800000.00000004 105.76399999999997 333.76399999999995 1293.2000000000005
74900000.00000009 105.68199999999993 333.60699999999986 1294.350000000001
75000000.0 105.6 333.45000000000005 1295.5
75100000.00000004 105.51799999999996 333.29299999999995 1296.6500000000005
75199999.99999996 105.43600000000004 333.1360000000001 1297.7999999999995
75300000.00000001 105.35399999999998 332.979 1298.95
75400000.00000006 105.27199999999995 332.82199999999995 1300.1000000000008
75499999.99999997 105.19000000000003 332.6650000000001 1301.2499999999998
75600000.00000003 105.10799999999998 332.508 1302.4000000000003
75700000.00000007 105.02599999999994 332.3509999999999 1303.5500000000009
75799999.99999999 104.94400000000002 332.1940000000001 1304.6999999999998
75900000.00000003 104.86199999999997 332.037 1305.8500000000004
76000000.00000009 104.77999999999993 331.8799999999999 1307.000000000001
76100000.0 104.69800000000001 331.723 1308.1499999999999
76200000.00000004 104.61599999999996 331.566 1309.3000000000006
76299999.99999996 104.53400000000003 331.4090000000001 1310.4499999999994
76400000.0 104.452 331.252 1311.6000000000001
76500000.00000006 104.36999999999995 331.0949999999999 1312.7500000000007
76599999.99999997 104.28800000000003 330.93800000000005 1313.8999999999996
76700000.00000001 104.20599999999999 330.781 1315.0500000000002
76800000.00000007 104.12399999999994 330.6239999999999 1316.2000000000007
76899999.99999997 104.04200000000002 330.46700000000004 1317.3499999999997
77000000.00000003 103.95999999999998 330.30999999999995 1318.5000000000002
77100000.00000007 103.87799999999993 330.1529999999999 1319.650000000001
77199999.99999999 103.796 329.99600000000004 1320.8
77300000.00000004 103.71399999999997 329.83899999999994 1321.9500000000005
77400000.00000009 103.63199999999992 329.6819999999999 1323.100000000001
77500000.0 103.55 329.52500000000003 1324.25
77600000.00000004 103.46799999999996 329.36799999999994 1325.4000000000005
77699999.99999996 103.38600000000004 329.21100000000007 1326.5499999999995
77800000.00000001 103.30399999999999 329.054 1327.7
77900000.00000006 103.22199999999995 328.89699999999993 1328.8500000000008
77999999.99999997 103.14000000000003 328.74000000000007 1329.9999999999998
78100000.00000003 103.05799999999998 328.58299999999997 1331.1500000000003
78200000.00000007 102.97599999999994 328.42599999999993 1332.3000000000009
78299999.99999999 102.89400000000002 328.26900000000006 1333.4499999999998
78400000.00000003 102.81199999999997 328.11199999999997 1334.6000000000004
78500000.00000009 102.72999999999993 327.95499999999987 1335.750000000001
78600000.0 102.64800000000001 327.798 1336.8999999999999
78700000.00000004 102.56599999999996 327.64099999999996 1338.0500000000006
78799999.99999996 102.48400000000004 327.4840000000001 1339.1999999999994
78900000.0 102.402 327.327 1340.3500000000001
79000000.00000006 102.31999999999995 327.16999999999996 1341.5000000000007
79099999.99999997 102.23800000000003 327.0130000000001 1342.6499999999996
79200000.00000001 102.15599999999999 326.856 1343.8000000000002
79300000.00000007 102.07399999999994 326.6989999999999 1344.9500000000007
79399999.99999997 101.99200000000002 326.54200000000003 1346.0999999999997
79500000.00000003 101.90999999999998 326.385 1347.2500000000002
79600000.00000007 101.82799999999993 326.2279999999999 1348.400000000001
79699999.99999999 101.74600000000001 326.071 1349.55
79800000.00000004 101.66399999999997 325.914 1350.7000000000005
79900000.00000009 101.58199999999992 325.7569999999999 1351.850000000001
80000000.0 101.5 325.6 1353.0
80100000.00000004 101.42939999999996 325.45799999999997 1354.0100000000004
80199999.99999996 101.35880000000003 325.3160000000001 1355.0199999999995
80300000.00000001 101.28819999999999 325.174 1356.0300000000002
80400000.00000006 101.21759999999996 325.0319999999999 1357.0400000000006
80499999.99999997 101.14700000000002 324.89000000000004 1358.0499999999997
80600000.00000003 101.07639999999998 324.748 1359.0600000000002
80700000.00000007 101.00579999999995 324.60599999999994 1360.0700000000008
80799999.99999999 100.93520000000001 324.46400000000006 1361.08
80900000.00000003 100.86459999999998 324.32199999999995 1362.0900000000004
81000000.00000009 100.79399999999994 324.1799999999999 1363.1000000000008
81100000.0 100.7234 324.038 1364.11
81200000.00000004 100.65279999999997 323.89599999999996 1365.1200000000003
81299999.99999996 100.58220000000003 323.7540000000001 1366.1299999999997
81400000.0 100.5116 323.612 1367.14
81500000.00000006 100.44099999999996 323.4699999999999 1368.1500000000005
81599999.99999997 100.37040000000002 323.3280000000001 1369.1599999999996
81700000.00000001 100.29979999999999 323.186 1370.17
81800000.00000007 100.22919999999995 323.0439999999999 1371.1800000000007
81899999.99999997 100.15860000000002 322.90200000000004 1372.1899999999998
82000000.00000003 100.08799999999998 322.76 1373.2000000000003
82100000.00000007 100.01739999999994 322.6179999999999 1374.2100000000007
82199999.99999999 99.94680000000001 322.47600000000006 1375.2199999999998
82300000.00000004 99.87619999999997 322.33399999999995 1376.2300000000005
82400000.00000009 99.80559999999994 322.1919999999999 1377.240000000001
82500000.0 99.735 322.05 1378.25
82600000.00000004 99.66439999999996 321.90799999999996 1379.2600000000004
82699999.99999996 99.59380000000003 321.7660000000001 1380.2699999999995
82800000.00000001 99.52319999999999 321.62399999999997 1381.2800000000002
82900000.00000006 99.45259999999996 321.4819999999999 1382.2900000000006
82999999.99999997 99.38200000000002 321.34000000000003 1383.2999999999997
83100000.00000003 99.31139999999998 321.198 1384.3100000000002
83200000.00000007 99.24079999999995 321.0559999999999 1385.3200000000008
83299999.99999999 99.17020000000001 320.91400000000004 1386.33
83400000.00000003 99.09959999999998 320.77199999999993 1387.3400000000004
83500000.00000009 99.02899999999994 320.6299999999999 1388.3500000000008
83600000.0 98.9584 320.488 1389.36
83700000.00000004 98.88779999999997 320.34599999999995 1390.3700000000003
83799999.99999996 98.81720000000003 320.20400000000006 1391.3799999999997
83900000.0 98.7466 320.062 1392.39
84000000.00000006 98.67599999999996 319.9199999999999 1393.4000000000005
84099999.99999997 98.60540000000002 319.7780000000001 1394.4099999999996
84200000.00000001 98.53479999999999 319.63599999999997 1395.42
84300000.00000007 98.46419999999995 319.4939999999999 1396.4300000000007
84399999.99999997 98.39360000000002 319.35200000000003 1397.4399999999998
84500000.00000003 98.32299999999998 319.21 1398.4500000000003
84600000.00000007 98.25239999999994 319.06799999999987 1399.4600000000007
84699999.99999999 98.18180000000001 318.92600000000004 1400.4699999999998
84800000.00000004 98.11119999999997 318.78399999999993 1401.4800000000005
84900000.00000009 98.04059999999994 318.6419999999999 1402.490000000001
85000000.0 97.97 318.5 1403.5
85100000.00000004 97.89939999999996 318.35799999999995 1404.5100000000004
85199999.99999996 97.82880000000003 318.21600000000007 1405.5199999999995
85300000.00000001 97.75819999999999 318.07399999999996 1406.5300000000002
85400000.00000006 97.68759999999996 317.9319999999999 1407.5400000000006
85499999.99999997 97.61700000000002 317.79 1408.5499999999997
85600000.00000003 97.54639999999998 317.64799999999997 1409.5600000000002
85700000.00000007 97.47579999999995 317.5059999999999 1410.5700000000008
85799999.99999999 97.40520000000001 317.36400000000003 1411.58
85900000.00000003 97.33459999999998 317.2219999999999 1412.5900000000004
86000000.00000009 97.26399999999994 317.07999999999987 1413.6000000000008
86100000.0 97.1934 316.938 1414.61
86200000.00000004 97.12279999999997 316.79599999999994 1415.6200000000003
86299999.99999996 97.05220000000003 316.65400000000005 1416.6299999999997
86400000.0 96.9816 316.512 1417.64
86500000.00000006 96.91099999999996 316.3699999999999 1418.6500000000005
86599999.99999997 96.84040000000002 316.22800000000007 1419.6599999999996
86700000.00000001 96.76979999999999 316.08599999999996 1420.67
86800000.00000007 96.69919999999995 315.9439999999999 1421.6800000000007
86899999.99999997 96.62860000000002 315.802 1422.6899999999998
87000000.00000003 96.55799999999998 315.65999999999997 1423.7000000000003
87100000.00000007 96.48739999999994 315.51799999999986 1424.7100000000007
87199999.99999999 96.41680000000001 315.37600000000003 1425.7199999999998
87300000.00000004 96.34619999999997 315.2339999999999 1426.7300000000005
87400000.00000009 96.27559999999994 315.09199999999987 1427.740000000001
87500000.0 96.205 314.95 1428.75
87600000.00000004 96.13439999999996 314.80799999999994 1429.7600000000004
87699999.99999996 96.06380000000003 314.66600000000005 1430.7699999999995
87800000.00000001 95.99319999999999 314.52399999999994 1431.7800000000002
87900000.00000006 95.92259999999996 314.3819999999999 1432.7900000000006
87999999.99999997 95.85200000000002 314.24 1433.7999999999997
88100000.00000003 95.78139999999998 314.09799999999996 1434.8100000000002
88200000.00000007 95.71079999999995 313.9559999999999 1435.8200000000008
88299999.99999999 95.64020000000001 313.814 1436.83
88400000.00000003 95.56959999999998 313.6719999999999 1437.8400000000004
88500000.00000009 95.49899999999994 313.52999999999986 1438.8500000000008
88600000.0 95.4284 313.388 1439.86
88700000.00000004 95.35779999999997 313.2459999999999 1440.8700000000003
88799999.99999996 95.28720000000003 313.10400000000004 1441.8799999999997
88900000.0 95.2166 312.962 1442.89
89000000.00000006 95.14599999999996 312.8199999999999 1443.9000000000005
89099999.99999997 95.07540000000002 312.67800000000005 1444.9099999999996
89200000.00000001 95.00479999999999 312.53599999999994 1445.92
89300000.00000007 94.93419999999995 312.3939999999999 1446.9300000000007
89399999.99999997 94.86360000000002 312.252 1447.9399999999998
89500000.00000003 94.79299999999998 312.10999999999996 1448.9500000000003
89600000.00000007 94.72239999999994 311.96799999999985 1449.9600000000007
89699999.99999999 94.65180000000001 311.826 1450.9699999999998
89800000.00000004 94.58119999999997 311.6839999999999 1451.9800000000005
89900000.00000009 94.51059999999994 311.54199999999986 1452.990000000001
90000000.0 94.44 311.4 1454.0
90100000.00000004 94.37869999999997 311.2709999999999 1454.8800000000006
90199999.99999996 94.31740000000002 311.14200000000005 1455.7599999999998
90300000.00000001 94.25609999999999 311.013 1456.64
90400000.00000006 94.19479999999996 310.8839999999999 1457.5200000000004
90499999.99999997 94.13350000000001 310.755 1458.3999999999996
90600000.00000003 94.07219999999998 310.626 1459.2800000000002
90700000.00000007 94.01089999999995 310.4969999999999 1460.1600000000008
90799999.99999999 93.9496 310.368 1461.04
90900000.00000003 93.88829999999997 310.2389999999999 1461.9200000000003
91000000.00000009 93.82699999999994 310.10999999999984 1462.8000000000006
91100000.0 93.7657 309.981 1463.6799999999998
91200000.00000004 93.70439999999996 309.8519999999999 1464.5600000000004
91299999.99999996 93.64310000000003 309.723 1465.4399999999996
91400000.0 93.5818 309.594 1466.3200000000002
91500000.00000006 93.52049999999997 309.4649999999999 1467.2000000000005
91599999.99999997 93.45920000000002 309.336 1468.0799999999997
91700000.00000001 93.39789999999999 309.20699999999994 1468.96
91800000.00000007 93.33659999999996 309.0779999999999 1469.8400000000006
91899999.99999997 93.27530000000002 308.949 1470.7199999999998
92000000.00000003 93.21399999999998 308.81999999999994 1471.6000000000004
92100000.00000007 93.15269999999995 308.69099999999986 1472.4800000000007
92199999.99999999 93.09140000000001 308.562 1473.36
92300000.00000004 93.03009999999998 308.43299999999994 1474.2400000000002
92400000.00000009 92.96879999999994 308.30399999999986 1475.1200000000008
92500000.0 92.9075 308.17499999999995 1476.0
92600000.00000004 92.84619999999997 308.04599999999994 1476.8800000000006
92699999.99999996 92.78490000000002 307.91700000000003 1477.7599999999998
92800000.00000001 92.72359999999999 307.78799999999995 1478.64
92900000.00000006 92.66229999999996 307.6589999999999 1479.5200000000004
92999999.99999997 92.60100000000001 307.53000000000003 1480.3999999999996
93100000.00000003 92.53969999999998 307.40099999999995 1481.2800000000002
93200000.00000007 92.47839999999995 307.2719999999999 1482.1600000000008
93299999.99999999 92.4171 307.14300000000003 1483.04
93400000.00000003 92.35579999999997 307.01399999999995 1483.9200000000003
93500000.00000009 92.29449999999994 306.8849999999999 1484.8000000000006
93600000.0 92.2332 306.756 1485.6799999999998
93700000.00000004 92.17189999999997 306.62699999999995 1486.5600000000004
93799999.99999996 92.11060000000003 306.49800000000005 1487.4399999999996
93900000.0 92.0493 306.36899999999997 1488.3200000000002
94000000.00000006 91.98799999999997 306.2399999999999 1489.2000000000005
94099999.99999997 91.92670000000003 306.11100000000005 1490.0799999999997
94200000.00000001 91.8654 305.98199999999997 1490.96
94300000.00000007 91.80409999999996 305.8529999999999 1491.8400000000006
94399999.99999997 91.74280000000002 305.724 1492.7199999999998
94500000.00000003 91.68149999999999 305.59499999999997 1493.6000000000004
94600000.00000007 91.62019999999995 305.4659999999999 1494.4800000000007
94699999.99999999 91.55890000000001 305.337 1495.36
94800000.00000004 91.49759999999998 305.2079999999999 1496.2400000000002
94900000.00000009 91.43629999999995 305.0789999999999 1497.1200000000008
95000000.0 91.375 304.95 1498.0
95100000.00000004 91.31369999999997 304.8209999999999 1498.8800000000006
95199999.99999996 91.25240000000002 304.69200000000006 1499.7599999999998
95300000.00000001 91.19109999999999 304.563 1500.64
95400000.00000006 91.12979999999996 304.4339999999999 1501.5200000000004
95499999.99999997 91.06850000000001 304.305 1502.3999999999996
95600000.00000003 91.00719999999998 304.176 1503.2800000000002
95700000.00000007 90.94589999999995 304.0469999999999 1504.1600000000008
95799999.99999999 90.8846 303.918 1505.04
95900000.00000003 90.82329999999997 303.78899999999993 1505.9200000000003
96000000.00000009 90.76199999999994 303.65999999999985 1506.8000000000006
96100000.0 90.7007 303.531 1507.6799999999998
96200000.00000004 90.63939999999997 303.40199999999993 1508.5600000000004
96299999.99999996 90.57810000000003 303.273 1509.4399999999996
96400000.0 90.5168 303.144 1510.3200000000002
96500000.00000006 90.45549999999997 303.01499999999993 1511.2000000000005
96599999.99999997 90.39420000000003 302.886 1512.0799999999997
96700000.00000001 90.3329 302.75699999999995 1512.96
96800000.00000007 90.27159999999996 302.62799999999993 1513.8400000000006
96899999.99999997 90.21030000000002 302.499 1514.7199999999998
97000000.00000003 90.14899999999999 302.36999999999995 1515.6000000000004
97100000.00000007 90.08769999999996 302.2409999999999 1516.4800000000007
97199999.99999999 90.02640000000001 302.112 1517.36
97300000.00000004 89.96509999999998 301.98299999999995 1518.2400000000002
97400000.00000009 89.90379999999995 301.85399999999987 1519.1200000000008
97500000.0 89.8425 301.725 1520.0
97600000.00000004 89.78119999999997 301.59599999999995 1520.8800000000006
97699999.99999996 89.71990000000002 301.46700000000004 1521.7599999999998
97800000.00000001 89.65859999999999 301.33799999999997 1522.64
97900000.00000006 89.59729999999996 301.2089999999999 1523.5200000000004
97999999.99999997 89.53600000000002 301.08000000000004 1524.3999999999996
98100000.00000003 89.47469999999998 300.95099999999996 1525.2800000000002
98200000.00000007 89.41339999999995 300.8219999999999 1526.1600000000008
98299999.99999999 89.35210000000001 300.69300000000004 1527.04
98400000.00000003 89.29079999999998 300.56399999999996 1527.9200000000003
98500000.00000009 89.22949999999994 300.4349999999999 1528.8000000000006
98600000.0 89.1682 300.306 1529.6799999999998
98700000.00000004 89.10689999999997 300.17699999999996 1530.5600000000004
98799999.99999996 89.04560000000004 300.04800000000006 1531.4399999999996
98900000.0 88.9843 299.919 1532.3200000000002
99000000.00000006 88.92299999999997 299.7899999999999 1533.2000000000005
99099999.99999997 88.86170000000003 299.66100000000006 1534.0799999999997
99200000.00000001 88.8004 299.532 1534.96
99300000.00000007 88.73909999999997 299.4029999999999 1535.8400000000006
99399999.99999997 88.67780000000002 299.274 1536.7199999999998
99500000.00000003 88.61649999999999 299.145 1537.6000000000004
99600000.00000007 88.55519999999996 299.0159999999999 1538.4800000000007
99699999.99999999 88.49390000000001 298.887 1539.36
99800000.00000004 88.43259999999998 298.7579999999999 1540.2400000000002
99900000.00000009 88.37129999999995 298.6289999999999 1541.1200000000008
100000000.0 88.31 298.5 1542.0
100100000.00000004 88.25619999999998 298.3829999999999 1542.7900000000004
100199999.99999996 88.20240000000003 298.266 1543.5799999999997
100300000.00000001 88.1486 298.149 1544.3700000000001
100400000.00000006 88.09479999999996 298.0319999999999 1545.1600000000005
100499999.99999997 88.04100000000001 297.915 1545.9499999999998
100600000.00000003 87.98719999999999 297.798 1546.7400000000002
100700000.00000007 87.93339999999996 297.6809999999999 1547.5300000000007
100799999.99999999 87.87960000000001 297.564 1548.32
100900000.00000003 87.82579999999999 297.44699999999995 1549.1100000000004
101000000.00000009 87.77199999999996 297.3299999999999 1549.9000000000008
101100000.0 87.71820000000001 297.213 1550.69
101200000.00000004 87.66439999999997 297.09599999999995 1551.4800000000005
101299999.99999996 87.61060000000003 296.97900000000004 1552.2699999999995
101400000.0 87.5568 296.862 1553.06
101500000.00000006 87.50299999999997 296.74499999999995 1553.8500000000004
101599999.99999997 87.44920000000002 296.62800000000004 1554.6399999999996
101700000.00000001 87.3954 296.51099999999997 1555.43
101800000.00000007 87.34159999999997 296.39399999999995 1556.2200000000005
101899999.99999997 87.28780000000002 296.27700000000004 1557.0099999999998
102000000.00000003 87.234 296.15999999999997 1557.8000000000002
102100000.00000007 87.18019999999996 296.0429999999999 1558.5900000000006
102199999.99999999 87.1264 295.926 1559.3799999999999
102300000.00000004 87.07259999999998 295.80899999999997 1560.1700000000003
102400000.00000009 87.01879999999996 295.6919999999999 1560.9600000000007
102500000.0 86.965 295.575 1561.75
102600000.00000004 86.91119999999998 295.45799999999997 1562.5400000000004
102699999.99999996 86.85740000000003 295.34100000000007 1563.3299999999997
102800000.00000001 86.8036 295.224 1564.1200000000001
102900000.00000006 86.74979999999996 295.1069999999999 1564.9100000000005
102999999.99999997 86.69600000000001 294.99 1565.6999999999998
103100000.00000003 86.64219999999999 294.873 1566.4900000000002
103200000.00000007 86.58839999999996 294.7559999999999 1567.2800000000007
103299999.99999999 86.53460000000001 294.639 1568.07
103400000.00000003 86.48079999999999 294.522 1568.8600000000004
103500000.00000009 86.42699999999996 294.4049999999999 1569.6500000000008
103600000.0 86.37320000000001 294.288 1570.44
103700000.00000004 86.31939999999997 294.17099999999994 1571.2300000000005
103799999.99999996 86.26560000000003 294.05400000000003 1572.0199999999995
103900000.0 86.2118 293.937 1572.81
104000000.00000006 86.15799999999997 293.81999999999994 1573.6000000000004
104099999.99999997 86.10420000000002 293.70300000000003 1574.3899999999996
104200000.00000001 86.0504 293.586 1575.18
104300000.00000007 85.99659999999997 293.46899999999994 1575.9700000000005
104399999.99999997 85.94280000000002 293.35200000000003 1576.7599999999998
104500000.00000003 85.889 293.23499999999996 1577.5500000000002
104600000.00000007 85.83519999999996 293.11799999999994 1578.3400000000006
104699999.99999999 85.7814 293.00100000000003 1579.1299999999999
104800000.00000004 85.72759999999998 292.88399999999996 1579.9200000000003
104900000.00000009 85.67379999999996 292.7669999999999 1580.7100000000007
105000000.0 85.62 292.65 1581.5
105100000.00000004 85.56619999999998 292.53299999999996 1582.2900000000004
105199999.99999996 85.51240000000003 292.41600000000005 1583.0799999999997
105300000.00000001 85.4586 292.299 1583.8700000000001
105400000.00000006 85.40479999999997 292.18199999999996 1584.6600000000005
105499999.99999997 85.35100000000001 292.06500000000005 1585.4499999999998
105600000.00000003 85.29719999999999 291.948 1586.2400000000002
105700000.00000007 85.24339999999997 291.8309999999999 1587.0300000000007
105799999.99999999 85.18960000000001 291.714 1587.82
105900000.00000003 85.13579999999999 291.597 1588.6100000000004
106000000.00000009 85.08199999999997 291.4799999999999 1589.4000000000008
106100000.0 85.02820000000001 291.363 1590.19
106200000.00000004 84.97439999999997 291.246 1590.9800000000005
106299999.99999996 84.92060000000004 291.1290000000001 1591.7699999999995
106400000.0 84.8668 291.012 1592.56
106500000.00000006 84.81299999999997 290.8949999999999 1593.3500000000004
106599999.99999997 84.75920000000002 290.778 1594.1399999999996
106700000.00000001 84.7054 290.661 1594.93
106800000.00000007 84.65159999999997 290.5439999999999 1595.7200000000005
106899999.99999997 84.59780000000002 290.427 1596.5099999999998
107000000.00000003 84.544 290.30999999999995 1597.3000000000002
107100000.00000007 84.49019999999996 290.1929999999999 1598.0900000000006
107199999.99999999 84.4364 290.076 1598.8799999999999
107300000.00000004 84.38259999999998 289.95899999999995 1599.6700000000003
107400000.00000009 84.32879999999996 289.8419999999999 1600.4600000000007
107500000.0 84.275 289.725 1601.25
107600000.00000004 84.22119999999998 289.60799999999995 1602.0400000000004
107699999.99999996 84.16740000000003 289.49100000000004 1602.8299999999997
107800000.00000001 84.1136 289.374 1603.6200000000001
107900000.00000006 84.05979999999997 289.25699999999995 1604.4100000000005
107999999.99999997 84.00600000000003 289.14000000000004 1605.1999999999998
108100000.00000003 83.95219999999999 289.02299999999997 1605.9900000000002
108200000.00000007 83.89839999999997 288.90599999999995 1606.7800000000007
108299999.99999999 83.84460000000001 288.78900000000004 1607.57
108400000.00000003 83.79079999999999 288.67199999999997 1608.3600000000004
108500000.00000009 83.73699999999997 288.5549999999999 1609.1500000000008
108600000.0 83.68320000000001 288.438 1609.94
108700000.00000004 83.62939999999998 288.32099999999997 1610.7300000000005
108799999.99999996 83.57560000000004 288.20400000000006 1611.5199999999995
108900000.0 83.5218 288.087 1612.31
109000000.00000006 83.46799999999998 287.96999999999997 1613.1000000000004
109099999.99999997 83.41420000000002 287.85300000000007 1613.8899999999996
109200000.00000001 83.3604 287.736 1614.68
109300000.00000007 83.30659999999997 287.6189999999999 1615.4700000000005
109399999.99999997 83.25280000000002 287.50200000000007 1616.2599999999998
109500000.00000003 83.19899999999998 287.385 1617.0500000000002
109600000.00000007 83.14519999999996 287.2679999999999 1617.8400000000006
109699999.99999999 83.09140000000001 287.151 1618.6299999999999
109800000.00000004 83.03759999999998 287.034 1619.4200000000003
109900000.00000009 82.98379999999996 286.9169999999999 1620.2100000000007
110000000.0 82.93 286.8 1621.0
110100000.00000004 82.88239999999998 286.693 1621.7000000000003
110199999.99999996 82.83480000000003 286.58600000000007 1622.3999999999996
110300000.00000001 82.7872 286.479 1623.1000000000001
110400000.00000006 82.73959999999998 286.37199999999996 1623.8000000000004
110499999.99999997 82.69200000000002 286.26500000000004 1624.4999999999998
110600000.00000003 82.64439999999999 286.158 1625.2000000000003
110700000.00000007 82.59679999999997 286.05099999999993 1625.9000000000005
110799999.99999999 82.54920000000001 285.944 1626.6
110900000.00000003 82.5016 285.837 1627.3000000000002
111000000.00000009 82.45399999999997 285.7299999999999 1628.0000000000007
111100000.0 82.4064 285.623 1628.7
111200000.00000004 82.35879999999999 285.51599999999996 1629.4000000000003
111299999.99999996 82.31120000000003 285.40900000000005 1630.0999999999997
111400000.0 82.2636 285.302 1630.8
111500000.00000006 82.21599999999998 285.19499999999994 1631.5000000000005
111599999.99999997 82.16840000000002 285.088 1632.1999999999998
111700000.00000001 82.1208 284.981 1632.9
111800000.00000007 82.07319999999997 284.87399999999997 1633.6000000000004
111899999.99999997 82.02560000000001 284.76700000000005 1634.2999999999997
112000000.00000003 81.978 284.65999999999997 1635.0000000000002
112100000.00000007 81.93039999999996 284.55299999999994 1635.7000000000005
112199999.99999999 81.88280000000002 284.446 1636.3999999999999
112300000.00000004 81.83519999999999 284.339 1637.1000000000004
112400000.00000009 81.78759999999997 284.2319999999999 1637.8000000000006
112500000.0 81.74000000000001 284.125 1638.5
112600000.00000004 81.69239999999998 284.018 1639.2000000000003
112699999.99999996 81.64480000000002 283.91100000000006 1639.8999999999996
112800000.00000001 81.5972 283.80400000000003 1640.6000000000001
112900000.00000006 81.54959999999997 283.69699999999995 1641.3000000000004
112999999.99999997 81.50200000000002 283.59000000000003 1641.9999999999998
113100000.00000003 81.45439999999999 283.483 1642.7000000000003
113200000.00000007 81.40679999999998 283.3759999999999 1643.4000000000005
113299999.99999999 81.35920000000002 283.269 1644.1
113400000.00000003 81.31159999999998 283.162 1644.8000000000002
113500000.00000009 81.26399999999997 283.05499999999995 1645.5000000000007
113600000.0 81.21640000000001 282.94800000000004 1646.2
113700000.00000004 81.16879999999998 282.84099999999995 1646.9000000000003
113799999.99999996 81.12120000000003 282.73400000000004 1647.5999999999997
113900000.0 81.0736 282.627 1648.3
114000000.00000006 81.02599999999998 282.52 1649.0000000000005
114099999.99999997 80.97840000000002 282.41300000000007 1649.6999999999998
114200000.00000001 80.93079999999999 282.306 1650.4
114300000.00000007 80.88319999999997 282.19899999999996 1651.1000000000004
114399999.99999997 80.83560000000001 282.09200000000004 1651.7999999999997
114500000.00000003 80.788 281.985 1652.5000000000002
114600000.00000007 80.74039999999997 281.87799999999993 1653.2000000000005
114699999.99999999 80.6928 281.771 1653.8999999999999
114800000.00000004 80.64519999999999 281.664 1654.6000000000004
114900000.00000009 80.59759999999996 281.5569999999999 1655.3000000000006
115000000.0 80.55000000000001 281.45000000000005 1656.0
115100000.00000004 80.50239999999998 281.34299999999996 1656.7000000000003
115199999.99999996 80.45480000000002 281.23600000000005 1657.3999999999996
115300000.00000001 80.4072 281.129 1658.1000000000001
115400000.00000006 80.35959999999997 281.02199999999993 1658.8000000000004
115499999.99999997 80.31200000000001 280.915 1659.4999999999998
115600000.00000003 80.2644 280.808 1660.2000000000003
115700000.00000007 80.21679999999996 280.70099999999996 1660.9000000000005
115799999.99999999 80.16920000000002 280.59400000000005 1661.6
115900000.00000003 80.12159999999999 280.48699999999997 1662.3000000000002
116000000.00000009 80.07399999999997 280.37999999999994 1663.0000000000007
116100000.0 80.02640000000001 280.273 1663.7
116200000.00000004 79.97879999999998 280.166 1664.4000000000003
116299999.99999996 79.93120000000002 280.0590000000001 1665.0999999999997
116400000.0 79.8836 279.952 1665.8
116500000.00000006 79.83599999999997 279.84499999999997 1666.5000000000005
116599999.99999997 79.78840000000002 279.73800000000006 1667.1999999999998
116700000.00000001 79.7408 279.63100000000003 1667.9
116800000.00000007 79.69319999999998 279.52399999999994 1668.6000000000004
116899999.99999997 79.64560000000002 279.41700000000003 1669.2999999999997
117000000.00000003 79.59799999999998 279.31 1670.0000000000002
117100000.00000007 79.55039999999997 279.2029999999999 1670.7000000000005
117199999.99999999 79.50280000000001 279.096 1671.3999999999999
117300000.00000004 79.45519999999999 278.989 1672.1000000000004
117400000.00000009 79.40759999999996 278.88199999999995 1672.8000000000006
117500000.0 79.36 278.77500000000003 1673.5
117600000.00000004 79.31239999999998 278.66799999999995 1674.2000000000003
117699999.99999996 79.26480000000002 278.56100000000004 1674.8999999999996
117800000.00000001 79.21719999999999 278.454 1675.6000000000001
117900000.00000006 79.16959999999997 278.347 1676.3000000000004
117999999.99999997 79.12200000000001 278.24000000000007 1676.9999999999998
118100000.00000003 79.0744 278.133 1677.7000000000003
118200000.00000007 79.02679999999997 278.02599999999995 1678.4000000000005
118299999.99999999 78.9792 277.91900000000004 1679.1
118400000.00000003 78.93159999999999 277.812 1679.8000000000002
118500000.00000009 78.88399999999996 277.7049999999999 1680.5000000000007
118600000.0 78.8364 277.598 1681.2
118700000.00000004 78.78879999999998 277.491 1681.9000000000003
118799999.99999996 78.74120000000002 277.38400000000007 1682.5999999999997
118900000.0 78.6936 277.27700000000004 1683.3
119000000.00000006 78.64599999999997 277.16999999999996 1684.0000000000005
119099999.99999997 78.59840000000001 277.06300000000005 1684.6999999999998
119200000.00000001 78.5508 276.956 1685.4
119300000.00000007 78.50319999999996 276.84899999999993 1686.1000000000004
119399999.99999997 78.45560000000002 276.7420000000001 1686.7999999999997
119500000.00000003 78.40799999999999 276.635 1687.5000000000002
119600000.00000007 78.36039999999997 276.52799999999996 1688.2000000000005
119699999.99999999 78.31280000000001 276.42100000000005 1688.8999999999999
119800000.00000004 78.26519999999998 276.31399999999996 1689.6000000000004
119900000.00000009 78.21759999999996 276.20699999999994 1690.3000000000006
120000000.0 78.17 276.1 1691.0
120100000.00000004 78.12769999999998 276.001 1691.6300000000003
120199999.99999996 78.08540000000002 275.90200000000004 1692.2599999999998
120300000.00000001 78.0431 275.803 1692.89
120400000.00000006 78.00079999999997 275.70399999999995 1693.5200000000004
120499999.99999997 77.95850000000002 275.6050000000001 1694.1499999999999
120600000.00000003 77.91619999999999 275.506 1694.7800000000002
120700000.00000007 77.87389999999996 275.4069999999999 1695.4100000000005
120799999.99999999 77.83160000000001 275.30800000000005 1696.04
120900000.00000003 77.78929999999998 275.209 1696.6700000000003
121000000.00000009 77.74699999999997 275.10999999999996 1697.3000000000006
121100000.0 77.7047 275.011 1697.93
121200000.00000004 77.66239999999998 274.912 1698.5600000000004
121299999.99999996 77.62010000000002 274.81300000000005 1699.1899999999996
121400000.0 77.5778 274.714 1699.82
121500000.00000006 77.53549999999997 274.61499999999995 1700.4500000000003
121599999.99999997 77.49320000000002 274.5160000000001 1701.0799999999997
121700000.00000001 77.45089999999999 274.417 1701.71
121800000.00000007 77.40859999999998 274.3179999999999 1702.3400000000004
121899999.99999997 77.36630000000001 274.21900000000005 1702.9699999999998
122000000.00000003 77.32399999999998 274.12 1703.6000000000001
122100000.00000007 77.28169999999997 274.02099999999996 1704.2300000000005
122199999.99999999 77.2394 273.922 1704.86
122300000.00000004 77.19709999999998 273.823 1705.4900000000002
122400000.00000009 77.15479999999997 273.72399999999993 1706.1200000000006
122500000.0 77.1125 273.625 1706.75
122600000.00000004 77.07019999999999 273.52599999999995 1707.3800000000003
122699999.99999996 77.02790000000002 273.4270000000001 1708.0099999999998
122800000.00000001 76.98559999999999 273.328 1708.64
122900000.00000006 76.94329999999998 273.2289999999999 1709.2700000000004
122999999.99999997 76.90100000000001 273.13000000000005 1709.8999999999999
123100000.00000003 76.85869999999998 273.031 1710.5300000000002
123200000.00000007 76.81639999999997 272.93199999999996 1711.1600000000005
123299999.99999999 76.7741 272.833 1711.79
123400000.00000003 76.73179999999999 272.734 1712.4200000000003
123500000.00000009 76.68949999999997 272.63499999999993 1713.0500000000006
123600000.0 76.6472 272.536 1713.68
123700000.00000004 76.60489999999999 272.43699999999995 1714.3100000000004
123799999.99999996 76.56260000000002 272.3380000000001 1714.9399999999996
123900000.0 76.52029999999999 272.239 1715.57
124000000.00000006 76.47799999999998 272.13999999999993 1716.2000000000003
124099999.99999997 76.43570000000001 272.04100000000005 1716.8299999999997
124200000.00000001 76.3934 271.942 1717.46
124300000.00000007 76.35109999999997 271.84299999999996 1718.0900000000004
124399999.99999997 76.3088 271.744 1718.7199999999998
124500000.00000003 76.2665 271.645 1719.3500000000001
124600000.00000007 76.22419999999997 271.54599999999994 1719.9800000000005
124699999.99999999 76.1819 271.447 1720.61
124800000.00000004 76.13959999999999 271.34799999999996 1721.2400000000002
124900000.00000009 76.09729999999996 271.2489999999999 1721.8700000000006
125000000.0 76.055 271.15 1722.5
125100000.00000004 76.01269999999998 271.05099999999993 1723.1300000000003
125199999.99999996 75.97040000000001 270.95200000000006 1723.7599999999998
125300000.00000001 75.9281 270.853 1724.39
125400000.00000006 75.88579999999997 270.75399999999996 1725.0200000000004
125499999.99999997 75.8435 270.65500000000003 1725.6499999999999
125600000.00000003 75.8012 270.556 1726.2800000000002
125700000.00000007 75.75889999999997 270.45699999999994 1726.9100000000005
125799999.99999999 75.7166 270.358 1727.54
125900000.00000003 75.67429999999999 270.25899999999996 1728.1700000000003
126000000.00000009 75.63199999999996 270.1599999999999 1728.8000000000006
126100000.0 75.58970000000001 270.06100000000004 1729.43
126200000.00000004 75.54739999999998 269.96199999999993 1730.0600000000004
126299999.99999996 75.50510000000001 269.86300000000006 1730.6899999999996
126400000.0 75.4628 269.764 1731.32
126500000.00000006 75.42049999999998 269.66499999999996 1731.9500000000003
126599999.99999997 75.3782 269.56600000000003 1732.5799999999997
126700000.00000001 75.3359 269.467 1733.21
126800000.00000007 75.29359999999997 269.36799999999994 1733.8400000000004
126899999.99999997 75.25130000000001 269.269 1734.4699999999998
127000000.00000003 75.20899999999999 269.16999999999996 1735.1000000000001
127100000.00000007 75.16669999999996 269.0709999999999 1735.7300000000005
127199999.99999999 75.12440000000001 268.97200000000004 1736.36
127300000.00000004 75.08209999999998 268.87299999999993 1736.9900000000002
127400000.00000009 75.03979999999996 268.7739999999999 1737.6200000000006
127500000.0 74.9975 268.675 1738.25
127600000.00000004 74.95519999999998 268.57599999999996 1738.8800000000003
127699999.99999996 74.91290000000002 268.47700000000003 1739.5099999999998
127800000.00000001 74.8706 268.378 1740.14
127900000.00000006 74.82829999999997 268.27899999999994 1740.7700000000004
127999999.99999997 74.78600000000002 268.18 1741.3999999999999
128100000.00000003 74.74369999999999 268.08099999999996 1742.0300000000002
128200000.00000007 74.70139999999996 267.9819999999999 1742.6600000000005
128299999.99999999 74.65910000000001 267.88300000000004 1743.29
128400000.00000003 74.61679999999998 267.78399999999993 1743.9200000000003
128500000.00000009 74.57449999999996 267.6849999999999 1744.5500000000006
128600000.0 74.5322 267.586 1745.18
128700000.00000004 74.48989999999998 267.48699999999997 1745.8100000000004
128799999.99999996 74.44760000000002 267.38800000000003 1746.4399999999996
128900000.0 74.4053 267.289 1747.07
129000000.00000006 74.36299999999997 267.18999999999994 1747.7000000000003
129099999.99999997 74.32070000000002 267.091 1748.3299999999997
129200000.00000001 74.27839999999999 266.99199999999996 1748.96
129300000.00000007 74.23609999999996 266.8929999999999 1749.5900000000004
129399999.99999997 74.19380000000001 266.79400000000004 1750.2199999999998
129500000.00000003 74.15149999999998 266.69499999999994 1750.8500000000001
129600000.00000007 74.10919999999996 266.5959999999999 1751.4800000000005
129699999.99999999 74.0669 266.497 1752.11
129800000.00000004 74.02459999999998 266.39799999999997 1752.7400000000002
129900000.00000009 73.98229999999995 266.2989999999999 1753.3700000000006
130000000.0 73.94 266.2 1754.0
130100000.00000004 73.90209999999998 266.1089999999999 1754.5700000000004
130199999.99999996 73.86420000000001 266.01800000000003 1755.1399999999999
130300000.00000001 73.82629999999999 265.92699999999996 1755.71
130400000.00000006 73.78839999999997 265.83599999999996 1756.2800000000004
130499999.99999997 73.7505 265.745 1756.85
130600000.00000003 73.7126 265.654 1757.42
130700000.00000007 73.67469999999997 265.56299999999993 1757.9900000000005
130799999.99999999 73.63680000000001 265.472 1758.56
130900000.00000003 73.59889999999999 265.381 1759.13
131000000.00000009 73.56099999999996 265.2899999999999 1759.7000000000005
131100000.0 73.5231 265.199 1760.27
131200000.00000004 73.48519999999998 265.10799999999995 1760.8400000000001
131299999.99999996 73.44730000000001 265.01700000000005 1761.4099999999999
131400000.0 73.40939999999999 264.926 1761.98
131500000.00000006 73.37149999999998 264.8349999999999 1762.5500000000004
131599999.99999997 73.33360000000002 264.744 1763.12
131700000.00000001 73.2957 264.65299999999996 1763.69
131800000.00000007 73.25779999999997 264.56199999999995 1764.2600000000004
131899999.99999997 73.21990000000001 264.471 1764.83
132000000.00000003 73.18199999999999 264.38 1765.4
132100000.00000007 73.14409999999997 264.28899999999993 1765.9700000000005
132199999.99999999 73.1062 264.198 1766.54
132300000.00000004 73.06829999999998 264.10699999999997 1767.1100000000001
132400000.00000009 73.03039999999997 264.0159999999999 1767.6800000000005
132500000.0 72.9925 263.925 1768.25
132600000.00000004 72.95459999999999 263.83399999999995 1768.8200000000004
132699999.99999996 72.91670000000002 263.74300000000005 1769.3899999999999
132800000.00000001 72.8788 263.652 1769.96
132900000.00000006 72.84089999999998 263.5609999999999 1770.5300000000004
132999999.99999997 72.80300000000001 263.47 1771.1
133100000.00000003 72.76509999999999 263.37899999999996 1771.67
133200000.00000007 72.72719999999997 263.28799999999995 1772.2400000000005
133299999.99999999 72.6893 263.197 1772.81
133400000.00000003 72.65139999999998 263.106 1773.38
133500000.00000009 72.61349999999997 263.01499999999993 1773.9500000000005
133600000.0 72.57560000000001 262.924 1774.52
133700000.00000004 72.53769999999999 262.83299999999997 1775.0900000000001
133799999.99999996 72.49980000000002 262.742 1775.6599999999999
133900000.0 72.4619 262.651 1776.23
134000000.00000006 72.42399999999998 262.55999999999995 1776.8000000000004
134099999.99999997 72.38610000000001 262.46900000000005 1777.37
134200000.00000001 72.34819999999999 262.378 1777.94
134300000.00000006 72.31029999999997 262.2869999999999 1778.5100000000004
134399999.99999997 72.2724 262.196 1779.08
134500000.00000003 72.2345 262.10499999999996 1779.65
134600000.0000001 72.19659999999998 262.01399999999995 1780.2200000000005
134700000.0 72.15870000000001 261.923 1780.79
134800000.00000003 72.12079999999999 261.832 1781.3600000000001
134900000.0000001 72.08289999999997 261.74099999999993 1781.9300000000005
135000000.0 72.045 261.65 1782.5
135100000.00000006 72.00709999999998 261.55899999999997 1783.0700000000004
135199999.99999997 71.96920000000001 261.468 1783.6399999999999
135300000.0 71.9313 261.377 1784.21
135400000.00000006 71.89339999999999 261.28599999999994 1784.7800000000004
135499999.99999997 71.8555 261.19500000000005 1785.35
135600000.00000003 71.8176 261.104 1785.92
135700000.00000006 71.77969999999998 261.0129999999999 1786.4900000000005
135799999.99999997 71.74180000000001 260.922 1787.06
135900000.00000003 71.70389999999999 260.83099999999996 1787.63
136000000.0000001 71.66599999999997 260.73999999999995 1788.2000000000005
136100000.0 71.6281 260.649 1788.77
136200000.00000006 71.59019999999998 260.558 1789.3400000000001
136299999.99999994 71.55230000000002 260.46700000000004 1789.9099999999999
136400000.0 71.5144 260.37600000000003 1790.48
136500000.00000006 71.47649999999999 260.28499999999997 1791.0500000000004
136599999.99999997 71.43860000000002 260.194 1791.62
136700000.00000003 71.4007 260.103 1792.19
136800000.00000006 71.36279999999998 260.01199999999994 1792.7600000000004
136899999.99999997 71.32490000000001 259.92100000000005 1793.33
137000000.00000003 71.28699999999999 259.83 1793.9
137100000.0000001 71.24909999999997 259.7389999999999 1794.4700000000005
137200000.0 71.2112 259.648 1795.04
137300000.00000003 71.17329999999998 259.55699999999996 1795.6100000000001
137400000.0000001 71.13539999999998 259.46599999999995 1796.1800000000005
137500000.0 71.0975 259.375 1796.75
137600000.00000006 71.05959999999999 259.284 1797.3200000000004
137699999.99999997 71.02170000000002 259.19300000000004 1797.8899999999999
137800000.0 70.9838 259.10200000000003 1798.46
137900000.00000006 70.94589999999998 259.01099999999997 1799.0300000000004
137999999.99999997 70.90800000000002 258.92 1799.6
138100000.00000003 70.8701 258.829 1800.17
138200000.00000006 70.83219999999997 258.73799999999994 1800.7400000000005
138299999.99999997 70.7943 258.64700000000005 1801.31
138400000.00000003 70.75639999999999 258.556 1801.88
138500000.0000001 70.71849999999998 258.4649999999999 1802.4500000000005
138600000.0 70.68060000000001 258.374 1803.02
138700000.00000006 70.64269999999999 258.28299999999996 1803.5900000000001
138799999.99999994 70.60480000000003 258.19200000000006 1804.1599999999999
138900000.0 70.5669 258.101 1804.73
139000000.00000006 70.52899999999998 258.01 1805.3000000000004
139099999.99999997 70.49110000000002 257.91900000000004 1805.87
139200000.00000003 70.4532 257.82800000000003 1806.44
139300000.00000006 70.41529999999997 257.73699999999997 1807.0100000000004
139399999.99999997 70.37740000000001 257.646 1807.58
139500000.00000003 70.3395 257.555 1808.15
139600000.0000001 70.30159999999998 257.46399999999994 1808.7200000000005
139700000.0 70.26370000000001 257.37300000000005 1809.29
139800000.00000003 70.22579999999999 257.282 1809.8600000000001
139900000.0000001 70.18789999999997 257.1909999999999 1810.4300000000005
140000000.0 70.15 257.1 1811.0
140100000.00000006 70.11599999999999 257.015 1811.5300000000002
140199999.99999997 70.08200000000002 256.93000000000006 1812.0599999999997
140300000.0 70.048 256.845 1812.5900000000001
140400000.00000006 70.01399999999998 256.76 1813.1200000000003
140499999.99999997 69.98000000000002 256.67500000000007 1813.6499999999999
140600000.00000003 69.946 256.59 1814.18
140700000.00000006 69.91199999999998 256.50499999999994 1814.7100000000005
140799999.99999997 69.87800000000001 256.42 1815.24
140900000.00000003 69.844 256.335 1815.7700000000002
141000000.0000001 69.80999999999997 256.24999999999994 1816.3000000000004
141100000.0 69.77600000000001 256.165 1816.83
141200000.00000006 69.74199999999999 256.08 1817.3600000000001
141299999.99999994 69.70800000000003 255.99500000000006 1817.8899999999999
141400000.0 69.674 255.91000000000003 1818.42
141500000.00000006 69.63999999999999 255.82499999999996 1818.9500000000003
141599999.99999997 69.60600000000002 255.74000000000004 1819.4799999999998
141700000.00000003 69.572 255.655 1820.01
141800000.00000006 69.53799999999998 255.56999999999996 1820.5400000000004
141899999.99999997 69.50400000000002 255.48500000000004 1821.07
142000000.00000003 69.47 255.4 1821.6000000000001
142100000.0000001 69.43599999999998 255.31499999999994 1822.1300000000003
142200000.0 69.40200000000002 255.23000000000002 1822.6599999999999
142300000.00000003 69.368 255.14499999999998 1823.1900000000003
142400000.0000001 69.33399999999997 255.05999999999995 1823.7200000000005
142500000.0 69.30000000000001 254.97500000000002 1824.25
142600000.00000006 69.26599999999999 254.88999999999996 1824.7800000000002
142699999.99999997 69.23200000000001 254.80500000000004 1825.3099999999997
142800000.0 69.198 254.72 1825.8400000000001
142900000.00000006 69.16399999999999 254.63499999999996 1826.3700000000003
142999999.99999997 69.13000000000001 254.55000000000004 1826.8999999999999
143100000.00000003 69.09599999999999 254.465 1827.43
143200000.00000006 69.06199999999998 254.37999999999994 1827.9600000000005
143299999.99999997 69.028 254.29500000000002 1828.49
143400000.00000003 68.99399999999999 254.20999999999998 1829.0200000000002
143500000.0000001 68.95999999999998 254.12499999999994 1829.5500000000004
143600000.0 68.926 254.04000000000002 1830.08
143700000.00000006 68.89199999999998 253.95499999999998 1830.6100000000001
143799999.99999994 68.85800000000002 253.87000000000006 1831.1399999999999
143900000.0 68.824 253.785 1831.67
144000000.00000006 68.78999999999998 253.69999999999996 1832.2000000000003
144099999.99999997 68.75600000000001 253.61500000000004 1832.7299999999998
144200000.00000003 68.722 253.53 1833.26
144300000.00000006 68.68799999999997 253.44499999999996 1833.7900000000004
144399999.99999997 68.65400000000001 253.36000000000004 1834.32
144500000.00000003 68.61999999999999 253.27499999999998 1834.8500000000001
144600000.0000001 68.58599999999997 253.18999999999994 1835.3800000000003
144700000.0 68.552 253.10500000000002 1835.9099999999999
144800000.00000003 68.51799999999999 253.01999999999998 1836.4400000000003
144900000.0000001 68.48399999999997 252.93499999999995 1836.9700000000005
145000000.0 68.45 252.85000000000002 1837.5
145100000.00000006 68.41599999999998 252.76499999999996 1838.0300000000002
145199999.99999997 68.38200000000002 252.68000000000004 1838.5599999999997
145300000.0 68.348 252.595 1839.0900000000001
145400000.00000006 68.31399999999998 252.50999999999996 1839.6200000000003
145499999.99999997 68.28000000000002 252.42500000000004 1840.1499999999999
145600000.00000003 68.246 252.33999999999997 1840.68
145700000.00000006 68.21199999999997 252.25499999999994 1841.2100000000005
145799999.99999997 68.17800000000001 252.17000000000002 1841.74
145900000.00000003 68.14399999999999 252.08499999999998 1842.2700000000002
146000000.0000001 68.10999999999997 251.99999999999994 1842.8000000000004
146100000.0 68.07600000000001 251.91500000000002 1843.33
146200000.00000006 68.04199999999999 251.82999999999996 1843.8600000000001
146299999.99999994 68.00800000000002 251.74500000000003 1844.3899999999999
146400000.0 67.974 251.66 1844.92
146500000.00000006 67.93999999999998 251.57499999999996 1845.4500000000003
146599999.99999997 67.90600000000002 251.49000000000004 1845.9799999999998
146700000.00000003 67.872 251.405 1846.51
146800000.00000006 67.83799999999998 251.31999999999994 1847.0400000000004
146899999.99999997 67.80400000000002 251.235 1847.57
147000000.00000003 67.77 251.14999999999998 1848.1000000000001
147100000.0000001 67.73599999999998 251.06499999999994 1848.6300000000003
147200000.0 67.702 250.98000000000002 1849.1599999999999
147300000.00000003 67.66799999999999 250.89499999999998 1849.6900000000003
147400000.0000001 67.63399999999997 250.80999999999992 1850.2200000000005
147500000.0 67.6 250.725 1850.75
147600000.00000006 67.56599999999999 250.63999999999996 1851.2800000000002
147699999.99999997 67.53200000000001 250.55500000000004 1851.8099999999997
147800000.0 67.49799999999999 250.47 1852.3400000000001
147900000.00000006 67.46399999999998 250.38499999999993 1852.8700000000003
147999999.99999997 67.43 250.3 1853.3999999999999
148100000.00000003 67.39599999999999 250.21499999999997 1853.93
148200000.00000006 67.36199999999998 250.12999999999994 1854.4600000000005
148299999.99999997 67.328 250.04500000000002 1854.99
148400000.00000003 67.29399999999998 249.95999999999998 1855.5200000000002
148500000.0000001 67.25999999999998 249.87499999999991 1856.0500000000004
148600000.0 67.226 249.79 1856.58
148700000.00000006 67.19199999999998 249.70499999999996 1857.1100000000001
148799999.99999994 67.15800000000002 249.62000000000003 1857.6399999999999
148900000.0 67.124 249.535 1858.17
149000000.00000006 67.08999999999997 249.44999999999996 1858.7000000000003
149099999.99999997 67.05600000000001 249.36500000000004 1859.2299999999998
149200000.00000003 67.02199999999999 249.27999999999997 1859.76
149300000.00000006 66.98799999999997 249.19499999999994 1860.2900000000004
149399999.99999997 66.95400000000001 249.11 1860.82
149500000.00000003 66.91999999999999 249.02499999999998 1861.3500000000001
149600000.0000001 66.88599999999997 248.93999999999994 1861.8800000000003
149700000.0 66.852 248.85500000000002 1862.4099999999999
149800000.00000003 66.81799999999998 248.76999999999995 1862.9400000000003
149900000.0000001 66.78399999999996 248.68499999999992 1863.4700000000005
150000000.0 66.75 248.6 1864.0
150100000.00000006 66.71919999999999 248.52199999999996 1864.4700000000003
150199999.99999997 66.68840000000002 248.44400000000002 1864.9399999999998
150300000.0 66.6576 248.36599999999999 1865.41
150400000.00000006 66.62679999999997 248.28799999999995 1865.8800000000003
150499999.99999997 66.596 248.21 1866.35
150600000.00000003 66.56519999999999 248.13199999999998 1866.8200000000002
150700000.00000006 66.53439999999998 248.05399999999995 1867.2900000000004
150799999.99999997 66.5036 247.976 1867.76
150900000.00000003 66.47279999999999 247.89799999999997 1868.2300000000002
151000000.0000001 66.44199999999998 247.81999999999994 1868.7000000000005
151100000.0 66.41120000000001 247.742 1869.17
151200000.00000006 66.38039999999998 247.66399999999996 1869.6400000000003
151299999.99999994 66.34960000000001 247.58600000000004 1870.1099999999997
151400000.0 66.3188 247.50799999999998 1870.58
151500000.00000006 66.28799999999998 247.42999999999995 1871.0500000000002
151599999.99999997 66.25720000000001 247.35200000000003 1871.5199999999998
151700000.00000003 66.2264 247.27399999999997 1871.99
151800000.00000006 66.19559999999998 247.19599999999994 1872.4600000000003
151899999.99999997 66.16480000000001 247.11800000000002 1872.9299999999998
152000000.00000003 66.13399999999999 247.03999999999996 1873.4
152100000.0000001 66.10319999999997 246.96199999999993 1873.8700000000003
152200000.0 66.0724 246.88400000000001 1874.34
152300000.00000003 66.04159999999999 246.80599999999995 1874.8100000000002
152400000.0000001 66.01079999999997 246.72799999999992 1875.2800000000004
152500000.0 65.98 246.65 1875.75
152600000.00000006 65.94919999999999 246.57199999999995 1876.2200000000003
152699999.99999997 65.91840000000002 246.49400000000003 1876.6899999999998
152800000.0 65.88759999999999 246.416 1877.16
152900000.00000006 65.85679999999998 246.33799999999994 1877.6300000000003
152999999.99999997 65.82600000000001 246.26000000000002 1878.1
153100000.00000003 65.7952 246.182 1878.5700000000002
153200000.00000006 65.76439999999998 246.10399999999993 1879.0400000000004
153299999.99999997 65.73360000000001 246.026 1879.51
153400000.00000003 65.7028 245.94799999999998 1879.9800000000002
153500000.0000001 65.67199999999997 245.86999999999995 1880.4500000000005
153600000.0 65.6412 245.792 1880.92
153700000.00000006 65.61039999999998 245.71399999999997 1881.3900000000003
153799999.99999994 65.57960000000001 245.63600000000002 1881.8599999999997
153900000.0 65.5488 245.558 1882.33
154000000.00000006 65.51799999999999 245.47999999999996 1882.8000000000002
154099999.99999997 65.48720000000002 245.40200000000002 1883.2699999999998
154200000.00000003 65.4564 245.32399999999998 1883.74
154300000.00000006 65.42559999999997 245.24599999999995 1884.2100000000003
154399999.99999997 65.3948 245.168 1884.6799999999998
154500000.00000003 65.36399999999999 245.08999999999997 1885.15
154600000.0000001 65.33319999999998 245.01199999999994 1885.6200000000003
154700000.0 65.3024 244.934 1886.09
154800000.00000003 65.27159999999999 244.85599999999997 1886.5600000000002
154900000.0000001 65.24079999999998 244.77799999999993 1887.0300000000004
155000000.0 65.21000000000001 244.7 1887.5
155100000.00000006 65.17919999999998 244.62199999999996 1887.9700000000003
155199999.99999997 65.14840000000001 244.54400000000004 1888.4399999999998
155300000.0 65.1176 244.466 1888.91
155400000.00000006 65.08679999999998 244.38799999999995 1889.3800000000003
155499999.99999997 65.05600000000001 244.31000000000003 1889.85
155600000.00000003 65.0252 244.232 1890.3200000000002
155700000.00000006 64.99439999999998 244.15399999999994 1890.7900000000004
155799999.99999997 64.9636 244.07600000000002 1891.26
155900000.00000003 64.93279999999999 243.998 1891.7300000000002
156000000.0000001 64.90199999999997 243.91999999999993 1892.2000000000005
156100000.0 64.8712 243.842 1892.67
156200000.00000006 64.84039999999999 243.76399999999998 1893.1400000000003
156299999.99999994 64.80960000000002 243.68600000000004 1893.6099999999997
156400000.0 64.7788 243.608 1894.08
156500000.00000006 64.74799999999999 243.52999999999997 1894.5500000000002
156599999.99999997 64.7172 243.45200000000003 1895.0199999999998
156700000.00000003 64.68639999999999 243.374 1895.49
156800000.00000006 64.65559999999998 243.29599999999996 1895.9600000000003
156899999.99999997 64.62480000000001 243.21800000000002 1896.4299999999998
157000000.00000003 64.594 243.14 1896.9
157100000.0000001 64.56319999999998 243.06199999999995 1897.3700000000003
157200000.0 64.53240000000001 242.984 1897.84
157300000.00000003 64.5016 242.90599999999998 1898.3100000000002
157400000.0000001 64.47079999999997 242.82799999999995 1898.7800000000004
157500000.0 64.44 242.75 1899.25
157600000.00000006 64.40919999999998 242.67199999999997 1899.7200000000003
157699999.99999997 64.37840000000001 242.59400000000005 1900.1899999999998
157800000.0 64.3476 242.516 1900.66
157900000.00000006 64.31679999999999 242.43799999999996 1901.1300000000003
157999999.99999997 64.28600000000002 242.36000000000004 1901.6
158100000.00000003 64.25519999999999 242.28199999999998 1902.0700000000002
158200000.00000006 64.22439999999997 242.20399999999995 1902.5400000000004
158299999.99999997 64.1936 242.12600000000003 1903.01
158400000.00000003 64.16279999999999 242.04799999999997 1903.4800000000002
158500000.0000001 64.13199999999998 241.96999999999994 1903.9500000000005
158600000.0 64.1012 241.89200000000002 1904.42
158700000.00000006 64.07039999999999 241.81399999999996 1904.8900000000003
158799999.99999994 64.03960000000002 241.73600000000005 1905.3599999999997
158900000.0 64.0088 241.65800000000002 1905.83
159000000.00000006 63.97799999999999 241.57999999999996 1906.3000000000002
159099999.99999997 63.94720000000001 241.50200000000004 1906.7699999999998
159200000.00000003 63.916399999999996 241.424 1907.24
159300000.00000006 63.88559999999998 241.34599999999995 1907.7100000000003
159399999.99999997 63.85480000000001 241.26800000000003 1908.1799999999998
159500000.00000003 63.82399999999999 241.19 1908.65
159600000.0000001 63.79319999999998 241.11199999999994 1909.1200000000003
159700000.0 63.76240000000001 241.03400000000002 1909.59
159800000.00000003 63.731599999999986 240.956 1910.0600000000002
159900000.0000001 63.70079999999997 240.87799999999993 1910.5300000000004
160000000.0 63.67 240.8 1911.0
160100000.00000006 63.64199999999999 240.72599999999997 1911.4400000000003
160199999.99999997 63.61400000000001 240.65200000000004 1911.8799999999999
160300000.0 63.586 240.578 1912.3200000000002
160400000.00000006 63.557999999999986 240.50399999999996 1912.7600000000002
160499999.99999997 63.53000000000001 240.43000000000004 1913.1999999999998
160600000.00000003 63.501999999999995 240.356 1913.64
160700000.00000006 63.47399999999998 240.28199999999995 1914.0800000000004
160799999.99999997 63.446000000000005 240.20800000000003 1914.52
160900000.00000003 63.41799999999999 240.134 1914.96
161000000.0000001 63.38999999999998 240.05999999999995 1915.4000000000003
161100000.0 63.362 239.98600000000002 1915.84
161200000.00000006 63.33399999999999 239.91199999999998 1916.2800000000002
161299999.99999994 63.30600000000001 239.83800000000005 1916.7199999999998
161400000.0 63.278 239.764 1917.16
161500000.00000006 63.249999999999986 239.68999999999997 1917.6000000000004
161599999.99999997 63.22200000000001 239.61600000000004 1918.04
161700000.00000003 63.193999999999996 239.542 1918.48
161800000.00000006 63.16599999999998 239.46799999999996 1918.9200000000003
161899999.99999997 63.138000000000005 239.39400000000003 1919.36
162000000.00000003 63.10999999999999 239.32 1919.8000000000002
162100000.0000001 63.08199999999998 239.24599999999995 1920.2400000000002
162200000.0 63.054 239.17200000000003 1920.6799999999998
162300000.00000003 63.02599999999999 239.09799999999998 1921.1200000000001
162400000.0000001 62.997999999999976 239.02399999999994 1921.5600000000004
162500000.0 62.97 238.95000000000002 1922.0
162600000.00000006 62.941999999999986 238.87599999999998 1922.4400000000003
162699999.99999997 62.91400000000001 238.80200000000005 1922.8799999999999
162800000.0 62.885999999999996 238.728 1923.3200000000002
162900000.00000006 62.85799999999998 238.65399999999997 1923.7600000000002
162999999.99999997 62.830000000000005 238.58000000000004 1924.1999999999998
163100000.00000003 62.80199999999999 238.506 1924.64
163200000.00000006 62.77399999999998 238.43199999999996 1925.0800000000004
163299999.99999997 62.746 238.35800000000003 1925.52
163400000.00000003 62.71799999999999 238.284 1925.96
163500000.0000001 62.689999999999976 238.20999999999995 1926.4000000000003
163600000.0 62.662 238.13600000000002 1926.84
163700000.00000006 62.633999999999986 238.06199999999998 1927.2800000000002
163799999.99999994 62.606000000000016 237.98800000000006 1927.7199999999998
163900000.0 62.577999999999996 237.91400000000002 1928.16
164000000.00000006 62.54999999999998 237.83999999999997 1928.6000000000004
164099999.99999997 62.52200000000001 237.76600000000005 1929.04
164200000.00000003 62.49399999999999 237.692 1929.48
164300000.00000006 62.46599999999998 237.61799999999997 1929.9200000000003
164399999.99999997 62.43800000000001 237.54400000000004 1930.36
164500000.00000003 62.40999999999999 237.47 1930.8000000000002
164600000.0000001 62.38199999999998 237.39599999999996 1931.2400000000002
164700000.0 62.354000000000006 237.322 1931.6799999999998
164800000.00000003 62.325999999999986 237.248 1932.1200000000001
164900000.0000001 62.29799999999997 237.17399999999995 1932.5600000000004
165000000.0 62.269999999999996 237.10000000000002 1933.0
165100000.00000006 62.24199999999998 237.02599999999998 1933.4400000000003
165199999.99999997 62.21400000000001 236.95200000000003 1933.8799999999999
165300000.0 62.18599999999999 236.878 1934.3200000000002
165400000.00000006 62.15799999999998 236.80399999999997 1934.7600000000002
165499999.99999997 62.13000000000001 236.73000000000002 1935.1999999999998
165600000.00000003 62.10199999999999 236.656 1935.64
165700000.00000006 62.07399999999998 236.58199999999997 1936.0800000000004
165799999.99999997 62.04600000000001 236.508 1936.52
165900000.00000003 62.01799999999999 236.43399999999997 1936.96
166000000.0000001 61.989999999999974 236.35999999999996 1937.4000000000003
166100000.0 61.962 236.286 1937.84
166200000.00000006 61.93399999999998 236.21199999999996 1938.2800000000002
166299999.99999994 61.90600000000001 236.13800000000003 1938.7199999999998
166400000.0 61.878 236.064 1939.16
166500000.00000006 61.84999999999998 235.98999999999995 1939.6000000000004
166599999.99999997 61.82200000000001 235.91600000000003 1940.04
166700000.00000003 61.794 235.84199999999998 1940.48
166800000.00000006 61.76599999999998 235.76799999999994 1940.9200000000003
166899999.99999997 61.73800000000001 235.69400000000002 1941.36
167000000.00000003 61.709999999999994 235.61999999999998 1941.8000000000002
167100000.0000001 61.681999999999974 235.54599999999994 1942.2400000000002
167200000.0 61.654 235.472 1942.6799999999998
167300000.00000003 61.62599999999999 235.39799999999997 1943.1200000000001
167400000.0000001 61.59799999999997 235.32399999999993 1943.5600000000004
167500000.0 61.57 235.25 1944.0
167600000.00000006 61.54199999999999 235.17599999999996 1944.4400000000003
167699999.99999997 61.51400000000001 235.10200000000003 1944.8799999999999
167800000.0 61.486 235.028 1945.3200000000002
167900000.00000006 61.457999999999984 234.95399999999995 1945.7600000000002
167999999.99999997 61.43000000000001 234.88000000000002 1946.1999999999998
168100000.00000003 61.401999999999994 234.80599999999998 1946.64
168200000.00000006 61.37399999999998 234.73199999999994 1947.0800000000004
168299999.99999997 61.346000000000004 234.65800000000002 1947.52
168400000.00000003 61.31799999999999 234.58399999999997 1947.96
168500000.0000001 61.28999999999998 234.50999999999993 1948.4000000000003
168600000.0 61.262 234.436 1948.84
168700000.00000006 61.23399999999999 234.36199999999997 1949.2800000000002
168799999.99999994 61.20600000000001 234.28800000000004 1949.7199999999998
168900000.0 61.178 234.214 1950.16
169000000.00000006 61.149999999999984 234.13999999999996 1950.6000000000004
169099999.99999997 61.12200000000001 234.06600000000003 1951.04
169200000.00000003 61.093999999999994 233.992 1951.48
169300000.00000006 61.06599999999998 233.91799999999995 1951.9200000000003
169399999.99999997 61.038000000000004 233.84400000000002 1952.36
169500000.00000003 61.00999999999999 233.76999999999998 1952.8000000000002
169600000.0000001 60.98199999999998 233.69599999999994 1953.2400000000002
169700000.0 60.954 233.622 1953.6799999999998
169800000.00000003 60.92599999999999 233.54799999999997 1954.1200000000001
169900000.0000001 60.897999999999975 233.47399999999993 1954.5600000000004
170000000.0 60.87 233.4 1955.0
170100000.00000006 60.84449999999998 233.33199999999997 1955.4100000000003
170199999.99999997 60.81900000000001 233.26400000000004 1955.82
170300000.0 60.793499999999995 233.196 1956.23
170400000.00000006 60.76799999999998 233.12799999999996 1956.6400000000003
170499999.99999997 60.74250000000001 233.06000000000003 1957.05
170600000.00000003 60.71699999999999 232.992 1957.46
170700000.00000006 60.69149999999998 232.92399999999995 1957.8700000000003
170799999.99999997 60.666000000000004 232.85600000000002 1958.28
170900000.00000003 60.64049999999999 232.78799999999998 1958.69
171000000.0000001 60.614999999999974 232.71999999999994 1959.1000000000004
171100000.0 60.5895 232.65200000000002 1959.51
171200000.00000006 60.563999999999986 232.58399999999997 1959.92
171299999.99999994 60.538500000000006 232.51600000000005 1960.33
171400000.0 60.513 232.448 1960.74
171500000.00000006 60.48749999999998 232.37999999999997 1961.1500000000003
171599999.99999997 60.462 232.31200000000004 1961.56
171700000.00000003 60.436499999999995 232.244 1961.97
171800000.00000006 60.41099999999998 232.17599999999996 1962.3800000000003
171899999.99999997 60.3855 232.10800000000003 1962.79
172000000.00000003 60.35999999999999 232.04 1963.2
172100000.0000001 60.33449999999998 231.97199999999995 1963.6100000000004
172200000.0 60.309 231.90400000000002 1964.02
172300000.00000003 60.28349999999999 231.83599999999998 1964.43
172400000.0000001 60.257999999999974 231.76799999999994 1964.8400000000004
172500000.0 60.2325 231.7 1965.25
172600000.00000006 60.20699999999999 231.63199999999998 1965.6600000000003
172699999.99999997 60.18150000000001 231.56400000000002 1966.07
172800000.0 60.156 231.49599999999998 1966.48
172900000.00000006 60.130499999999984 231.42799999999997 1966.8900000000003
172999999.99999997 60.105000000000004 231.36 1967.3
173100000.00000003 60.079499999999996 231.29199999999997 1967.71
173200000.00000006 60.05399999999998 231.22399999999996 1968.1200000000003
173299999.99999997 60.0285 231.156 1968.53
173400000.00000003 60.00299999999999 231.08799999999997 1968.94
173500000.0000001 59.97749999999998 231.01999999999995 1969.3500000000004
173600000.0 59.952 230.952 1969.76
173700000.00000006 59.92649999999999 230.88399999999996 1970.17
173799999.99999994 59.90100000000001 230.81600000000003 1970.58
173900000.0 59.875499999999995 230.748 1970.99
174000000.00000006 59.84999999999999 230.67999999999995 1971.4000000000003
174099999.99999997 59.82450000000001 230.61200000000002 1971.81
174200000.00000003 59.79899999999999 230.54399999999998 1972.22
174300000.00000006 59.773499999999984 230.47599999999994 1972.6300000000003
174399999.99999997 59.748000000000005 230.40800000000002 1973.04
174500000.00000003 59.72249999999999 230.33999999999997 1973.45
174600000.0000001 59.69699999999998 230.27199999999993 1973.8600000000004
174700000.0 59.6715 230.204 1974.27
174800000.00000003 59.64599999999999 230.13599999999997 1974.68
174900000.0000001 59.62049999999998 230.06799999999993 1975.0900000000004
175000000.0 59.595 230.0 1975.5
175100000.00000006 59.569499999999984 229.93199999999996 1975.9100000000003
175199999.99999997 59.54400000000001 229.86400000000003 1976.32
175300000.0 59.518499999999996 229.796 1976.73
175400000.00000006 59.49299999999998 229.72799999999995 1977.1400000000003
175499999.99999997 59.46750000000001 229.66000000000003 1977.55
175600000.00000003 59.44199999999999 229.59199999999998 1977.96
175700000.00000006 59.41649999999998 229.52399999999994 1978.3700000000003
175799999.99999997 59.391000000000005 229.45600000000002 1978.78
175900000.00000003 59.36549999999999 229.38799999999998 1979.19
176000000.0000001 59.339999999999975 229.31999999999994 1979.6000000000004
176100000.0 59.3145 229.252 1980.01
176200000.00000006 59.28899999999999 229.18399999999997 1980.42
176299999.99999994 59.26350000000001 229.11600000000004 1980.83
176400000.0 59.238 229.048 1981.24
176500000.00000006 59.212499999999984 228.97999999999996 1981.6500000000003
176599999.99999997 59.187000000000005 228.91200000000003 1982.06
176700000.00000003 59.1615 228.844 1982.47
176800000.00000006 59.13599999999998 228.77599999999995 1982.8800000000003
176899999.99999997 59.1105 228.70800000000003 1983.29
177000000.00000003 59.084999999999994 228.64 1983.7
177100000.0000001 59.05949999999998 228.57199999999995 1984.1100000000004
177200000.0 59.034000000000006 228.50400000000002 1984.52
177300000.00000003 59.00849999999999 228.43599999999998 1984.93
177400000.0000001 58.982999999999976 228.36799999999994 1985.3400000000004
177500000.0 58.957499999999996 228.3 1985.75
177600000.00000006 58.93199999999999 228.23199999999997 1986.1600000000003
177699999.99999997 58.90650000000001 228.16400000000002 1986.57
177800000.0 58.881 228.096 1986.98
177900000.00000006 58.855499999999985 228.02799999999996 1987.3900000000003
177999999.99999997 58.830000000000005 227.96 1987.8
178100000.00000003 58.80449999999999 227.89199999999997 1988.21
178200000.00000006 58.77899999999998 227.82399999999996 1988.6200000000003
178299999.99999997 58.7535 227.756 1989.03
178400000.00000003 58.727999999999994 227.68799999999996 1989.44
178500000.0000001 58.70249999999998 227.61999999999995 1989.8500000000004
178600000.0 58.677 227.552 1990.26
178700000.00000006 58.65149999999999 227.48399999999995 1990.67
178799999.99999994 58.62600000000001 227.41600000000003 1991.08
178900000.0 58.6005 227.34799999999998 1991.49
179000000.00000006 58.57499999999999 227.27999999999994 1991.9000000000003
179099999.99999997 58.54950000000001 227.21200000000002 1992.31
179200000.00000003 58.523999999999994 227.14399999999998 1992.72
179300000.00000006 58.498499999999986 227.07599999999994 1993.1300000000003
179399999.99999997 58.473000000000006 227.008 1993.54
179500000.00000003 58.44749999999999 226.93999999999997 1993.95
179600000.0000001 58.42199999999998 226.87199999999993 1994.3600000000004
179700000.0 58.3965 226.804 1994.77
179800000.00000003 58.37099999999999 226.73599999999996 1995.18
179900000.0000001 58.34549999999998 226.66799999999992 1995.5900000000004
180000000.0 58.32 226.6 1996.0
180200000.0000001 58.27519999999998 226.47499999999994 1996.7300000000005
180399999.9999999 58.23040000000002 226.35000000000005 1997.4599999999998
180600000.00000003 58.185599999999994 226.22499999999997 1998.19
180800000.00000012 58.14079999999997 226.0999999999999 1998.9200000000005
180999999.99999994 58.09600000000001 225.97500000000002 1999.6499999999999
181200000.00000006 58.05119999999999 225.84999999999997 2000.38
181400000.00000015 58.00639999999997 225.7249999999999 2001.1100000000006
181599999.99999997 57.96160000000001 225.60000000000002 2001.84
181800000.00000006 57.91679999999999 225.47499999999997 2002.5700000000002
182000000.00000018 57.871999999999964 225.34999999999988 2003.3000000000006
182200000.0 57.827200000000005 225.225 2004.03
182400000.0000001 57.78239999999998 225.09999999999994 2004.7600000000002
182599999.9999999 57.73760000000002 224.97500000000005 2005.4899999999998
182800000.0 57.6928 224.85 2006.22
183000000.00000012 57.647999999999975 224.7249999999999 2006.9500000000005
183199999.99999994 57.603200000000015 224.60000000000002 2007.6799999999998
183400000.00000003 57.55839999999999 224.47499999999997 2008.41
183600000.00000015 57.51359999999997 224.3499999999999 2009.1400000000006
183799999.99999994 57.46880000000001 224.22500000000002 2009.87
184000000.00000006 57.423999999999985 224.09999999999997 2010.6000000000001
184200000.00000015 57.37919999999997 223.9749999999999 2011.3300000000006
184399999.99999997 57.33440000000001 223.85000000000002 2012.06
184600000.0000001 57.289599999999986 223.72499999999994 2012.7900000000002
184800000.00000018 57.24479999999996 223.59999999999988 2013.5200000000007
185000000.0 57.2 223.475 2014.25
185200000.0000001 57.15519999999998 223.34999999999994 2014.9800000000005
185399999.9999999 57.11040000000002 223.22500000000005 2015.7099999999998
185600000.00000003 57.065599999999996 223.09999999999997 2016.44
185800000.00000012 57.02079999999997 222.9749999999999 2017.1700000000005
185999999.99999994 56.97600000000001 222.85000000000002 2017.8999999999999
186200000.00000006 56.93119999999999 222.72499999999997 2018.63
186400000.00000015 56.886399999999966 222.5999999999999 2019.3600000000006
186599999.99999997 56.84160000000001 222.47500000000002 2020.09
186800000.00000006 56.79679999999998 222.34999999999997 2020.8200000000002
187000000.00000018 56.75199999999996 222.22499999999988 2021.5500000000006
187200000.0 56.70720000000001 222.1 2022.28
187400000.0000001 56.662399999999984 221.97499999999994 2023.0100000000002
187599999.9999999 56.617600000000024 221.85000000000005 2023.7399999999998
187800000.0 56.5728 221.725 2024.47
188000000.00000012 56.52799999999998 221.5999999999999 2025.2000000000005
188199999.99999994 56.48320000000002 221.47500000000002 2025.9299999999998
188400000.00000003 56.438399999999994 221.34999999999997 2026.66
188600000.00000015 56.39359999999997 221.2249999999999 2027.3900000000006
188799999.99999994 56.34880000000001 221.10000000000002 2028.12
189000000.00000006 56.30399999999999 220.97499999999997 2028.8500000000001
189200000.00000015 56.259199999999964 220.8499999999999 2029.5800000000006
189399999.99999997 56.214400000000005 220.72500000000002 2030.31
189600000.0000001 56.16959999999998 220.59999999999994 2031.0400000000002
189800000.00000018 56.12479999999996 220.47499999999988 2031.7700000000007
190000000.0 56.08 220.35 2032.5
190200000.0000001 56.03519999999998 220.22499999999994 2033.2300000000005
190399999.9999999 55.99040000000002 220.10000000000005 2033.9599999999998
190600000.00000003 55.9456 219.97499999999997 2034.69
190800000.00000012 55.900799999999975 219.8499999999999 2035.4200000000005
190999999.99999994 55.856000000000016 219.72500000000002 2036.1499999999999
191200000.00000006 55.81119999999999 219.59999999999997 2036.88
191400000.00000015 55.76639999999997 219.4749999999999 2037.6100000000006
191599999.99999997 55.72160000000001 219.35000000000002 2038.34
191800000.00000006 55.676799999999986 219.22499999999997 2039.0700000000002
192000000.00000018 55.63199999999996 219.09999999999988 2039.8000000000006
192200000.0 55.5872 218.975 2040.53
192400000.0000001 55.54239999999998 218.84999999999994 2041.2600000000002
192599999.9999999 55.49760000000002 218.72500000000005 2041.9899999999998
192800000.0 55.452799999999996 218.6 2042.72
193000000.00000012 55.40799999999998 218.4749999999999 2043.4500000000005
193199999.99999994 55.36320000000002 218.35000000000002 2044.1799999999998
193400000.00000003 55.3184 218.22499999999997 2044.91
193600000.00000015 55.27359999999997 218.0999999999999 2045.6400000000006
193799999.99999994 55.228800000000014 217.97500000000002 2046.37
194000000.00000006 55.18399999999999 217.84999999999997 2047.1000000000001
194200000.00000015 55.13919999999997 217.7249999999999 2047.8300000000006
194399999.99999997 55.09440000000001 217.60000000000002 2048.56
194600000.0000001 55.049599999999984 217.47499999999994 2049.2900000000004
194800000.00000018 55.00479999999996 217.34999999999988 2050.0200000000004
195000000.0 54.96 217.225 2050.75
195200000.0000001 54.91519999999998 217.09999999999994 2051.4800000000005
195399999.9999999 54.87040000000002 216.97500000000005 2052.2099999999996
195600000.00000003 54.825599999999994 216.84999999999997 2052.94
195800000.00000012 54.78079999999998 216.7249999999999 2053.6700000000005
195999999.99999994 54.73600000000002 216.60000000000002 2054.3999999999996
196200000.00000006 54.691199999999995 216.47499999999997 2055.13
196400000.00000015 54.64639999999997 216.3499999999999 2055.8600000000006
196599999.99999997 54.60160000000001 216.22500000000002 2056.5899999999997
196800000.00000006 54.55679999999999 216.09999999999997 2057.32
197000000.00000018 54.511999999999965 215.97499999999988 2058.0500000000006
197200000.0 54.467200000000005 215.85 2058.7799999999997
197400000.0000001 54.42239999999998 215.72499999999994 2059.51
197599999.9999999 54.37760000000002 215.60000000000005 2060.24
197800000.0 54.3328 215.475 2060.9700000000003
198000000.00000012 54.287999999999975 215.3499999999999 2061.7000000000003
198199999.99999994 54.243200000000016 215.22500000000002 2062.43
198400000.00000003 54.19839999999999 215.09999999999997 2063.1600000000003
198600000.00000015 54.15359999999997 214.9749999999999 2063.8900000000003
198799999.99999994 54.108800000000016 214.85000000000002 2064.62
199000000.00000006 54.06399999999999 214.72499999999997 2065.3500000000004
199200000.00000015 54.01919999999997 214.5999999999999 2066.0800000000004
199399999.99999997 53.97440000000001 214.47500000000002 2066.81
199600000.0000001 53.929599999999986 214.34999999999994 2067.5400000000004
199800000.00000018 53.88479999999996 214.22499999999988 2068.2700000000004
200000000.0 53.84 214.1 2069.0
200250000.00000012 53.79329999999998 213.96199999999993 2069.78
200499999.9999999 53.74660000000002 213.82400000000004 2070.5599999999995
200750000.00000003 53.6999 213.68599999999998 2071.34
201000000.00000015 53.65319999999998 213.54799999999992 2072.1200000000003
201249999.99999994 53.60650000000002 213.41000000000003 2072.8999999999996
201500000.00000006 53.559799999999996 213.27199999999996 2073.6800000000003
201750000.00000018 53.513099999999966 213.1339999999999 2074.4600000000005
201999999.99999997 53.466400000000014 212.996 2075.24
202250000.0000001 53.419699999999985 212.85799999999995 2076.0200000000004
202500000.0000002 53.37299999999996 212.71999999999989 2076.8000000000006
202750000.0 53.3263 212.582 2077.58
203000000.00000012 53.27959999999998 212.44399999999993 2078.3600000000006
203249999.99999988 53.23290000000002 212.30600000000007 2079.1399999999994
203500000.0 53.1862 212.16799999999998 2079.92
203750000.00000015 53.13949999999998 212.02999999999992 2080.7000000000003
203999999.9999999 53.09280000000002 211.89200000000005 2081.4799999999996
204250000.00000003 53.046099999999996 211.75399999999996 2082.26
204500000.00000018 52.99939999999997 211.6159999999999 2083.0400000000004
204749999.99999994 52.952700000000014 211.47800000000004 2083.8199999999997
205000000.00000006 52.90599999999999 211.33999999999995 2084.6000000000004
205250000.0000002 52.85929999999997 211.20199999999988 2085.3800000000006
205499999.99999997 52.81260000000001 211.06400000000002 2086.16
205750000.0000001 52.76589999999999 210.92599999999993 2086.9400000000005
206000000.00000024 52.71919999999996 210.78799999999987 2087.7200000000007
206250000.0 52.6725 210.65 2088.5
206500000.00000012 52.62579999999998 210.51199999999992 2089.28
206749999.9999999 52.57910000000002 210.37400000000005 2090.0599999999995
207000000.00000003 52.532399999999996 210.236 2090.84
207250000.00000015 52.48569999999997 210.0979999999999 2091.6200000000003
207499999.99999994 52.439000000000014 209.96000000000004 2092.3999999999996
207750000.00000006 52.39229999999999 209.82199999999997 2093.1800000000003
208000000.00000018 52.34559999999997 209.6839999999999 2093.9600000000005
208249999.99999997 52.29890000000001 209.54600000000002 2094.74
208500000.0000001 52.25219999999999 209.40799999999996 2095.5200000000004
208750000.0000002 52.205499999999965 209.26999999999987 2096.3000000000006
209000000.0 52.15880000000001 209.132 2097.08
209250000.00000012 52.112099999999984 208.99399999999994 2097.8600000000006
209499999.99999988 52.065400000000025 208.85600000000005 2098.6399999999994
209750000.0 52.0187 208.718 2099.42
210000000.00000015 51.97199999999997 208.57999999999993 2100.2000000000003
210249999.9999999 51.92530000000002 208.44200000000004 2100.9799999999996
210500000.00000003 51.87859999999999 208.30399999999997 2101.76
210750000.00000018 51.83189999999997 208.1659999999999 2102.5400000000004
210999999.99999994 51.78520000000001 208.02800000000002 2103.3199999999997
211250000.00000006 51.73849999999999 207.88999999999996 2104.1000000000004
211500000.0000002 51.691799999999965 207.7519999999999 2104.8800000000006
211749999.99999997 51.645100000000006 207.614 2105.66
212000000.0000001 51.598399999999984 207.47599999999994 2106.4400000000005
212250000.00000024 51.55169999999996 207.33799999999988 2107.2200000000007
212500000.0 51.505 207.2 2108.0
212750000.00000012 51.45829999999998 207.06199999999993 2108.78
212999999.9999999 51.41160000000002 206.92400000000006 2109.5599999999995
213250000.00000003 51.3649 206.786 2110.34
213500000.00000015 51.318199999999976 206.6479999999999 2111.1200000000003
213749999.99999994 51.27150000000002 206.51000000000005 2111.8999999999996
214000000.00000006 51.224799999999995 206.37199999999999 2112.6800000000003
214250000.00000018 51.178099999999965 206.2339999999999 2113.4600000000005
214499999.99999997 51.13140000000001 206.09600000000003 2114.24
214750000.0000001 51.084699999999984 205.95799999999997 2115.0200000000004
215000000.0000002 51.03799999999996 205.81999999999988 2115.8000000000006
215250000.0 50.9913 205.68200000000002 2116.58
215500000.00000012 50.94459999999998 205.54399999999995 2117.3600000000006
215749999.99999988 50.89790000000002 205.40600000000006 2118.1399999999994
216000000.0 50.8512 205.268 2118.92
216250000.00000015 50.804499999999976 205.12999999999994 2119.7000000000003
216499999.9999999 50.75780000000002 204.99200000000005 2120.4799999999996
216750000.00000003 50.711099999999995 204.85399999999998 2121.26
217000000.00000018 50.66439999999997 204.71599999999992 2122.0400000000004
217249999.99999994 50.61770000000001 204.57800000000003 2122.8199999999997
217500000.00000006 50.57099999999999 204.43999999999997 2123.6000000000004
217750000.0000002 50.52429999999997 204.3019999999999 2124.3800000000006
217999999.99999997 50.47760000000001 204.16400000000002 2125.16
218250000.0000001 50.43089999999998 204.02599999999995 2125.9400000000005
218500000.00000024 50.38419999999996 203.8879999999999 2126.7200000000007
218750000.0 50.337500000000006 203.75 2127.5
219000000.00000012 50.290799999999976 203.61199999999994 2128.28
219249999.9999999 50.24410000000002 203.47400000000007 2129.0599999999995
219500000.00000003 50.197399999999995 203.33599999999998 2129.84
219750000.00000015 50.15069999999997 203.19799999999992 2130.6200000000003
219999999.99999994 50.10400000000001 203.06000000000006 2131.3999999999996
220250000.00000006 50.05729999999999 202.92199999999997 2132.1800000000003
220500000.00000018 50.01059999999997 202.7839999999999 2132.9600000000005
220749999.99999997 49.96390000000001 202.64600000000004 2133.74
221000000.0000001 49.91719999999999 202.50799999999995 2134.5200000000004
221250000.0000002 49.870499999999964 202.3699999999999 2135.3000000000006
221500000.0 49.823800000000006 202.23200000000003 2136.08
221750000.00000012 49.77709999999998 202.09399999999994 2136.8600000000006
221999999.99999988 49.730400000000024 201.95600000000007 2137.6399999999994
222250000.0 49.6837 201.818 2138.42
222500000.00000015 49.63699999999997 201.67999999999992 2139.2000000000003
222749999.9999999 49.59030000000002 201.54200000000006 2139.9799999999996
223000000.00000003 49.5436 201.404 2140.76
223250000.00000018 49.49689999999997 201.2659999999999 2141.5400000000004
223499999.99999994 49.45020000000001 201.12800000000004 2142.3199999999997
223750000.00000006 49.40349999999999 200.98999999999998 2143.1000000000004
224000000.0000002 49.356799999999964 200.8519999999999 2143.8800000000006
224249999.99999997 49.310100000000006 200.71400000000003 2144.66
224500000.0000001 49.26339999999998 200.57599999999996 2145.4400000000005
224750000.00000024 49.21669999999996 200.43799999999987 2146.2200000000007
225000000.0 49.17 200.3 2147.0
225250000.00000012 49.13119999999998 200.17999999999995 2147.6700000000005
225499999.9999999 49.09240000000002 200.06000000000006 2148.3399999999997
225750000.00000003 49.053599999999996 199.94 2149.01
226000000.00000015 49.01479999999998 199.81999999999994 2149.6800000000003
226249999.99999994 48.97600000000001 199.70000000000005 2150.35
226500000.00000006 48.93719999999999 199.57999999999998 2151.02
226750000.00000018 48.898399999999974 199.45999999999992 2151.6900000000005
226999999.99999997 48.85960000000001 199.34000000000003 2152.3599999999997
227250000.0000001 48.82079999999999 199.21999999999997 2153.03
227500000.0000002 48.78199999999997 199.0999999999999 2153.7000000000007
227750000.0 48.7432 198.98000000000002 2154.37
228000000.00000012 48.704399999999985 198.85999999999996 2155.0400000000004
228249999.99999988 48.66560000000002 198.74000000000007 2155.7099999999996
228500000.0 48.626799999999996 198.62 2156.38
228750000.00000015 48.58799999999998 198.49999999999994 2157.05
228999999.9999999 48.54920000000001 198.38000000000005 2157.72
229250000.00000003 48.5104 198.26 2158.3900000000003
229500000.00000018 48.471599999999974 198.13999999999993 2159.0600000000004
229749999.99999994 48.43280000000001 198.02000000000004 2159.73
230000000.00000006 48.39399999999999 197.89999999999998 2160.4
230250000.0000002 48.35519999999997 197.77999999999992 2161.0700000000006
230499999.99999997 48.31640000000001 197.66000000000003 2161.74
230750000.0000001 48.277599999999985 197.53999999999996 2162.4100000000003
231000000.00000024 48.23879999999997 197.4199999999999 2163.080000000001
231250000.0 48.2 197.3 2163.75
231500000.00000012 48.16119999999998 197.17999999999995 2164.4200000000005
231749999.9999999 48.12240000000001 197.06000000000006 2165.0899999999997
232000000.00000003 48.0836 196.94 2165.76
232250000.00000015 48.044799999999974 196.81999999999994 2166.4300000000003
232499999.99999994 48.006000000000014 196.70000000000005 2167.1
232750000.00000006 47.96719999999999 196.57999999999998 2167.77
233000000.00000018 47.928399999999975 196.45999999999992 2168.4400000000005
233249999.99999997 47.88960000000001 196.34000000000003 2169.1099999999997
233500000.0000001 47.850799999999985 196.21999999999997 2169.78
233750000.0000002 47.81199999999997 196.0999999999999 2170.4500000000007
234000000.0 47.7732 195.98000000000002 2171.12
234250000.00000012 47.73439999999998 195.85999999999996 2171.7900000000004
234499999.99999988 47.69560000000002 195.74000000000007 2172.4599999999996
234750000.0 47.6568 195.62 2173.13
235000000.00000015 47.61799999999998 195.49999999999994 2173.8
235249999.9999999 47.579200000000014 195.38000000000005 2174.47
235500000.00000003 47.54039999999999 195.26 2175.1400000000003
235750000.00000018 47.501599999999975 195.13999999999993 2175.8100000000004
235999999.99999994 47.46280000000001 195.02000000000004 2176.48
236250000.00000006 47.42399999999999 194.89999999999998 2177.15
236500000.0000002 47.38519999999997 194.77999999999992 2177.8200000000006
236749999.99999997 47.3464 194.66000000000003 2178.49
237000000.0000001 47.30759999999999 194.53999999999996 2179.1600000000003
237250000.00000024 47.26879999999996 194.4199999999999 2179.830000000001
237500000.0 47.230000000000004 194.3 2180.5
237750000.00000012 47.19119999999998 194.17999999999995 2181.1700000000005
237999999.9999999 47.152400000000014 194.06000000000006 2181.8399999999997
238250000.00000003 47.1136 193.94 2182.51
238500000.00000015 47.074799999999975 193.81999999999994 2183.1800000000003
238749999.99999994 47.03600000000001 193.70000000000005 2183.85
239000000.00000006 46.99719999999999 193.57999999999998 2184.52
239250000.00000018 46.95839999999997 193.45999999999992 2185.1900000000005
239499999.99999997 46.91960000000001 193.34000000000003 2185.8599999999997
239750000.0000001 46.88079999999999 193.21999999999997 2186.53
240000000.0000002 46.84199999999997 193.0999999999999 2187.2000000000007
240250000.0 46.803200000000004 192.98000000000002 2187.87
240500000.00000012 46.76439999999998 192.85999999999996 2188.5400000000004
240749999.99999988 46.725600000000014 192.74000000000007 2189.2099999999996
241000000.0 46.6868 192.62 2189.88
241250000.00000015 46.647999999999975 192.49999999999994 2190.55
241499999.9999999 46.609200000000016 192.38000000000005 2191.22
241750000.00000003 46.57039999999999 192.26 2191.8900000000003
242000000.00000018 46.531599999999976 192.13999999999993 2192.5600000000004
242249999.99999994 46.49280000000001 192.02000000000004 2193.23
242500000.00000006 46.453999999999986 191.89999999999998 2193.9
242750000.0000002 46.41519999999997 191.77999999999992 2194.5700000000006
242999999.99999997 46.376400000000004 191.66000000000003 2195.24
243250000.0000001 46.33759999999999 191.53999999999996 2195.9100000000003
243500000.00000024 46.298799999999964 191.4199999999999 2196.580000000001
243750000.0 46.26 191.3 2197.25
244000000.00000012 46.22119999999998 191.17999999999995 2197.9200000000005
244249999.9999999 46.182400000000015 191.06000000000006 2198.5899999999997
244500000.00000003 46.14359999999999 190.94 2199.26
244750000.00000015 46.104799999999976 190.81999999999994 2199.9300000000003
244999999.99999994 46.06600000000001 190.70000000000005 2200.6
245250000.00000006 46.02719999999999 190.57999999999998 2201.27
245500000.00000018 45.98839999999997 190.45999999999992 2201.9400000000005
245749999.99999997 45.949600000000004 190.34000000000003 2202.6099999999997
246000000.0000001 45.91079999999999 190.21999999999997 2203.28
246250000.0000002 45.871999999999964 190.0999999999999 2203.9500000000007
246500000.0 45.833200000000005 189.98000000000002 2204.62
246750000.00000012 45.79439999999998 189.85999999999996 2205.2900000000004
246999999.99999988 45.755600000000015 189.74000000000007 2205.9599999999996
247250000.0 45.7168 189.62 2206.63
247500000.00000015 45.677999999999976 189.49999999999994 2207.3
247749999.9999999 45.63920000000001 189.38000000000005 2207.97
248000000.00000003 45.60039999999999 189.26 2208.6400000000003
248250000.00000018 45.56159999999997 189.13999999999993 2209.3100000000004
248499999.99999994 45.52280000000001 189.02000000000004 2209.98
248750000.00000006 45.48399999999999 188.89999999999998 2210.65
249000000.0000002 45.44519999999997 188.77999999999992 2211.3200000000006
249249999.99999997 45.406400000000005 188.66000000000003 2211.99
249500000.0000001 45.36759999999998 188.53999999999996 2212.6600000000003
249750000.00000024 45.328799999999966 188.4199999999999 2213.330000000001
250000000.0 45.29 188.3 2214.0
250250000.00000012 45.25709999999998 188.19299999999996 2214.5800000000004
250499999.9999999 45.22420000000001 188.08600000000004 2215.16
250750000.00000003 45.1913 187.97899999999998 2215.7400000000002
251000000.00000015 45.15839999999998 187.87199999999996 2216.32
251249999.99999994 45.12550000000001 187.76500000000004 2216.8999999999996
251500000.00000006 45.09259999999999 187.658 2217.48
251750000.00000018 45.05969999999998 187.55099999999993 2218.0600000000004
251999999.99999997 45.0268 187.44400000000002 2218.64
252250000.0000001 44.99389999999999 187.33699999999996 2219.2200000000003
252500000.0000002 44.96099999999997 187.2299999999999 2219.8000000000006
252750000.0 44.9281 187.12300000000002 2220.38
253000000.00000012 44.89519999999998 187.01599999999996 2220.96
253249999.99999988 44.86230000000001 186.90900000000005 2221.54
253500000.0 44.8294 186.802 2222.12
253750000.00000015 44.79649999999998 186.69499999999994 2222.7000000000003
253999999.9999999 44.76360000000001 186.58800000000005 2223.2799999999997
254250000.00000003 44.73069999999999 186.481 2223.86
254500000.00000018 44.69779999999998 186.37399999999994 2224.4400000000005
254749999.99999994 44.66490000000001 186.26700000000002 2225.02
255000000.00000006 44.63199999999999 186.15999999999997 2225.6000000000004
255250000.0000002 44.59909999999997 186.0529999999999 2226.1800000000003
255499999.99999997 44.5662 185.94600000000003 2226.7599999999998
255750000.0000001 44.53329999999998 185.83899999999997 2227.34
256000000.00000024 44.50039999999997 185.7319999999999 2227.9200000000005
256250000.0 44.4675 185.625 2228.5
256500000.00000012 44.43459999999998 185.51799999999994 2229.0800000000004
256749999.9999999 44.40170000000001 185.41100000000006 2229.66
257000000.00000003 44.36879999999999 185.304 2230.2400000000002
257250000.00000015 44.33589999999998 185.19699999999995 2230.82
257499999.99999994 44.30300000000001 185.09000000000003 2231.3999999999996
257750000.00000006 44.27009999999999 184.98299999999998 2231.98
258000000.00000018 44.23719999999997 184.87599999999992 2232.5600000000004
258249999.99999997 44.2043 184.76900000000003 2233.14
258500000.0000001 44.17139999999999 184.66199999999998 2233.7200000000003
258750000.0000002 44.13849999999997 184.55499999999992 2234.3000000000006
259000000.0 44.1056 184.448 2234.88
259250000.00000012 44.07269999999998 184.34099999999995 2235.46
259499999.99999988 44.039800000000014 184.23400000000007 2236.04
259750000.0 44.006899999999995 184.127 2236.62
260000000.00000015 43.97399999999998 184.01999999999995 2237.2000000000003
260249999.9999999 43.94110000000001 183.91300000000004 2237.7799999999997
260500000.00000003 43.908199999999994 183.80599999999998 2238.36
260750000.00000018 43.875299999999974 183.69899999999993 2238.9400000000005
260999999.99999994 43.842400000000005 183.59200000000004 2239.52
261250000.00000006 43.80949999999999 183.48499999999999 2240.1000000000004
261500000.0000002 43.77659999999997 183.37799999999993 2240.6800000000003
261749999.99999997 43.743700000000004 183.27100000000002 2241.2599999999998
262000000.0000001 43.710799999999985 183.16399999999996 2241.84
262250000.00000024 43.67789999999997 183.0569999999999 2242.4200000000005
262500000.0 43.644999999999996 182.95 2243.0
262750000.00000012 43.612099999999984 182.84299999999996 2243.5800000000004
262999999.9999999 43.579200000000014 182.73600000000005 2244.16
263250000.00000003 43.546299999999995 182.629 2244.7400000000002
263500000.00000015 43.513399999999976 182.52199999999993 2245.32
263749999.99999994 43.480500000000006 182.41500000000002 2245.8999999999996
264000000.00000006 43.447599999999994 182.30799999999996 2246.48
264250000.00000018 43.414699999999975 182.2009999999999 2247.0600000000004
264499999.99999997 43.381800000000005 182.09400000000002 2247.64
264750000.0000001 43.348899999999986 181.98699999999997 2248.2200000000003
265000000.0000002 43.315999999999974 181.8799999999999 2248.8000000000006
265250000.0 43.283100000000005 181.773 2249.38
265500000.00000012 43.250199999999985 181.66599999999994 2249.96
265749999.99999988 43.217300000000016 181.55900000000005 2250.54
266000000.0 43.1844 181.452 2251.12
266250000.00000015 43.151499999999984 181.34499999999994 2251.7000000000003
266499999.9999999 43.11860000000001 181.23800000000003 2252.2799999999997
266750000.00000003 43.085699999999996 181.13099999999997 2252.86
267000000.00000018 43.052799999999976 181.02399999999992 2253.4400000000005
267249999.99999994 43.01990000000001 180.91700000000003 2254.02
267500000.00000006 42.98699999999999 180.80999999999997 2254.6000000000004
267750000.0000002 42.954099999999976 180.70299999999992 2255.1800000000003
267999999.99999997 42.921200000000006 180.596 2255.7599999999998
268250000.0000001 42.88829999999999 180.48899999999995 2256.34
268500000.00000024 42.85539999999997 180.3819999999999 2256.9200000000005
268750000.0 42.8225 180.275 2257.5
269000000.0000001 42.789599999999986 180.16799999999995 2258.0800000000004
269249999.9999999 42.75670000000001 180.06100000000004 2258.66
269500000.0 42.7238 179.95399999999998 2259.2400000000002
269750000.0000002 42.69089999999998 179.84699999999992 2259.82
269999999.99999994 42.65800000000001 179.74000000000004 2260.3999999999996
270250000.00000006 42.62509999999999 179.63299999999998 2260.98
270500000.0000002 42.59219999999998 179.52599999999993 2261.5600000000004
270749999.99999994 42.55930000000001 179.419 2262.14
271000000.00000006 42.52639999999999 179.31199999999995 2262.7200000000003
271250000.00000024 42.49349999999997 179.2049999999999 2263.3000000000006
271500000.0 42.4606 179.098 2263.88
271750000.0000001 42.42769999999999 178.99099999999996 2264.46
271999999.9999999 42.39480000000002 178.88400000000004 2265.04
272250000.0 42.3619 178.777 2265.62
272500000.0000001 42.32899999999998 178.66999999999993 2266.2000000000003
272749999.99999994 42.29610000000001 178.56300000000005 2266.7799999999997
273000000.00000006 42.2632 178.456 2267.36
273250000.0000002 42.23029999999998 178.34899999999993 2267.9400000000005
273499999.99999994 42.19740000000001 178.24200000000002 2268.52
273750000.00000006 42.16449999999999 178.13499999999996 2269.1000000000004
274000000.0000002 42.13159999999998 178.0279999999999 2269.6800000000003
274250000.0 42.0987 177.921 2270.2599999999998
274500000.0000001 42.06579999999999 177.81399999999996 2270.84
274750000.00000024 42.03289999999997 177.7069999999999 2271.4200000000005
275000000.0 42.0 177.6 2272.0
275250000.0000001 41.971899999999984 177.50499999999994 2272.51
275499999.9999999 41.94380000000001 177.41000000000003 2273.02
275750000.0 41.915699999999994 177.315 2273.53
276000000.0000002 41.887599999999985 177.21999999999994 2274.0400000000004
276249999.99999994 41.85950000000001 177.12500000000003 2274.5499999999997
276500000.00000006 41.831399999999995 177.02999999999997 2275.06
276750000.0000002 41.80329999999998 176.93499999999992 2275.57
276999999.99999994 41.775200000000005 176.84 2276.08
277250000.00000006 41.74709999999999 176.74499999999995 2276.59
277500000.00000024 41.71899999999997 176.64999999999992 2277.1000000000004
277750000.0 41.6909 176.555 2277.61
278000000.0000001 41.66279999999999 176.45999999999995 2278.1200000000003
278249999.9999999 41.63470000000001 176.36500000000004 2278.6299999999997
278500000.0 41.6066 176.26999999999998 2279.14
278750000.0000001 41.578499999999984 176.17499999999995 2279.65
278999999.99999994 41.55040000000001 176.08000000000004 2280.16
279250000.00000006 41.522299999999994 175.98499999999999 2280.67
279500000.0000002 41.49419999999998 175.88999999999993 2281.1800000000003
279749999.99999994 41.466100000000004 175.79500000000002 2281.69
280000000.00000006 41.43799999999999 175.69999999999996 2282.2000000000003
280250000.0000002 41.40989999999998 175.6049999999999 2282.7100000000005
280500000.0 41.381800000000005 175.51 2283.22
280750000.0000001 41.35369999999999 175.41499999999996 2283.73
281000000.00000024 41.32559999999997 175.3199999999999 2284.2400000000007
281250000.0 41.2975 175.225 2284.75
281500000.0000001 41.26939999999998 175.12999999999994 2285.26
281749999.9999999 41.24130000000001 175.03500000000003 2285.77
282000000.0 41.21319999999999 174.94 2286.28
282250000.0000002 41.185099999999984 174.84499999999994 2286.7900000000004
282499999.99999994 41.15700000000001 174.75000000000003 2287.2999999999997
282750000.00000006 41.128899999999994 174.65499999999997 2287.81
283000000.0000002 41.10079999999998 174.55999999999992 2288.32
283249999.99999994 41.072700000000005 174.465 2288.83
283500000.00000006 41.04459999999999 174.36999999999995 2289.34
283750000.00000024 41.01649999999997 174.27499999999992 2289.8500000000004
284000000.0 40.9884 174.18 2290.36
284250000.0000001 40.96029999999999 174.08499999999995 2290.8700000000003
284499999.9999999 40.93220000000001 173.99000000000004 2291.3799999999997
284750000.0 40.9041 173.89499999999998 2291.89
285000000.0000001 40.87599999999998 173.79999999999995 2292.4
285249999.99999994 40.84790000000001 173.70500000000004 2292.91
285500000.00000006 40.819799999999994 173.60999999999999 2293.42
285750000.0000002 40.79169999999998 173.51499999999993 2293.9300000000003
285999999.99999994 40.763600000000004 173.42000000000002 2294.44
286250000.00000006 40.73549999999999 173.32499999999996 2294.9500000000003
286500000.0000002 40.70739999999998 173.2299999999999 2295.4600000000005
286750000.0 40.679300000000005 173.135 2295.97
287000000.0000001 40.65119999999999 173.03999999999996 2296.48
287250000.00000024 40.62309999999997 172.9449999999999 2296.9900000000007
287500000.0 40.595 172.85 2297.5
287750000.0000001 40.56689999999998 172.75499999999994 2298.01
287999999.9999999 40.53880000000001 172.66000000000003 2298.52
288250000.0 40.51069999999999 172.565 2299.03
288500000.0000002 40.482599999999984 172.46999999999994 2299.5400000000004
288749999.99999994 40.45450000000001 172.37500000000003 2300.0499999999997
289000000.00000006 40.426399999999994 172.27999999999997 2300.56
289250000.0000002 40.39829999999998 172.18499999999992 2301.07
289499999.99999994 40.370200000000004 172.09 2301.58
289750000.00000006 40.34209999999999 171.99499999999995 2302.09
290000000.00000024 40.31399999999997 171.89999999999992 2302.6000000000004
290250000.0 40.2859 171.805 2303.11
290500000.0000001 40.25779999999999 171.70999999999995 2303.6200000000003
290749999.9999999 40.22970000000001 171.61500000000004 2304.1299999999997
291000000.0 40.2016 171.51999999999998 2304.64
291250000.0000001 40.17349999999998 171.42499999999995 2305.15
291499999.99999994 40.14540000000001 171.33000000000004 2305.66
291750000.00000006 40.11729999999999 171.23499999999999 2306.17
292000000.0000002 40.08919999999998 171.13999999999993 2306.6800000000003
292249999.99999994 40.0611 171.04500000000002 2307.19
292500000.00000006 40.03299999999999 170.94999999999996 2307.7000000000003
292750000.0000002 40.00489999999998 170.8549999999999 2308.2100000000005
293000000.0 39.976800000000004 170.76 2308.72
293250000.0000001 39.94869999999999 170.66499999999996 2309.23
293500000.00000024 39.92059999999997 170.5699999999999 2309.7400000000007
293750000.0 39.8925 170.475 2310.25
294000000.0000001 39.86439999999998 170.37999999999994 2310.76
294249999.9999999 39.83630000000001 170.28500000000003 2311.27
294500000.0 39.80819999999999 170.19 2311.78
294750000.0000002 39.78009999999998 170.09499999999994 2312.2900000000004
294999999.99999994 39.75200000000001 170.00000000000003 2312.7999999999997
295250000.00000006 39.72389999999999 169.90499999999997 2313.31
295500000.0000002 39.69579999999998 169.80999999999992 2313.82
295749999.99999994 39.6677 169.715 2314.33
296000000.00000006 39.63959999999999 169.61999999999995 2314.84
296250000.00000024 39.61149999999997 169.52499999999992 2315.3500000000004
296500000.0 39.5834 169.43 2315.86
296750000.0000001 39.55529999999999 169.33499999999995 2316.3700000000003
296999999.9999999 39.52720000000001 169.24000000000004 2316.8799999999997
297250000.0 39.4991 169.14499999999998 2317.39
297500000.0000001 39.47099999999998 169.04999999999995 2317.9
297749999.99999994 39.44290000000001 168.95500000000004 2318.41
298000000.00000006 39.41479999999999 168.85999999999999 2318.92
298250000.0000002 39.386699999999976 168.76499999999993 2319.4300000000003
298499999.99999994 39.3586 168.67000000000002 2319.94
298750000.00000006 39.33049999999999 168.57499999999996 2320.4500000000003
299000000.0000002 39.30239999999998 168.4799999999999 2320.9600000000005
299250000.0 39.274300000000004 168.385 2321.47
299500000.0000001 39.24619999999999 168.28999999999996 2321.98
299750000.00000024 39.21809999999997 168.1949999999999 2322.4900000000007
300000000.0 39.19 168.1 2323.0
300250000.0000001 39.16549999999999 168.01399999999995 2323.44
300499999.9999999 39.141000000000005 167.92800000000003 2323.8799999999997
300750000.0 39.116499999999995 167.84199999999998 2324.32
301000000.0000002 39.091999999999985 167.75599999999994 2324.76
301249999.99999994 39.0675 167.67000000000002 2325.2
301500000.00000006 39.04299999999999 167.58399999999997 2325.6400000000003
301750000.0000002 39.01849999999998 167.49799999999993 2326.0800000000004
301999999.99999994 38.994 167.412 2326.52
302250000.00000006 38.96949999999999 167.32599999999996 2326.96
302500000.00000024 38.94499999999998 167.23999999999992 2327.4000000000005
302750000.0 38.9205 167.154 2327.84
303000000.0000001 38.89599999999999 167.06799999999996 2328.28
303249999.9999999 38.87150000000001 166.98200000000003 2328.72
303500000.0 38.846999999999994 166.896 2329.16
303750000.0000001 38.822499999999984 166.80999999999995 2329.6000000000004
303999999.99999994 38.79800000000001 166.72400000000002 2330.04
304250000.00000006 38.77349999999999 166.63799999999998 2330.48
304500000.0000002 38.74899999999998 166.55199999999994 2330.92
304749999.99999994 38.724500000000006 166.466 2331.3599999999997
305000000.00000006 38.69999999999999 166.37999999999997 2331.8
305250000.0000002 38.67549999999998 166.29399999999993 2332.2400000000002
305500000.0 38.651 166.208 2332.68
305750000.0000001 38.626499999999986 166.12199999999996 2333.1200000000003
306000000.00000024 38.601999999999975 166.03599999999992 2333.5600000000004
306250000.0 38.5775 165.95 2334.0
306500000.0000001 38.55299999999998 165.86399999999995 2334.44
306749999.9999999 38.52850000000001 165.77800000000002 2334.8799999999997
307000000.0 38.504 165.69199999999998 2335.32
307250000.0000002 38.47949999999998 165.60599999999994 2335.76
307499999.99999994 38.455000000000005 165.52 2336.2
307750000.00000006 38.430499999999995 165.43399999999997 2336.6400000000003
308000000.0000002 38.40599999999998 165.34799999999993 2337.0800000000004
308249999.99999994 38.3815 165.262 2337.52
308500000.00000006 38.35699999999999 165.17599999999996 2337.96
308750000.00000024 38.33249999999998 165.08999999999992 2338.4000000000005
309000000.0 38.308 165.004 2338.84
309250000.0000001 38.28349999999999 164.91799999999995 2339.28
309499999.9999999 38.25900000000001 164.83200000000002 2339.72
309750000.0 38.2345 164.74599999999998 2340.16
310000000.0000001 38.20999999999999 164.65999999999994 2340.6000000000004
310249999.99999994 38.185500000000005 164.574 2341.04
310500000.00000006 38.160999999999994 164.48799999999997 2341.48
310750000.0000002 38.136499999999984 164.40199999999993 2341.92
310999999.99999994 38.112 164.316 2342.3599999999997
311250000.00000006 38.08749999999999 164.22999999999996 2342.8
311500000.0000002 38.06299999999998 164.14399999999992 2343.2400000000002
311750000.0 38.0385 164.058 2343.68
312000000.0000001 38.01399999999999 163.97199999999995 2344.1200000000003
312250000.00000024 37.98949999999998 163.8859999999999 2344.5600000000004
312500000.0 37.965 163.8 2345.0
312750000.0000001 37.940499999999986 163.71399999999994 2345.44
312999999.9999999 37.91600000000001 163.62800000000004 2345.8799999999997
313250000.0 37.8915 163.54199999999997 2346.32
313500000.0000002 37.86699999999998 163.45599999999993 2346.76
313749999.99999994 37.84250000000001 163.37000000000003 2347.2
314000000.00000006 37.818 163.284 2347.6400000000003
314250000.0000002 37.79349999999998 163.19799999999992 2348.0800000000004
314499999.99999994 37.769000000000005 163.11200000000002 2348.52
314750000.00000006 37.744499999999995 163.02599999999998 2348.96
315000000.00000024 37.71999999999998 162.9399999999999 2349.4000000000005
315250000.0 37.6955 162.854 2349.84
315500000.0000001 37.67099999999999 162.76799999999997 2350.28
315749999.9999999 37.64650000000001 162.68200000000004 2350.72
316000000.0 37.622 162.596 2351.16
316250000.0000001 37.59749999999999 162.50999999999996 2351.6000000000004
316499999.99999994 37.57300000000001 162.42400000000004 2352.04
316750000.00000006 37.5485 162.338 2352.48
317000000.0000002 37.52399999999999 162.25199999999995 2352.92
317249999.99999994 37.499500000000005 162.16600000000003 2353.3599999999997
317500000.00000006 37.474999999999994 162.07999999999998 2353.8
317750000.0000002 37.450499999999984 161.99399999999994 2354.2400000000002
318000000.0 37.426 161.90800000000002 2354.68
318250000.0000001 37.40149999999999 161.82199999999997 2355.1200000000003
318500000.00000024 37.37699999999998 161.73599999999993 2355.5600000000004
318750000.0 37.3525 161.65 2356.0
319000000.0000001 37.32799999999999 161.56399999999996 2356.44
319249999.9999999 37.303500000000014 161.47800000000004 2356.8799999999997
319500000.0 37.278999999999996 161.392 2357.32
319750000.0000002 37.254499999999986 161.30599999999995 2357.76
319999999.99999994 37.23000000000001 161.22000000000003 2358.2
320250000.00000006 37.205499999999994 161.134 2358.6400000000003
320500000.0000002 37.18099999999998 161.04799999999994 2359.0800000000004
320749999.99999994 37.15650000000001 160.96200000000002 2359.52
321000000.00000006 37.13199999999999 160.87599999999998 2359.96
321250000.00000024 37.10749999999998 160.78999999999994 2360.4000000000005
321500000.0 37.083000000000006 160.704 2360.84
321750000.0000001 37.05849999999999 160.61799999999997 2361.28
321999999.9999999 37.03400000000001 160.53200000000004 2361.72
322250000.0 37.0095 160.446 2362.16
322500000.0000001 36.984999999999985 160.35999999999996 2362.6000000000004
322749999.99999994 36.96050000000001 160.27400000000003 2363.04
323000000.00000006 36.936 160.188 2363.48
323250000.0000002 36.91149999999998 160.10199999999995 2363.92
323499999.99999994 36.88700000000001 160.01600000000002 2364.3599999999997
323750000.00000006 36.8625 159.92999999999998 2364.8
324000000.0000002 36.83799999999998 159.84399999999994 2365.2400000000002
324250000.0 36.813500000000005 159.758 2365.68
324500000.0000001 36.788999999999994 159.67199999999997 2366.1200000000003
324750000.00000024 36.76449999999998 159.58599999999993 2366.5600000000004
325000000.0 36.74 159.5 2367.0
325250000.0000001 36.71839999999999 159.42199999999997 2367.4
325499999.9999999 36.69680000000001 159.34400000000002 2367.7999999999997
325750000.0 36.6752 159.266 2368.2
326000000.0000002 36.65359999999999 159.18799999999996 2368.6000000000004
326249999.99999994 36.632000000000005 159.11 2369.0
326500000.00000006 36.6104 159.03199999999998 2369.4
326750000.0000002 36.588799999999985 158.95399999999995 2369.8
326999999.99999994 36.56720000000001 158.876 2370.2
327250000.00000006 36.54559999999999 158.79799999999997 2370.6000000000004
327500000.00000024 36.52399999999999 158.71999999999994 2371.0000000000005
327750000.0 36.5024 158.642 2371.4
328000000.0000001 36.480799999999995 158.56399999999996 2371.8
328249999.9999999 36.45920000000001 158.48600000000005 2372.2
328500000.0 36.4376 158.408 2372.6
328750000.0000001 36.41599999999999 158.32999999999996 2373.0
328999999.99999994 36.39440000000001 158.25200000000004 2373.3999999999996
329250000.00000006 36.3728 158.17399999999998 2373.8
329500000.0000002 36.351199999999984 158.09599999999995 2374.2000000000003
329749999.99999994 36.329600000000006 158.01800000000003 2374.6
330000000.00000006 36.30799999999999 157.93999999999997 2375.0
330250000.0000002 36.286399999999986 157.86199999999994 2375.4000000000005
330500000.0 36.2648 157.78400000000002 2375.8
330750000.0000001 36.243199999999995 157.70599999999996 2376.2000000000003
331000000.00000024 36.22159999999998 157.62799999999993 2376.6000000000004
331250000.0 36.2 157.55 2377.0
331500000.0000001 36.17839999999999 157.47199999999995 2377.4
331749999.9999999 36.15680000000001 157.39400000000003 2377.7999999999997
332000000.0 36.1352 157.31599999999997 2378.2
332250000.0000002 36.113599999999984 157.23799999999994 2378.6000000000004
332499999.99999994 36.092000000000006 157.16000000000003 2379.0
332750000.00000006 36.0704 157.08199999999997 2379.4
333000000.0000002 36.048799999999986 157.00399999999993 2379.8
333249999.99999994 36.02720000000001 156.92600000000002 2380.2
333500000.00000006 36.005599999999994 156.84799999999996 2380.6000000000004
333750000.00000024 35.98399999999998 156.76999999999992 2381.0000000000005
334000000.0 35.9624 156.692 2381.4
334250000.0000001 35.94079999999999 156.61399999999995 2381.8
334499999.9999999 35.91920000000001 156.53600000000003 2382.2
334750000.0 35.8976 156.458 2382.6
335000000.0000001 35.87599999999999 156.37999999999994 2383.0
335249999.99999994 35.854400000000005 156.30200000000002 2383.3999999999996
335500000.00000006 35.8328 156.224 2383.8
335750000.0000002 35.811199999999985 156.14599999999993 2384.2000000000003
335999999.99999994 35.78960000000001 156.068 2384.6
336250000.00000006 35.767999999999994 155.98999999999998 2385.0
336500000.0000002 35.74639999999998 155.91199999999992 2385.4000000000005
336750000.0 35.7248 155.834 2385.8
337000000.0000001 35.70319999999999 155.75599999999997 2386.2000000000003
337250000.00000024 35.68159999999998 155.6779999999999 2386.6000000000004
337500000.0 35.66 155.6 2387.0
337750000.0000001 35.63839999999999 155.52199999999996 2387.4
337999999.9999999 35.61680000000001 155.44400000000002 2387.7999999999997
338250000.0 35.5952 155.36599999999999 2388.2
338500000.0000002 35.573599999999985 155.28799999999995 2388.6000000000004
338749999.99999994 35.55200000000001 155.21 2389.0
339000000.00000006 35.53039999999999 155.13199999999998 2389.4
339250000.0000002 35.50879999999999 155.05399999999995 2389.8
339499999.99999994 35.4872 154.976 2390.2
339750000.00000006 35.465599999999995 154.89799999999997 2390.6000000000004
340000000.00000024 35.44399999999998 154.81999999999994 2391.0000000000005
340250000.0 35.4224 154.742 2391.4
340500000.0000001 35.40079999999999 154.66399999999996 2391.8
340749999.9999999 35.37920000000001 154.58600000000004 2392.2
341000000.0 35.3576 154.50799999999998 2392.6
341250000.0000001 35.335999999999984 154.42999999999995 2393.0
341499999.99999994 35.314400000000006 154.35200000000003 2393.3999999999996
341750000.00000006 35.29279999999999 154.27399999999997 2393.8
342000000.0000002 35.271199999999986 154.19599999999994 2394.2000000000003
342249999.99999994 35.2496 154.11800000000002 2394.6
342500000.00000006 35.227999999999994 154.03999999999996 2395.0
342750000.0000002 35.20639999999998 153.96199999999993 2395.4000000000005
343000000.0 35.1848 153.88400000000001 2395.8
343250000.0000001 35.16319999999999 153.80599999999995 2396.2000000000003
343500000.00000024 35.14159999999998 153.72799999999992 2396.6000000000004
343750000.0 35.12 153.64999999999998 2397.0
344000000.0000001 35.09839999999999 153.57199999999995 2397.4
344249999.9999999 35.076800000000006 153.49400000000003 2397.7999999999997
344500000.0 35.0552 153.416 2398.2
344750000.0000002 35.033599999999986 153.33799999999994 2398.6000000000004
344999999.99999994 35.01200000000001 153.26000000000002 2399.0
345250000.00000006 34.990399999999994 153.18199999999996 2399.4
345500000.0000002 34.96879999999998 153.10399999999993 2399.8
345749999.99999994 34.9472 153.026 2400.2
346000000.00000006 34.92559999999999 152.94799999999995 2400.6000000000004
346250000.00000024 34.90399999999998 152.86999999999992 2401.0000000000005
346500000.0 34.8824 152.792 2401.4
346750000.0000001 34.86079999999999 152.71399999999994 2401.8
346999999.9999999 34.839200000000005 152.63600000000002 2402.2
347250000.0 34.8176 152.558 2402.6
347500000.0000001 34.795999999999985 152.47999999999993 2403.0
347749999.99999994 34.77440000000001 152.40200000000002 2403.3999999999996
348000000.00000006 34.75279999999999 152.32399999999998 2403.8
348250000.0000002 34.73119999999999 152.24599999999992 2404.2000000000003
348499999.99999994 34.7096 152.168 2404.6
348750000.00000006 34.687999999999995 152.08999999999997 2405.0
349000000.0000002 34.66639999999998 152.01199999999992 2405.4000000000005
349250000.0 34.644800000000004 151.934 2405.8
349500000.0000001 34.62319999999999 151.85599999999997 2406.2000000000003
349750000.00000024 34.601599999999976 151.7779999999999 2406.6000000000004
350000000.0 34.58 151.7 2407.0
350250000.0000001 34.56089999999999 151.62899999999996 2407.3500000000004
350499999.9999999 34.54180000000001 151.55800000000002 2407.7
350750000.0 34.52269999999999 151.487 2408.05
351000000.0000002 34.503599999999985 151.41599999999994 2408.4
351249999.99999994 34.484500000000004 151.345 2408.75
351500000.00000006 34.465399999999995 151.27399999999997 2409.1
351750000.0000002 34.44629999999999 151.20299999999995 2409.4500000000003
351999999.99999994 34.4272 151.132 2409.7999999999997
352250000.00000006 34.40809999999999 151.06099999999998 2410.15
352500000.00000024 34.38899999999998 150.98999999999992 2410.5000000000005
352750000.0 34.3699 150.91899999999998 2410.85
353000000.0000001 34.35079999999999 150.84799999999996 2411.2000000000003
353249999.9999999 34.331700000000005 150.77700000000002 2411.5499999999997
353500000.0 34.312599999999996 150.706 2411.9
353750000.0000001 34.29349999999999 150.63499999999996 2412.25
353999999.99999994 34.27440000000001 150.56400000000002 2412.6
354250000.00000006 34.2553 150.49299999999997 2412.9500000000003
354500000.0000002 34.23619999999998 150.42199999999994 2413.3
354749999.99999994 34.2171 150.351 2413.65
355000000.00000006 34.19799999999999 150.27999999999997 2414.0
355250000.0000002 34.178899999999985 150.20899999999995 2414.3500000000004
355500000.0 34.159800000000004 150.138 2414.7
355750000.0000001 34.14069999999999 150.06699999999995 2415.05
356000000.00000024 34.12159999999998 149.99599999999992 2415.4000000000005
356250000.0 34.1025 149.92499999999998 2415.75
356500000.0000001 34.08339999999999 149.85399999999996 2416.1000000000004
356749999.9999999 34.06430000000001 149.78300000000002 2416.45
357000000.0 34.045199999999994 149.712 2416.8
357250000.0000002 34.026099999999985 149.64099999999993 2417.15
357499999.99999994 34.007000000000005 149.57000000000002 2417.5
357750000.00000006 33.987899999999996 149.49899999999997 2417.85
358000000.0000002 33.96879999999999 149.42799999999994 2418.2000000000003
358249999.99999994 33.9497 149.357 2418.5499999999997
358500000.00000006 33.93059999999999 149.28599999999997 2418.9
358750000.00000024 33.91149999999998 149.21499999999992 2419.2500000000005
359000000.0 33.8924 149.144 2419.6
359250000.0000001 33.87329999999999 149.07299999999995 2419.9500000000003
359499999.9999999 33.854200000000006 149.002 2420.2999999999997
359750000.0 33.8351 148.93099999999998 2420.65
360000000.0000001 33.81599999999999 148.85999999999996 2421.0
360249999.99999994 33.79690000000001 148.78900000000002 2421.35
360500000.00000006 33.7778 148.718 2421.7000000000003
360750000.0000002 33.75869999999998 148.64699999999993 2422.05
360999999.99999994 33.7396 148.576 2422.4
361250000.00000006 33.720499999999994 148.50499999999997 2422.75
361500000.0000002 33.701399999999985 148.43399999999994 2423.1000000000004
361750000.0 33.682300000000005 148.363 2423.45
362000000.0000001 33.66319999999999 148.29199999999997 2423.8
362250000.00000024 33.64409999999998 148.22099999999992 2424.1500000000005
362500000.0 33.625 148.14999999999998 2424.5
362750000.0000001 33.60589999999999 148.07899999999995 2424.8500000000004
362999999.9999999 33.58680000000001 148.008 2425.2
363250000.0 33.567699999999995 147.93699999999998 2425.55
363500000.0000002 33.548599999999986 147.86599999999996 2425.9
363749999.99999994 33.529500000000006 147.79500000000002 2426.25
364000000.00000006 33.5104 147.724 2426.6
364250000.0000002 33.49129999999999 147.65299999999993 2426.9500000000003
364499999.99999994 33.4722 147.582 2427.2999999999997
364750000.00000006 33.45309999999999 147.51099999999997 2427.65
365000000.00000024 33.43399999999998 147.43999999999994 2428.0000000000005
365250000.0 33.4149 147.369 2428.35
365500000.0000001 33.395799999999994 147.29799999999997 2428.7000000000003
365749999.9999999 33.37670000000001 147.22700000000003 2429.0499999999997
366000000.0 33.3576 147.15599999999998 2429.4
366250000.0000001 33.33849999999999 147.08499999999995 2429.75
366499999.99999994 33.31940000000001 147.014 2430.1
366750000.00000006 33.3003 146.94299999999998 2430.4500000000003
367000000.0000002 33.281199999999984 146.87199999999996 2430.8
367249999.99999994 33.262100000000004 146.80100000000002 2431.15
367500000.00000006 33.242999999999995 146.72999999999996 2431.5
367750000.0000002 33.223899999999986 146.65899999999993 2431.8500000000004
368000000.0 33.204800000000006 146.588 2432.2
368250000.0000001 33.18569999999999 146.51699999999997 2432.55
368500000.00000024 33.16659999999998 146.44599999999994 2432.9000000000005
368750000.0 33.1475 146.375 2433.25
369000000.0000001 33.12839999999999 146.30399999999995 2433.6000000000004
369249999.9999999 33.10930000000001 146.23300000000003 2433.95
369500000.0 33.090199999999996 146.16199999999998 2434.3
369750000.0000002 33.07109999999999 146.09099999999995 2434.65
369999999.99999994 33.05200000000001 146.02 2435.0
370250000.00000006 33.0329 145.94899999999998 2435.35
370500000.0000002 33.01379999999999 145.87799999999993 2435.7000000000003
370749999.99999994 32.9947 145.80700000000002 2436.0499999999997
371000000.00000006 32.97559999999999 145.73599999999996 2436.4
371250000.00000024 32.956499999999984 145.66499999999994 2436.7500000000005
371500000.0 32.937400000000004 145.594 2437.1
371750000.0000001 32.918299999999995 145.52299999999997 2437.4500000000003
371999999.9999999 32.89920000000001 145.45200000000003 2437.7999999999997
372250000.0 32.8801 145.381 2438.15
372500000.0000001 32.86099999999999 145.30999999999995 2438.5
372749999.99999994 32.84190000000001 145.239 2438.85
373000000.00000006 32.8228 145.16799999999998 2439.2000000000003
373250000.0000002 32.80369999999999 145.09699999999995 2439.55
373499999.99999994 32.784600000000005 145.026 2439.9
373750000.00000006 32.765499999999996 144.95499999999998 2440.25
374000000.0000002 32.74639999999999 144.88399999999993 2440.6000000000004
374250000.0 32.72730000000001 144.813 2440.95
374500000.0000001 32.70819999999999 144.74199999999996 2441.3
374750000.00000024 32.68909999999998 144.67099999999994 2441.6500000000005
375000000.0 32.67 144.6 2442.0
375250000.0000001 32.65279999999999 144.53599999999997 2442.34
375499999.9999999 32.63560000000001 144.472 2442.68
375750000.0 32.6184 144.408 2443.02
376000000.0000002 32.60119999999999 144.34399999999997 2443.36
376249999.99999994 32.584 144.28 2443.7
376500000.00000006 32.5668 144.21599999999998 2444.04
376750000.0000002 32.54959999999999 144.15199999999996 2444.38
376999999.99999994 32.5324 144.088 2444.72
377250000.00000006 32.51519999999999 144.02399999999997 2445.06
377500000.00000024 32.49799999999998 143.95999999999995 2445.4
377750000.0 32.4808 143.896 2445.74
378000000.0000001 32.46359999999999 143.83199999999997 2446.08
378249999.9999999 32.44640000000001 143.76800000000003 2446.42
378500000.0 32.4292 143.70399999999998 2446.76
378750000.0000001 32.41199999999999 143.63999999999996 2447.1000000000004
378999999.99999994 32.39480000000001 143.57600000000002 2447.44
379250000.00000006 32.3776 143.51199999999997 2447.78
379500000.0000002 32.36039999999999 143.44799999999995 2448.1200000000003
379749999.99999994 32.3432 143.38400000000001 2448.46
380000000.00000006 32.32599999999999 143.31999999999996 2448.8
380250000.0000002 32.30879999999999 143.25599999999994 2449.1400000000003
380500000.0 32.2916 143.192 2449.48
380750000.0000001 32.27439999999999 143.12799999999996 2449.82
381000000.00000024 32.25719999999998 143.06399999999994 2450.1600000000003
381250000.0 32.24 143.0 2450.5
381500000.0000001 32.22279999999999 142.93599999999995 2450.84
381749999.9999999 32.20560000000001 142.872 2451.18
382000000.0 32.1884 142.808 2451.52
382250000.0000002 32.17119999999999 142.74399999999994 2451.86
382499999.99999994 32.154 142.68 2452.2
382750000.00000006 32.136799999999994 142.61599999999999 2452.54
383000000.0000002 32.11959999999999 142.55199999999994 2452.88
383249999.99999994 32.1024 142.488 2453.22
383500000.00000006 32.08519999999999 142.42399999999998 2453.56
383750000.00000024 32.067999999999984 142.35999999999993 2453.9
384000000.0 32.0508 142.296 2454.24
384250000.0000001 32.03359999999999 142.23199999999997 2454.58
384499999.9999999 32.01640000000001 142.16800000000003 2454.92
384750000.0 31.9992 142.10399999999998 2455.26
385000000.0000001 31.981999999999992 142.03999999999996 2455.6000000000004
385249999.99999994 31.964800000000007 141.97600000000003 2455.94
385500000.00000006 31.947599999999998 141.91199999999998 2456.28
385750000.0000002 31.930399999999988 141.84799999999996 2456.6200000000003
385999999.99999994 31.913200000000003 141.78400000000002 2456.96
386250000.00000006 31.895999999999997 141.71999999999997 2457.3
386500000.0000002 31.878799999999988 141.65599999999995 2457.6400000000003
386750000.0 31.861600000000003 141.59199999999998 2457.98
387000000.0000001 31.844399999999993 141.52799999999996 2458.32
387250000.00000024 31.827199999999984 141.46399999999994 2458.6600000000003
387500000.0 31.810000000000002 141.39999999999998 2459.0
387750000.0000001 31.792799999999993 141.33599999999996 2459.34
387999999.9999999 31.775600000000008 141.27200000000002 2459.68
388250000.0 31.758399999999998 141.20799999999997 2460.02
388500000.0000002 31.74119999999999 141.14399999999995 2460.36
388749999.99999994 31.724000000000004 141.08 2460.7
389000000.00000006 31.706799999999998 141.01599999999996 2461.04
389250000.0000002 31.689599999999988 140.95199999999994 2461.38
389499999.99999994 31.672400000000003 140.888 2461.72
389750000.00000006 31.655199999999994 140.82399999999996 2462.06
390000000.00000024 31.637999999999984 140.75999999999993 2462.4
390250000.0 31.620800000000003 140.696 2462.74
390500000.0000001 31.603599999999993 140.63199999999995 2463.08
390749999.9999999 31.58640000000001 140.568 2463.42
391000000.0 31.5692 140.504 2463.76
391250000.0000001 31.55199999999999 140.43999999999994 2464.1000000000004
391499999.99999994 31.534800000000004 140.376 2464.44
391750000.00000006 31.517599999999998 140.31199999999998 2464.78
392000000.0000002 31.50039999999999 140.24799999999993 2465.1200000000003
392249999.99999994 31.483200000000004 140.184 2465.46
392500000.00000006 31.465999999999994 140.11999999999998 2465.8
392750000.0000002 31.448799999999988 140.05599999999993 2466.1400000000003
393000000.0 31.431600000000003 139.992 2466.48
393250000.0000001 31.414399999999993 139.92799999999997 2466.82
393500000.00000024 31.397199999999984 139.86399999999992 2467.1600000000003
393750000.0 31.38 139.79999999999998 2467.5
394000000.0000001 31.362799999999993 139.73599999999996 2467.84
394249999.9999999 31.345600000000008 139.67200000000003 2468.18
394500000.0 31.3284 139.60799999999998 2468.52
394750000.0000002 31.31119999999999 139.54399999999995 2468.86
394999999.99999994 31.294000000000004 139.48000000000002 2469.2
395250000.00000006 31.276799999999994 139.41599999999997 2469.54
395500000.0000002 31.25959999999999 139.35199999999995 2469.88
395749999.99999994 31.242400000000004 139.288 2470.22
396000000.00000006 31.225199999999994 139.22399999999996 2470.56
396250000.00000024 31.207999999999984 139.15999999999994 2470.9
396500000.0 31.1908 139.096 2471.24
396750000.0000001 31.173599999999993 139.03199999999995 2471.58
396999999.9999999 31.15640000000001 138.96800000000002 2471.92
397250000.0 31.1392 138.904 2472.26
397500000.0000001 31.12199999999999 138.83999999999995 2472.6000000000004
397749999.99999994 31.104800000000004 138.776 2472.94
398000000.00000006 31.087599999999995 138.712 2473.28
398250000.0000002 31.07039999999999 138.64799999999994 2473.6200000000003
398499999.99999994 31.053200000000004 138.584 2473.96
398750000.00000006 31.035999999999994 138.51999999999998 2474.3
399000000.0000002 31.018799999999985 138.45599999999993 2474.6400000000003
399250000.0 31.0016 138.392 2474.98
399500000.0000001 30.984399999999994 138.32799999999997 2475.32
399750000.00000024 30.967199999999984 138.26399999999992 2475.6600000000003
400000000.0 30.95 138.2 2476.0
400500000.00000024 30.920299999999983 138.08599999999993 2476.59
400999999.9999998 30.89060000000001 137.97200000000004 2477.18
401500000.00000006 30.860899999999997 137.85799999999998 2477.77
402000000.0000003 30.83119999999998 137.74399999999991 2478.3600000000006
402499999.9999999 30.801500000000008 137.63000000000002 2478.95
403000000.0000001 30.771799999999992 137.51599999999996 2479.54
403500000.00000036 30.742099999999976 137.4019999999999 2480.1300000000006
403999999.99999994 30.712400000000006 137.288 2480.72
404500000.0000002 30.68269999999999 137.17399999999995 2481.3100000000004
405000000.0000004 30.652999999999974 137.0599999999999 2481.9000000000005
405500000.0 30.6233 136.946 2482.49
406000000.00000024 30.593599999999984 136.83199999999994 2483.0800000000004
406499999.99999976 30.563900000000015 136.71800000000005 2483.6699999999996
407000000.0 30.5342 136.60399999999998 2484.26
407500000.0000003 30.504499999999982 136.48999999999992 2484.8500000000004
407999999.9999998 30.47480000000001 136.37600000000003 2485.4399999999996
408500000.00000006 30.445099999999993 136.26199999999997 2486.03
409000000.00000036 30.41539999999998 136.1479999999999 2486.6200000000003
409499999.9999999 30.385700000000007 136.03400000000002 2487.21
410000000.0000001 30.35599999999999 135.91999999999996 2487.8
410500000.0000004 30.326299999999975 135.8059999999999 2488.3900000000003
410999999.99999994 30.2966 135.692 2488.98
411500000.0000002 30.26689999999999 135.57799999999995 2489.57
412000000.0000005 30.237199999999973 135.46399999999988 2490.1600000000008
412500000.0 30.2075 135.35 2490.75
413000000.00000024 30.177799999999984 135.23599999999993 2491.34
413499999.9999998 30.14810000000001 135.12200000000004 2491.93
414000000.00000006 30.118399999999998 135.00799999999998 2492.52
414500000.0000003 30.08869999999998 134.89399999999992 2493.1100000000006
414999999.9999999 30.059000000000008 134.78000000000003 2493.7
415500000.0000001 30.029299999999992 134.66599999999997 2494.29
416000000.00000036 29.999599999999976 134.5519999999999 2494.8800000000006
416499999.99999994 29.969900000000006 134.43800000000002 2495.47
417000000.0000002 29.94019999999999 134.32399999999996 2496.0600000000004
417500000.0000004 29.910499999999974 134.2099999999999 2496.6500000000005
418000000.0 29.8808 134.096 2497.24
418500000.00000024 29.851099999999985 133.98199999999994 2497.8300000000004
418999999.99999976 29.821400000000015 133.86800000000005 2498.4199999999996
419500000.0 29.7917 133.754 2499.01
420000000.0000003 29.761999999999983 133.63999999999993 2499.6000000000004
420499999.9999998 29.73230000000001 133.52600000000004 2500.1899999999996
421000000.00000006 29.702599999999993 133.41199999999998 2500.78
421500000.00000036 29.67289999999998 133.29799999999992 2501.3700000000003
421999999.9999999 29.643200000000007 133.18400000000003 2501.96
422500000.0000001 29.61349999999999 133.06999999999996 2502.55
423000000.0000004 29.583799999999975 132.9559999999999 2503.1400000000003
423499999.99999994 29.554100000000002 132.842 2503.73
424000000.0000002 29.52439999999999 132.72799999999995 2504.32
424500000.0000005 29.494699999999973 132.6139999999999 2504.9100000000008
425000000.0 29.465 132.5 2505.5
425500000.00000024 29.435299999999984 132.38599999999994 2506.09
425999999.9999998 29.40560000000001 132.27200000000005 2506.68
426500000.00000006 29.375899999999998 132.158 2507.27
427000000.0000003 29.346199999999982 132.04399999999993 2507.8600000000006
427499999.9999999 29.31650000000001 131.93000000000004 2508.45
428000000.0000001 29.286799999999992 131.81599999999997 2509.04
428500000.00000036 29.257099999999976 131.7019999999999 2509.6300000000006
428999999.99999994 29.227400000000006 131.58800000000002 2510.22
429500000.0000002 29.19769999999999 131.47399999999996 2510.8100000000004
430000000.0000004 29.167999999999974 131.3599999999999 2511.4000000000005
430500000.0 29.1383 131.246 2511.99
431000000.00000024 29.108599999999985 131.13199999999995 2512.5800000000004
431499999.99999976 29.078900000000015 131.01800000000006 2513.1699999999996
432000000.0 29.0492 130.904 2513.76
432500000.0000003 29.019499999999983 130.78999999999994 2514.3500000000004
432999999.9999998 28.98980000000001 130.67600000000004 2514.9399999999996
433500000.00000006 28.960099999999994 130.56199999999998 2515.53
434000000.00000036 28.93039999999998 130.44799999999992 2516.1200000000003
434499999.9999999 28.900700000000008 130.33400000000003 2516.71
435000000.0000001 28.87099999999999 130.21999999999997 2517.3
435500000.0000004 28.841299999999976 130.1059999999999 2517.8900000000003
435999999.99999994 28.811600000000002 129.99200000000002 2518.48
436500000.0000002 28.78189999999999 129.87799999999996 2519.07
437000000.0000005 28.752199999999974 129.7639999999999 2519.6600000000008
437500000.0 28.7225 129.65 2520.25
438000000.00000024 28.692799999999984 129.53599999999994 2520.84
438499999.9999998 28.66310000000001 129.42200000000003 2521.43
439000000.00000006 28.633399999999998 129.308 2522.02
439500000.0000003 28.603699999999982 129.19399999999993 2522.6100000000006
439999999.9999999 28.57400000000001 129.08000000000004 2523.2
440500000.0000001 28.544299999999993 128.96599999999998 2523.79
441000000.00000036 28.51459999999998 128.85199999999992 2524.3800000000006
441499999.99999994 28.484900000000007 128.73800000000003 2524.97
442000000.0000002 28.45519999999999 128.62399999999997 2525.5600000000004
442500000.0000004 28.425499999999975 128.5099999999999 2526.1500000000005
443000000.0 28.3958 128.39600000000002 2526.74
443500000.00000024 28.36609999999999 128.28199999999995 2527.3300000000004
443999999.99999976 28.336400000000012 128.16800000000003 2527.9199999999996
444500000.0 28.3067 128.054 2528.51
445000000.0000003 28.276999999999983 127.93999999999993 2529.1000000000004
445499999.9999998 28.24730000000001 127.82600000000004 2529.6899999999996
446000000.00000006 28.217599999999994 127.71199999999997 2530.28
446500000.00000036 28.18789999999998 127.59799999999991 2530.8700000000003
446999999.9999999 28.158200000000008 127.48400000000002 2531.46
447500000.0000001 28.128499999999992 127.36999999999996 2532.05
448000000.0000004 28.098799999999976 127.2559999999999 2532.6400000000003
448499999.99999994 28.069100000000002 127.14200000000001 2533.23
449000000.0000002 28.03939999999999 127.02799999999995 2533.82
449500000.0000005 28.009699999999974 126.91399999999989 2534.4100000000008
450000000.0 27.98 126.8 2535.0
450500000.00000024 27.95599999999999 126.70399999999995 2535.27
450999999.9999998 27.93200000000001 126.60800000000003 2535.54
451500000.00000006 27.907999999999998 126.51199999999999 2535.81
452000000.0000003 27.883999999999986 126.41599999999994 2536.0800000000004
452499999.9999999 27.860000000000007 126.32000000000002 2536.35
453000000.0000001 27.835999999999995 126.22399999999998 2536.62
453500000.00000036 27.811999999999983 126.12799999999993 2536.8900000000003
453999999.99999994 27.788000000000004 126.03200000000001 2537.16
454500000.0000002 27.763999999999992 125.93599999999996 2537.4300000000003
455000000.0000004 27.73999999999998 125.83999999999992 2537.7000000000003
455500000.0 27.716 125.744 2537.97
456000000.00000024 27.69199999999999 125.64799999999995 2538.2400000000002
456499999.99999976 27.66800000000001 125.55200000000004 2538.5099999999998
457000000.0 27.644 125.45599999999999 2538.78
457500000.0000003 27.619999999999987 125.35999999999994 2539.05
457999999.9999998 27.596000000000007 125.26400000000002 2539.3199999999997
458500000.00000006 27.571999999999996 125.16799999999998 2539.59
459000000.00000036 27.547999999999984 125.07199999999993 2539.86
459499999.9999999 27.524000000000004 124.97600000000001 2540.13
460000000.0000001 27.499999999999993 124.87999999999997 2540.4
460500000.0000004 27.47599999999998 124.78399999999992 2540.67
460999999.99999994 27.452 124.68800000000002 2540.94
461500000.0000002 27.42799999999999 124.59199999999996 2541.21
462000000.0000005 27.40399999999998 124.49599999999991 2541.4800000000005
462500000.0 27.38 124.4 2541.75
463000000.00000024 27.355999999999987 124.30399999999995 2542.02
463499999.9999998 27.332000000000008 124.20800000000004 2542.29
464000000.00000006 27.307999999999996 124.112 2542.56
464500000.0000003 27.283999999999985 124.01599999999993 2542.8300000000004
464999999.9999999 27.260000000000005 123.92000000000003 2543.1
465500000.0000001 27.235999999999994 123.82399999999998 2543.37
466000000.00000036 27.211999999999982 123.72799999999992 2543.6400000000003
466499999.99999994 27.188000000000002 123.63200000000002 2543.91
467000000.0000002 27.16399999999999 123.53599999999997 2544.1800000000003
467500000.0000004 27.13999999999998 123.43999999999991 2544.4500000000003
468000000.0 27.116 123.34400000000001 2544.72
468500000.00000024 27.091999999999988 123.24799999999996 2544.9900000000002
468999999.99999976 27.068000000000012 123.15200000000004 2545.2599999999998
469500000.0 27.043999999999997 123.056 2545.53
470000000.0000003 27.019999999999985 122.95999999999995 2545.8
470499999.9999998 26.99600000000001 122.86400000000003 2546.0699999999997
471000000.00000006 26.971999999999994 122.76799999999999 2546.34
471500000.00000036 26.947999999999983 122.67199999999994 2546.61
471999999.9999999 26.924000000000007 122.57600000000002 2546.88
472500000.0000001 26.89999999999999 122.47999999999998 2547.15
473000000.0000004 26.87599999999998 122.38399999999993 2547.42
473499999.99999994 26.852000000000004 122.28800000000001 2547.69
474000000.0000002 26.82799999999999 122.19199999999996 2547.96
474500000.0000005 26.803999999999977 122.09599999999992 2548.2300000000005
475000000.0 26.78 122.0 2548.5
475500000.00000024 26.755999999999986 121.90399999999995 2548.77
475999999.9999998 26.73200000000001 121.80800000000004 2549.04
476500000.00000006 26.708 121.71199999999999 2549.31
477000000.0000003 26.683999999999983 121.61599999999994 2549.5800000000004
477499999.9999999 26.660000000000007 121.52000000000002 2549.85
478000000.0000001 26.635999999999992 121.42399999999998 2550.12
478500000.00000036 26.61199999999998 121.32799999999993 2550.3900000000003
478999999.99999994 26.588000000000005 121.23200000000001 2550.66
479500000.0000002 26.56399999999999 121.13599999999997 2550.9300000000003
480000000.0000004 26.539999999999978 121.03999999999992 2551.2000000000003
480500000.0 26.516000000000002 120.944 2551.47
481000000.00000024 26.491999999999987 120.84799999999996 2551.7400000000002
481499999.99999976 26.46800000000001 120.75200000000004 2552.0099999999998
482000000.0 26.444 120.65599999999999 2552.28
482500000.0000003 26.419999999999984 120.55999999999995 2552.55
482999999.9999998 26.396000000000008 120.46400000000003 2552.8199999999997
483500000.00000006 26.371999999999996 120.36799999999998 2553.09
484000000.00000036 26.34799999999998 120.27199999999993 2553.36
484499999.9999999 26.324000000000005 120.17600000000002 2553.63
485000000.0000001 26.299999999999994 120.07999999999997 2553.9
485500000.0000004 26.27599999999998 119.98399999999992 2554.17
485999999.99999994 26.252000000000002 119.888 2554.44
486500000.0000002 26.22799999999999 119.79199999999996 2554.71
487000000.0000005 26.203999999999976 119.69599999999991 2554.9800000000005
487500000.0 26.18 119.6 2555.25
488000000.00000024 26.155999999999988 119.50399999999995 2555.52
488499999.9999998 26.13200000000001 119.40800000000004 2555.79
489000000.00000006 26.107999999999997 119.31199999999998 2556.06
489500000.0000003 26.083999999999982 119.21599999999994 2556.3300000000004
489999999.9999999 26.060000000000006 119.12000000000003 2556.6
490500000.0000001 26.035999999999994 119.02399999999997 2556.87
491000000.00000036 26.01199999999998 118.92799999999993 2557.1400000000003
491499999.99999994 25.988000000000003 118.83200000000002 2557.41
492000000.0000002 25.96399999999999 118.73599999999996 2557.6800000000003
492500000.0000004 25.939999999999976 118.63999999999992 2557.9500000000003
493000000.0 25.916 118.54400000000001 2558.22
493500000.00000024 25.89199999999999 118.44799999999995 2558.4900000000002
493999999.99999976 25.86800000000001 118.35200000000005 2558.7599999999998
494500000.0 25.843999999999998 118.256 2559.03
495000000.0000003 25.819999999999986 118.15999999999994 2559.3
495499999.9999998 25.796000000000006 118.06400000000004 2559.5699999999997
496000000.00000006 25.771999999999995 117.96799999999999 2559.84
496500000.00000036 25.747999999999983 117.87199999999994 2560.11
496999999.9999999 25.724000000000004 117.77600000000002 2560.38
497500000.0000001 25.699999999999992 117.67999999999998 2560.65
498000000.0000004 25.67599999999998 117.58399999999993 2560.92
498499999.99999994 25.652 117.48800000000001 2561.19
499000000.0000002 25.62799999999999 117.39199999999997 2561.46
499500000.0000005 25.603999999999978 117.29599999999992 2561.7300000000005
500000000.0 25.58 117.2 2562.0
500500000.00000024 25.56119999999999 117.11799999999997 2562.26
500999999.9999998 25.542400000000004 117.03600000000003 2562.52
501500000.00000006 25.523599999999995 116.954 2562.78
502000000.0000003 25.504799999999985 116.87199999999996 2563.04
502499999.9999999 25.486000000000004 116.79000000000002 2563.2999999999997
503000000.0000001 25.467199999999995 116.70799999999998 2563.56
503500000.00000036 25.448399999999985 116.62599999999995 2563.82
503999999.99999994 25.4296 116.54400000000001 2564.08
504500000.0000002 25.41079999999999 116.46199999999997 2564.34
505000000.0000004 25.39199999999998 116.37999999999994 2564.6000000000004
505500000.0 25.3732 116.298 2564.86
506000000.00000024 25.35439999999999 116.21599999999997 2565.12
506500000.0000005 25.33559999999998 116.13399999999993 2565.38
507000000.0 25.316799999999997 116.05199999999999 2565.64
507500000.0000003 25.297999999999988 115.96999999999996 2565.9
507999999.9999998 25.279200000000007 115.88800000000003 2566.16
508500000.00000006 25.260399999999994 115.80599999999998 2566.42
509000000.00000036 25.241599999999984 115.72399999999995 2566.6800000000003
509499999.9999999 25.222800000000003 115.64200000000002 2566.94
510000000.0000001 25.203999999999994 115.55999999999997 2567.2000000000003
510500000.0000004 25.185199999999984 115.47799999999994 2567.46
510999999.99999994 25.1664 115.39600000000002 2567.72
511500000.0000002 25.14759999999999 115.31399999999996 2567.98
512000000.0000005 25.12879999999998 115.23199999999993 2568.2400000000002
512500000.0 25.11 115.15 2568.5
513000000.00000024 25.09119999999999 115.06799999999996 2568.76
513499999.9999998 25.072400000000005 114.98600000000003 2569.02
514000000.00000006 25.053599999999996 114.904 2569.28
514500000.0000003 25.034799999999986 114.82199999999995 2569.54
514999999.9999999 25.016000000000005 114.74000000000002 2569.7999999999997
515500000.0000001 24.997199999999996 114.65799999999999 2570.06
516000000.00000036 24.978399999999986 114.57599999999994 2570.32
516499999.99999994 24.959600000000002 114.49400000000001 2570.58
517000000.0000002 24.940799999999992 114.41199999999998 2570.84
517500000.0000004 24.921999999999983 114.32999999999993 2571.1000000000004
518000000.0 24.9032 114.248 2571.36
518500000.00000024 24.88439999999999 114.16599999999997 2571.62
519000000.0000005 24.86559999999998 114.08399999999992 2571.88
519500000.0 24.846799999999998 114.002 2572.14
520000000.0000003 24.82799999999999 113.91999999999996 2572.4
520499999.9999998 24.809200000000004 113.83800000000004 2572.66
521000000.00000006 24.790399999999995 113.75599999999999 2572.92
521500000.00000036 24.771599999999985 113.67399999999995 2573.1800000000003
521999999.9999999 24.752800000000004 113.59200000000001 2573.44
522500000.0000001 24.733999999999995 113.50999999999998 2573.7000000000003
523000000.0000004 24.715199999999985 113.42799999999994 2573.96
523499999.99999994 24.6964 113.346 2574.22
524000000.0000002 24.67759999999999 113.26399999999997 2574.48
524500000.0000005 24.65879999999998 113.18199999999993 2574.7400000000002
525000000.0 24.64 113.1 2575.0
525500000.00000024 24.621199999999988 113.01799999999996 2575.26
525999999.9999998 24.602400000000006 112.93600000000004 2575.52
526500000.00000006 24.583599999999997 112.85399999999998 2575.78
527000000.0000003 24.564799999999988 112.77199999999995 2576.04
527499999.9999999 24.546000000000003 112.69000000000003 2576.2999999999997
528000000.0000001 24.527199999999993 112.60799999999998 2576.56
528500000.00000036 24.508399999999984 112.52599999999994 2576.82
528999999.99999994 24.489600000000003 112.44400000000002 2577.08
529500000.0000002 24.470799999999993 112.36199999999997 2577.34
530000000.0000004 24.451999999999984 112.27999999999993 2577.6000000000004
530500000.0 24.4332 112.19800000000001 2577.86
531000000.00000024 24.41439999999999 112.11599999999996 2578.12
531500000.0000005 24.39559999999998 112.03399999999992 2578.38
532000000.0 24.3768 111.952 2578.64
532500000.0000003 24.35799999999999 111.86999999999995 2578.9
532999999.9999998 24.339200000000005 111.78800000000003 2579.16
533500000.00000006 24.320399999999996 111.70599999999999 2579.42
534000000.00000036 24.301599999999986 111.62399999999994 2579.6800000000003
534499999.9999999 24.2828 111.54200000000002 2579.94
535000000.0000001 24.263999999999992 111.45999999999998 2580.2000000000003
535500000.0000004 24.245199999999983 111.37799999999993 2580.46
535999999.99999994 24.2264 111.296 2580.72
536500000.0000002 24.207599999999992 111.21399999999997 2580.98
537000000.0000005 24.188799999999983 111.13199999999992 2581.2400000000002
537500000.0 24.169999999999998 111.05 2581.5
538000000.0000002 24.15119999999999 110.96799999999996 2581.76
538499999.9999998 24.132400000000008 110.88600000000004 2582.02
539000000.0 24.113599999999998 110.80399999999999 2582.28
539500000.0000004 24.09479999999999 110.72199999999995 2582.54
539999999.9999999 24.076000000000004 110.64000000000003 2582.7999999999997
540500000.0000001 24.057199999999995 110.55799999999998 2583.06
541000000.0000004 24.038399999999985 110.47599999999994 2583.32
541499999.9999999 24.019600000000004 110.39400000000002 2583.58
542000000.0000001 24.00079999999999 110.31199999999997 2583.84
542500000.0000005 23.98199999999998 110.22999999999993 2584.1000000000004
543000000.0 23.9632 110.14800000000001 2584.36
543500000.0000002 23.94439999999999 110.06599999999996 2584.62
544000000.0000005 23.92559999999998 109.98399999999992 2584.88
544500000.0 23.906799999999997 109.902 2585.14
545000000.0000002 23.887999999999987 109.81999999999995 2585.4
545499999.9999999 23.869200000000006 109.73800000000003 2585.66
546000000.0000001 23.850399999999997 109.65599999999999 2585.92
546500000.0000004 23.831599999999987 109.57399999999994 2586.1800000000003
546999999.9999999 23.812800000000003 109.49200000000002 2586.44
547500000.0000001 23.793999999999993 109.40999999999998 2586.7000000000003
548000000.0000004 23.775199999999984 109.32799999999993 2586.96
548500000.0 23.756400000000003 109.24600000000001 2587.22
549000000.0000002 23.737599999999993 109.16399999999997 2587.48
549500000.0000005 23.71879999999998 109.08199999999992 2587.7400000000002
550000000.0 23.7 109.0 2588.0
550500000.0000002 23.68419999999999 108.92999999999996 2588.2000000000003
550999999.9999998 23.668400000000005 108.86000000000003 2588.4
551500000.0 23.652599999999996 108.78999999999999 2588.6
552000000.0000004 23.63679999999999 108.71999999999996 2588.8
552499999.9999999 23.621000000000002 108.65000000000002 2589.0
553000000.0000001 23.605199999999996 108.57999999999998 2589.2
553500000.0000004 23.589399999999987 108.50999999999995 2589.4
553999999.9999999 23.573600000000003 108.44000000000001 2589.6
554500000.0000001 23.557799999999993 108.36999999999998 2589.8
555000000.0000005 23.541999999999987 108.29999999999994 2590.0
555500000.0 23.5262 108.23 2590.2
556000000.0000002 23.510399999999994 108.15999999999997 2590.4
556500000.0000005 23.494599999999984 108.08999999999993 2590.6000000000004
557000000.0 23.4788 108.02 2590.8
557500000.0000002 23.46299999999999 107.94999999999996 2591.0
557999999.9999999 23.447200000000006 107.88000000000002 2591.2
558500000.0000001 23.431399999999996 107.80999999999999 2591.4
559000000.0000004 23.415599999999987 107.73999999999995 2591.6000000000004
559499999.9999999 23.399800000000003 107.67000000000002 2591.8
560000000.0000001 23.383999999999997 107.59999999999998 2592.0
560500000.0000004 23.368199999999987 107.52999999999994 2592.2000000000003
561000000.0 23.352400000000003 107.46000000000001 2592.4
561500000.0000002 23.336599999999994 107.38999999999997 2592.6
562000000.0000005 23.320799999999984 107.31999999999994 2592.8
562500000.0 23.305 107.25 2593.0
563000000.0000002 23.28919999999999 107.17999999999996 2593.2000000000003
563499999.9999998 23.273400000000006 107.11000000000003 2593.4
564000000.0 23.257599999999996 107.03999999999999 2593.6
564500000.0000004 23.24179999999999 106.96999999999996 2593.8
564999999.9999999 23.226000000000003 106.90000000000002 2594.0
565500000.0000001 23.210199999999997 106.82999999999998 2594.2
566000000.0000004 23.194399999999987 106.75999999999995 2594.4
566499999.9999999 23.178600000000003 106.69000000000001 2594.6
567000000.0000001 23.162799999999994 106.61999999999998 2594.8
567500000.0000005 23.146999999999988 106.54999999999994 2595.0
568000000.0 23.1312 106.48 2595.2
568500000.0000002 23.115399999999994 106.40999999999997 2595.4
569000000.0000005 23.099599999999985 106.33999999999993 2595.6000000000004
569500000.0 23.0838 106.27 2595.8
570000000.0000002 23.06799999999999 106.19999999999996 2596.0
570499999.9999999 23.052200000000006 106.13000000000002 2596.2
571000000.0000001 23.036399999999997 106.05999999999999 2596.4
571500000.0000004 23.020599999999988 105.98999999999995 2596.6000000000004
571999999.9999999 23.004800000000003 105.92000000000002 2596.8
572500000.0000001 22.988999999999997 105.84999999999998 2597.0
573000000.0000004 22.973199999999988 105.77999999999994 2597.2000000000003
573500000.0 22.957400000000003 105.71000000000001 2597.4
574000000.0000002 22.941599999999994 105.63999999999997 2597.6
574500000.0000005 22.925799999999985 105.56999999999994 2597.8
575000000.0 22.91 105.5 2598.0
575500000.0000002 22.89419999999999 105.42999999999996 2598.2000000000003
575999999.9999998 22.878400000000006 105.36000000000003 2598.4
576500000.0 22.862599999999997 105.28999999999999 2598.6
577000000.0000004 22.84679999999999 105.21999999999996 2598.8
577499999.9999999 22.831000000000003 105.15000000000002 2599.0
578000000.0000001 22.815199999999997 105.07999999999998 2599.2
578500000.0000004 22.799399999999988 105.00999999999995 2599.4
578999999.9999999 22.783600000000003 104.94000000000001 2599.6
579500000.0000001 22.767799999999994 104.86999999999998 2599.8
580000000.0000005 22.75199999999999 104.79999999999994 2600.0
580500000.0 22.7362 104.73 2600.2
581000000.0000002 22.720399999999994 104.65999999999997 2600.4
581500000.0000005 22.704599999999985 104.58999999999993 2600.6000000000004
582000000.0 22.6888 104.52 2600.8
582500000.0000002 22.67299999999999 104.44999999999996 2601.0
582999999.9999999 22.657200000000007 104.38000000000002 2601.2
583500000.0000001 22.641399999999997 104.30999999999999 2601.4
584000000.0000004 22.62559999999999 104.23999999999995 2601.6000000000004
584499999.9999999 22.609800000000003 104.17000000000002 2601.8
585000000.0000001 22.593999999999998 104.09999999999998 2602.0
585500000.0000004 22.57819999999999 104.02999999999994 2602.2000000000003
586000000.0 22.562400000000004 103.96000000000001 2602.4
586500000.0000002 22.546599999999994 103.88999999999997 2602.6
587000000.0000005 22.530799999999985 103.81999999999994 2602.8
587500000.0 22.515 103.75 2603.0
588000000.0000002 22.49919999999999 103.67999999999996 2603.2000000000003
588499999.9999998 22.483400000000007 103.61000000000003 2603.4
589000000.0 22.467599999999997 103.53999999999999 2603.6
589500000.0000004 22.45179999999999 103.46999999999996 2603.8
589999999.9999999 22.436000000000003 103.40000000000002 2604.0
590500000.0000001 22.420199999999998 103.32999999999998 2604.2
591000000.0000004 22.40439999999999 103.25999999999995 2604.4
591499999.9999999 22.388600000000004 103.19000000000001 2604.6
592000000.0000001 22.372799999999994 103.11999999999998 2604.8
592500000.0000005 22.35699999999999 103.04999999999994 2605.0
593000000.0 22.3412 102.98 2605.2
593500000.0000002 22.325399999999995 102.90999999999997 2605.4
594000000.0000005 22.309599999999985 102.83999999999993 2605.6000000000004
594500000.0 22.2938 102.77 2605.8
595000000.0000002 22.27799999999999 102.69999999999996 2606.0
595499999.9999999 22.262200000000007 102.63000000000002 2606.2
596000000.0000001 22.246399999999998 102.55999999999999 2606.4
596500000.0000004 22.23059999999999 102.48999999999995 2606.6000000000004
596999999.9999999 22.214800000000004 102.42000000000002 2606.8
597500000.0000001 22.198999999999998 102.34999999999998 2607.0
598000000.0000004 22.18319999999999 102.27999999999994 2607.2000000000003
598500000.0 22.167400000000004 102.21000000000001 2607.4
599000000.0000002 22.151599999999995 102.13999999999997 2607.6
599500000.0000005 22.135799999999985 102.06999999999994 2607.8
600000000.0 22.12 102.0 2608.0
600500000.0000002 22.106299999999994 101.93959999999997 2608.14
600999999.9999998 22.092600000000008 101.87920000000003 2608.2799999999997
601500000.0 22.0789 101.8188 2608.42
602000000.0000004 22.065199999999994 101.75839999999997 2608.56
602499999.9999999 22.051500000000004 101.69800000000002 2608.7
603000000.0000001 22.037799999999997 101.63759999999999 2608.84
603500000.0000004 22.02409999999999 101.57719999999995 2608.98
603999999.9999999 22.010400000000004 101.5168 2609.12
604500000.0000001 21.996699999999997 101.45639999999997 2609.26
605000000.0000005 21.98299999999999 101.39599999999994 2609.4
605500000.0 21.9693 101.3356 2609.54
606000000.0000002 21.955599999999993 101.27519999999997 2609.6800000000003
606500000.0000005 21.941899999999986 101.21479999999994 2609.82
607000000.0 21.9282 101.1544 2609.96
607500000.0000002 21.914499999999993 101.09399999999997 2610.1
607999999.9999999 21.900800000000004 101.03360000000002 2610.24
608500000.0000001 21.8871 100.97319999999999 2610.38
609000000.0000004 21.873399999999993 100.91279999999996 2610.52
609499999.9999999 21.859700000000004 100.85240000000002 2610.66
610000000.0000001 21.845999999999997 100.79199999999999 2610.8
610500000.0000004 21.83229999999999 100.73159999999996 2610.94
611000000.0 21.818600000000004 100.6712 2611.08
611500000.0000002 21.804899999999996 100.61079999999997 2611.2200000000003
612000000.0000005 21.79119999999999 100.55039999999994 2611.36
612500000.0 21.7775 100.49 2611.5
613000000.0000002 21.763799999999993 100.42959999999997 2611.64
613499999.9999998 21.750100000000007 100.36920000000002 2611.7799999999997
614000000.0 21.7364 100.30879999999999 2611.92
614500000.0000004 21.722699999999993 100.24839999999996 2612.06
614999999.9999999 21.709000000000003 100.18800000000002 2612.2
615500000.0000001 21.695299999999996 100.12759999999999 2612.34
616000000.0000004 21.68159999999999 100.06719999999996 2612.48
616499999.9999999 21.667900000000003 100.00680000000001 2612.62
617000000.0000001 21.654199999999996 99.94639999999998 2612.76
617500000.0000005 21.64049999999999 99.88599999999995 2612.9
618000000.0 21.626800000000003 99.8256 2613.04
618500000.0000002 21.613099999999996 99.76519999999996 2613.1800000000003
619000000.0000005 21.59939999999999 99.70479999999993 2613.32
619500000.0 21.5857 99.64439999999999 2613.46
620000000.0000002 21.571999999999992 99.58399999999996 2613.6
620499999.9999999 21.558300000000006 99.52360000000002 2613.74
621000000.0000001 21.5446 99.46319999999999 2613.88
621500000.0000004 21.530899999999992 99.40279999999996 2614.02
621999999.9999999 21.517200000000003 99.34240000000001 2614.16
622500000.0000001 21.503499999999995 99.28199999999998 2614.3
623000000.0000004 21.48979999999999 99.22159999999995 2614.44
623500000.0 21.476100000000002 99.16120000000001 2614.58
624000000.0000002 21.462399999999995 99.10079999999998 2614.7200000000003
624500000.0000005 21.448699999999988 99.04039999999995 2614.86
625000000.0 21.435000000000002 98.97999999999999 2615.0
625500000.0000002 21.421299999999995 98.91959999999996 2615.14
625999999.9999998 21.407600000000006 98.85920000000002 2615.2799999999997
626500000.0 21.3939 98.79879999999999 2615.42
627000000.0000004 21.38019999999999 98.73839999999996 2615.56
627499999.9999999 21.366500000000006 98.67800000000001 2615.7
628000000.0000001 21.3528 98.61759999999998 2615.84
628500000.0000004 21.33909999999999 98.55719999999995 2615.98
628999999.9999999 21.325400000000002 98.49680000000001 2616.12
629500000.0000001 21.311699999999995 98.43639999999998 2616.26
630000000.0000005 21.297999999999988 98.37599999999995 2616.4
630500000.0 21.2843 98.3156 2616.54
631000000.0000002 21.270599999999995 98.25519999999997 2616.6800000000003
631500000.0000005 21.256899999999987 98.19479999999994 2616.82
632000000.0 21.243199999999998 98.1344 2616.96
632500000.0000002 21.22949999999999 98.07399999999996 2617.1
632999999.9999999 21.215800000000005 98.01360000000001 2617.24
633500000.0000001 21.202099999999998 97.95319999999998 2617.38
634000000.0000004 21.18839999999999 97.89279999999995 2617.52
634499999.9999999 21.174700000000005 97.8324 2617.66
635000000.0000001 21.160999999999998 97.77199999999998 2617.8
635500000.0000004 21.14729999999999 97.71159999999995 2617.94
636000000.0 21.1336 97.6512 2618.08
636500000.0000002 21.119899999999994 97.59079999999997 2618.2200000000003
637000000.0000005 21.106199999999987 97.53039999999994 2618.36
637500000.0 21.0925 97.47 2618.5
638000000.0000002 21.078799999999994 97.40959999999997 2618.64
638499999.9999998 21.065100000000005 97.34920000000002 2618.7799999999997
639000000.0 21.051399999999997 97.2888 2618.92
639500000.0000004 21.03769999999999 97.22839999999995 2619.06
639999999.9999999 21.024000000000004 97.168 2619.2
640500000.0000001 21.010299999999997 97.10759999999998 2619.34
641000000.0000004 20.99659999999999 97.04719999999995 2619.48
641499999.9999999 20.9829 96.9868 2619.62
642000000.0000001 20.969199999999994 96.92639999999997 2619.76
642500000.0000005 20.95549999999999 96.86599999999994 2619.9
643000000.0 20.9418 96.8056 2620.04
643500000.0000002 20.928099999999993 96.74519999999997 2620.1800000000003
644000000.0000005 20.914399999999986 96.68479999999994 2620.32
644500000.0 20.9007 96.6244 2620.46
645000000.0000002 20.886999999999993 96.56399999999996 2620.6
645499999.9999999 20.873300000000004 96.50360000000002 2620.74
646000000.0000001 20.859599999999997 96.44319999999999 2620.88
646500000.0000004 20.84589999999999 96.38279999999995 2621.02
646999999.9999999 20.832200000000004 96.3224 2621.16
647500000.0000001 20.818499999999997 96.26199999999997 2621.3
648000000.0000004 20.80479999999999 96.20159999999994 2621.44
648500000.0 20.7911 96.1412 2621.58
649000000.0000002 20.777399999999993 96.08079999999997 2621.7200000000003
649500000.0000005 20.763699999999986 96.02039999999994 2621.86
650000000.0 20.75 95.96 2622.0
650500000.0000002 20.738199999999996 95.90879999999997 2622.11
650999999.9999998 20.726400000000005 95.85760000000002 2622.22
651500000.0 20.714599999999997 95.80639999999998 2622.33
652000000.0000004 20.702799999999993 95.75519999999996 2622.44
652499999.9999999 20.691000000000003 95.70400000000001 2622.55
653000000.0000001 20.679199999999998 95.65279999999998 2622.66
653500000.0000004 20.66739999999999 95.60159999999996 2622.77
653999999.9999999 20.655600000000003 95.5504 2622.88
654500000.0000001 20.643799999999995 95.49919999999997 2622.9900000000002
655000000.0000005 20.63199999999999 95.44799999999995 2623.1
655500000.0 20.6202 95.3968 2623.21
656000000.0000002 20.608399999999996 95.34559999999998 2623.32
656500000.0000005 20.596599999999988 95.29439999999994 2623.4300000000003
657000000.0 20.584799999999998 95.24319999999999 2623.54
657500000.0000002 20.572999999999993 95.19199999999996 2623.65
657999999.9999999 20.561200000000003 95.14080000000001 2623.7599999999998
658500000.0000001 20.5494 95.08959999999999 2623.87
659000000.0000004 20.53759999999999 95.03839999999997 2623.98
659499999.9999999 20.525800000000004 94.9872 2624.09
660000000.0000001 20.513999999999996 94.93599999999998 2624.2
660500000.0000004 20.50219999999999 94.88479999999996 2624.31
661000000.0 20.4904 94.8336 2624.42
661500000.0000002 20.478599999999997 94.78239999999998 2624.53
662000000.0000005 20.46679999999999 94.73119999999994 2624.6400000000003
662500000.0 20.455 94.67999999999999 2624.75
663000000.0000002 20.443199999999994 94.62879999999997 2624.86
663499999.9999998 20.431400000000004 94.57760000000002 2624.97
664000000.0 20.4196 94.5264 2625.08
664500000.0000004 20.40779999999999 94.47519999999996 2625.19
664999999.9999999 20.396000000000004 94.424 2625.3
665500000.0000001 20.384199999999996 94.37279999999998 2625.41
666000000.0000004 20.372399999999992 94.32159999999996 2625.52
666499999.9999999 20.3606 94.27040000000001 2625.63
667000000.0000001 20.348799999999997 94.21919999999999 2625.7400000000002
667500000.0000005 20.33699999999999 94.16799999999995 2625.85
668000000.0 20.325200000000002 94.1168 2625.96
668500000.0000002 20.313399999999994 94.06559999999998 2626.07
669000000.0000005 20.30159999999999 94.01439999999995 2626.1800000000003
669500000.0 20.2898 93.9632 2626.29
670000000.0000002 20.277999999999995 93.91199999999996 2626.4
670499999.9999999 20.266200000000005 93.86080000000001 2626.5099999999998
671000000.0000001 20.254399999999997 93.80959999999999 2626.62
671500000.0000004 20.242599999999992 93.75839999999997 2626.73
671999999.9999999 20.230800000000002 93.70720000000001 2626.84
672500000.0000001 20.218999999999998 93.65599999999998 2626.95
673000000.0000004 20.20719999999999 93.60479999999995 2627.06
673500000.0 20.195400000000003 93.5536 2627.17
674000000.0000002 20.183599999999995 93.50239999999998 2627.28
674500000.0000005 20.17179999999999 93.45119999999996 2627.3900000000003
675000000.0 20.16 93.4 2627.5
675500000.0000002 20.148199999999996 93.34879999999997 2627.61
675999999.9999998 20.136400000000005 93.29760000000002 2627.72
676500000.0 20.124599999999997 93.2464 2627.83
677000000.0000004 20.112799999999993 93.19519999999997 2627.94
677499999.9999999 20.101000000000003 93.14400000000002 2628.05
678000000.0000001 20.089199999999998 93.09279999999998 2628.16
678500000.0000004 20.07739999999999 93.04159999999996 2628.27
678999999.9999999 20.065600000000003 92.99040000000001 2628.38
679500000.0000001 20.053799999999995 92.93919999999999 2628.4900000000002
680000000.0000005 20.04199999999999 92.88799999999996 2628.6
680500000.0 20.0302 92.8368 2628.71
681000000.0000002 20.018399999999996 92.78559999999997 2628.82
681500000.0000005 20.006599999999988 92.73439999999995 2628.9300000000003
682000000.0 19.994799999999998 92.6832 2629.04
682500000.0000002 19.982999999999993 92.63199999999998 2629.15
682999999.9999999 19.971200000000003 92.58080000000001 2629.2599999999998
683500000.0000001 19.9594 92.52959999999999 2629.37
684000000.0000004 19.94759999999999 92.47839999999997 2629.48
684499999.9999999 19.935800000000004 92.42720000000001 2629.59
685000000.0000001 19.923999999999996 92.37599999999999 2629.7
685500000.0000004 19.91219999999999 92.32479999999995 2629.81
686000000.0 19.9004 92.2736 2629.92
686500000.0000002 19.888599999999997 92.22239999999998 2630.03
687000000.0000005 19.87679999999999 92.17119999999996 2630.1400000000003
687500000.0 19.865000000000002 92.12 2630.25
688000000.0000002 19.853199999999994 92.06879999999998 2630.36
688499999.9999998 19.841400000000004 92.01760000000002 2630.47
689000000.0 19.8296 91.9664 2630.58
689500000.0000004 19.81779999999999 91.91519999999997 2630.69
689999999.9999999 19.806000000000004 91.86400000000002 2630.8
690500000.0000001 19.794199999999996 91.8128 2630.91
691000000.0000004 19.782399999999992 91.76159999999996 2631.02
691499999.9999999 19.7706 91.7104 2631.13
692000000.0000001 19.758799999999997 91.65919999999998 2631.2400000000002
692500000.0000005 19.74699999999999 91.60799999999996 2631.35
693000000.0 19.735200000000003 91.55680000000001 2631.46
693500000.0000002 19.723399999999994 91.50559999999997 2631.57
694000000.0000005 19.71159999999999 91.45439999999995 2631.6800000000003
694500000.0 19.6998 91.4032 2631.79
695000000.0000002 19.687999999999995 91.35199999999998 2631.9
695499999.9999999 19.676200000000005 91.30080000000002 2632.0099999999998
696000000.0000001 19.664399999999997 91.24959999999999 2632.12
696500000.0000004 19.652599999999993 91.19839999999996 2632.23
696999999.9999999 19.640800000000002 91.14720000000001 2632.34
697500000.0000001 19.628999999999998 91.09599999999999 2632.45
698000000.0000004 19.61719999999999 91.04479999999997 2632.56
698500000.0 19.605400000000003 90.99360000000001 2632.67
699000000.0000002 19.593599999999995 90.94239999999998 2632.78
699500000.0000005 19.58179999999999 90.89119999999996 2632.8900000000003
700000000.0 19.57 90.84 2633.0
701000000.0000005 19.55029999999999 90.75979999999996 2633.13
701999999.9999996 19.530600000000007 90.67960000000004 2633.2599999999998
703000000.0000001 19.5109 90.59939999999999 2633.39
704000000.0000006 19.49119999999999 90.51919999999996 2633.52
704999999.9999998 19.471500000000006 90.43900000000002 2633.65
706000000.0000002 19.451799999999995 90.35879999999999 2633.78
707000000.0000007 19.432099999999984 90.27859999999994 2633.9100000000003
707999999.9999999 19.412400000000005 90.19840000000002 2634.04
709000000.0000004 19.392699999999994 90.11819999999997 2634.17
710000000.0000008 19.372999999999983 90.03799999999994 2634.3
711000000.0 19.3533 89.9578 2634.43
712000000.0000005 19.33359999999999 89.87759999999997 2634.56
713000000.000001 19.313899999999983 89.79739999999993 2634.69
714000000.0 19.2942 89.71719999999999 2634.82
715000000.0000006 19.27449999999999 89.63699999999996 2634.9500000000003
715999999.9999996 19.254800000000007 89.55680000000002 2635.08
717000000.0000001 19.235099999999996 89.47659999999999 2635.21
718000000.0000007 19.21539999999999 89.39639999999994 2635.34
718999999.9999998 19.195700000000006 89.31620000000002 2635.47
720000000.0000002 19.175999999999995 89.23599999999998 2635.6
721000000.0000008 19.156299999999984 89.15579999999994 2635.73
721999999.9999999 19.1366 89.07560000000001 2635.86
723000000.0000004 19.116899999999994 88.99539999999998 2635.9900000000002
724000000.000001 19.097199999999983 88.91519999999993 2636.12
725000000.0 19.0775 88.83500000000001 2636.25
726000000.0000005 19.05779999999999 88.75479999999996 2636.38
726999999.9999996 19.038100000000007 88.67460000000003 2636.5099999999998
728000000.0000001 19.0184 88.5944 2636.64
729000000.0000006 18.99869999999999 88.51419999999995 2636.77
729999999.9999998 18.979000000000006 88.43400000000003 2636.9
731000000.0000002 18.959299999999995 88.35379999999998 2637.03
732000000.0000007 18.939599999999984 88.27359999999994 2637.1600000000003
732999999.9999999 18.919900000000005 88.19340000000001 2637.29
734000000.0000004 18.900199999999995 88.11319999999998 2637.42
735000000.0000008 18.880499999999984 88.03299999999993 2637.55
736000000.0 18.8608 87.95280000000001 2637.68
737000000.0000005 18.84109999999999 87.87259999999996 2637.81
738000000.000001 18.821399999999983 87.79239999999992 2637.94
739000000.0 18.8017 87.7122 2638.07
740000000.0000006 18.78199999999999 87.63199999999995 2638.2000000000003
740999999.9999996 18.762300000000007 87.55180000000003 2638.33
742000000.0000001 18.742599999999996 87.47159999999998 2638.46
743000000.0000007 18.72289999999999 87.39139999999995 2638.59
743999999.9999998 18.703200000000006 87.31120000000001 2638.72
745000000.0000002 18.683499999999995 87.23099999999998 2638.85
746000000.0000008 18.663799999999984 87.15079999999993 2638.98
746999999.9999999 18.6441 87.07060000000001 2639.11
748000000.0000004 18.624399999999994 86.99039999999997 2639.2400000000002
749000000.000001 18.604699999999983 86.91019999999993 2639.37
750000000.0 18.585 86.83 2639.5
751000000.0000005 18.56529999999999 86.74979999999995 2639.63
751999999.9999996 18.545600000000007 86.66960000000003 2639.7599999999998
753000000.0000001 18.5259 86.58939999999998 2639.89
754000000.0000006 18.50619999999999 86.50919999999995 2640.02
754999999.9999998 18.486500000000007 86.42900000000002 2640.15
756000000.0000002 18.466799999999996 86.34879999999998 2640.28
757000000.0000007 18.447099999999985 86.26859999999994 2640.4100000000003
757999999.9999999 18.427400000000006 86.18840000000002 2640.54
759000000.0000004 18.407699999999995 86.10819999999997 2640.67
760000000.0000008 18.387999999999984 86.02799999999993 2640.8
761000000.0 18.3683 85.9478 2640.93
762000000.0000005 18.34859999999999 85.86759999999995 2641.06
763000000.000001 18.328899999999983 85.78739999999992 2641.19
764000000.0 18.3092 85.70719999999999 2641.32
765000000.0000006 18.28949999999999 85.62699999999995 2641.4500000000003
765999999.9999996 18.269800000000007 85.54680000000002 2641.58
767000000.0000001 18.250099999999996 85.46659999999999 2641.71
768000000.0000007 18.23039999999999 85.38639999999994 2641.84
768999999.9999998 18.210700000000006 85.30620000000002 2641.97
770000000.0000002 18.190999999999995 85.22599999999997 2642.1
771000000.0000008 18.171299999999984 85.14579999999994 2642.23
771999999.9999999 18.151600000000002 85.0656 2642.36
773000000.0000004 18.131899999999995 84.98539999999997 2642.4900000000002
774000000.000001 18.112199999999984 84.90519999999992 2642.62
775000000.0 18.0925 84.82499999999999 2642.75
776000000.0000005 18.07279999999999 84.74479999999996 2642.88
776999999.9999996 18.053100000000008 84.66460000000002 2643.0099999999998
778000000.0000001 18.0334 84.58439999999999 2643.14
779000000.0000006 18.01369999999999 84.50419999999994 2643.27
779999999.9999998 17.994000000000007 84.42400000000002 2643.4
781000000.0000002 17.974299999999996 84.34379999999997 2643.53
782000000.0000007 17.954599999999985 84.26359999999994 2643.6600000000003
782999999.9999999 17.934900000000006 84.1834 2643.79
784000000.0000004 17.915199999999995 84.10319999999997 2643.92
785000000.0000008 17.895499999999984 84.02299999999993 2644.05
786000000.0 17.8758 83.9428 2644.18
787000000.0000005 17.85609999999999 83.86259999999996 2644.31
788000000.000001 17.836399999999983 83.78239999999991 2644.44
789000000.0 17.8167 83.70219999999999 2644.57
790000000.0000006 17.79699999999999 83.62199999999994 2644.7000000000003
790999999.9999996 17.777300000000007 83.54180000000002 2644.83
792000000.0000001 17.757599999999996 83.46159999999998 2644.96
793000000.0000007 17.73789999999999 83.38139999999994 2645.09
793999999.9999998 17.718200000000007 83.30120000000001 2645.22
795000000.0000002 17.698499999999996 83.22099999999998 2645.35
796000000.0000008 17.678799999999985 83.14079999999993 2645.48
796999999.9999999 17.659100000000002 83.06060000000001 2645.61
798000000.0000004 17.639399999999995 82.98039999999996 2645.7400000000002
799000000.000001 17.619699999999984 82.90019999999993 2645.87
800000000.0 17.6 82.82 2646.0
800999999.999999 17.584500000000016 82.75460000000005 2646.0299999999997
802000000.0000011 17.568999999999985 82.68919999999993 2646.06
803000000.0000001 17.5535 82.62379999999999 2646.09
803999999.9999992 17.538000000000014 82.55840000000005 2646.12
805000000.0000012 17.522499999999983 82.49299999999992 2646.15
806000000.0000002 17.506999999999998 82.42759999999998 2646.18
806999999.9999993 17.491500000000013 82.36220000000004 2646.21
808000000.0000012 17.47599999999998 82.2967999999999 2646.2400000000002
809000000.0000004 17.460499999999996 82.23139999999997 2646.27
809999999.9999994 17.44500000000001 82.16600000000003 2646.3
811000000.0000013 17.42949999999998 82.1005999999999 2646.33
812000000.0000005 17.413999999999994 82.03519999999996 2646.36
812999999.9999995 17.39850000000001 81.96980000000002 2646.39
814000000.0000014 17.382999999999978 81.9043999999999 2646.42
815000000.0000006 17.367499999999993 81.83899999999996 2646.45
815999999.9999996 17.352000000000007 81.77360000000002 2646.48
817000000.0000015 17.336499999999976 81.70819999999989 2646.51
818000000.0000007 17.32099999999999 81.64279999999995 2646.54
818999999.9999998 17.305500000000006 81.57740000000001 2646.57
819999999.9999988 17.29000000000002 81.51200000000007 2646.6
821000000.0000008 17.27449999999999 81.44659999999995 2646.63
821999999.9999999 17.259000000000004 81.3812 2646.66
822999999.9999989 17.24350000000002 81.31580000000007 2646.69
824000000.000001 17.227999999999987 81.25039999999994 2646.7200000000003
825000000.0 17.212500000000002 81.185 2646.75
825999999.999999 17.197000000000017 81.11960000000005 2646.7799999999997
827000000.0000011 17.181499999999986 81.05419999999992 2646.81
828000000.0000001 17.166 80.98879999999998 2646.84
828999999.9999992 17.150500000000015 80.92340000000004 2646.87
830000000.0000012 17.134999999999984 80.85799999999992 2646.9
831000000.0000002 17.1195 80.79259999999998 2646.93
831999999.9999993 17.104000000000013 80.72720000000004 2646.96
833000000.0000012 17.088499999999982 80.66179999999991 2646.9900000000002
834000000.0000004 17.072999999999997 80.59639999999997 2647.02
834999999.9999994 17.05750000000001 80.53100000000003 2647.05
836000000.0000013 17.04199999999998 80.46559999999991 2647.08
837000000.0000005 17.026499999999995 80.40019999999997 2647.11
837999999.9999995 17.01100000000001 80.33480000000003 2647.14
839000000.0000014 16.99549999999998 80.2693999999999 2647.17
840000000.0000006 16.979999999999993 80.20399999999997 2647.2
840999999.9999996 16.964500000000008 80.13860000000003 2647.23
842000000.0000015 16.948999999999977 80.07319999999989 2647.26
843000000.0000007 16.93349999999999 80.00779999999995 2647.29
843999999.9999998 16.918000000000006 79.9424 2647.32
844999999.9999988 16.902500000000018 79.87700000000007 2647.35
846000000.0000008 16.88699999999999 79.81159999999994 2647.38
846999999.9999999 16.871500000000005 79.7462 2647.41
847999999.9999989 16.856000000000016 79.68080000000006 2647.44
849000000.000001 16.840499999999988 79.61539999999994 2647.4700000000003
850000000.0 16.825000000000003 79.55 2647.5
850999999.999999 16.809500000000014 79.48460000000006 2647.5299999999997
852000000.0000011 16.793999999999986 79.41919999999993 2647.56
853000000.0000001 16.7785 79.35379999999999 2647.59
853999999.9999992 16.763000000000012 79.28840000000005 2647.62
855000000.0000012 16.747499999999985 79.22299999999993 2647.65
856000000.0000002 16.732 79.15759999999999 2647.68
856999999.9999993 16.71650000000001 79.09220000000005 2647.71
858000000.0000012 16.700999999999983 79.02679999999992 2647.7400000000002
859000000.0000004 16.685499999999994 78.96139999999997 2647.77
859999999.9999994 16.67000000000001 78.89600000000003 2647.8
861000000.0000013 16.65449999999998 78.8305999999999 2647.83
862000000.0000005 16.638999999999992 78.76519999999996 2647.86
862999999.9999995 16.623500000000007 78.69980000000002 2647.89
864000000.0000014 16.60799999999998 78.6343999999999 2647.92
865000000.0000006 16.592499999999994 78.56899999999996 2647.95
865999999.9999996 16.577000000000005 78.50360000000002 2647.98
867000000.0000015 16.561499999999977 78.4381999999999 2648.01
868000000.0000007 16.54599999999999 78.37279999999996 2648.04
868999999.9999998 16.530500000000004 78.30740000000002 2648.07
869999999.9999988 16.51500000000002 78.24200000000008 2648.1
871000000.0000008 16.499499999999987 78.17659999999995 2648.13
871999999.9999999 16.484 78.11120000000001 2648.16
872999999.9999989 16.468500000000017 78.04580000000007 2648.19
874000000.000001 16.452999999999985 77.98039999999995 2648.2200000000003
875000000.0 16.4375 77.91499999999999 2648.25
875999999.999999 16.422000000000015 77.84960000000005 2648.2799999999997
877000000.0000011 16.406499999999983 77.78419999999993 2648.31
878000000.0000001 16.391 77.71879999999999 2648.34
878999999.9999992 16.375500000000013 77.65340000000005 2648.37
880000000.0000012 16.35999999999998 77.58799999999992 2648.4
881000000.0000002 16.344499999999996 77.52259999999998 2648.43
881999999.9999993 16.32900000000001 77.45720000000004 2648.46
883000000.0000012 16.31349999999998 77.39179999999992 2648.4900000000002
884000000.0000004 16.297999999999995 77.32639999999998 2648.52
884999999.9999994 16.28250000000001 77.26100000000004 2648.55
886000000.0000014 16.266999999999978 77.19559999999991 2648.58
887000000.0000005 16.251499999999993 77.13019999999997 2648.61
887999999.9999995 16.236000000000008 77.06480000000003 2648.64
889000000.0000014 16.220499999999976 76.99939999999991 2648.67
890000000.0000006 16.20499999999999 76.93399999999997 2648.7
890999999.9999996 16.189500000000006 76.86860000000003 2648.73
892000000.0000015 16.173999999999975 76.80319999999989 2648.76
893000000.0000007 16.15849999999999 76.73779999999995 2648.79
893999999.9999998 16.143000000000004 76.67240000000001 2648.82
894999999.9999988 16.12750000000002 76.60700000000007 2648.85
896000000.0000008 16.111999999999988 76.54159999999995 2648.88
896999999.9999999 16.096500000000002 76.4762 2648.91
897999999.9999989 16.081000000000017 76.41080000000007 2648.94
899000000.000001 16.065499999999986 76.34539999999994 2648.9700000000003
900000000.0 16.05 76.28 2649.0
900999999.999999 16.037300000000013 76.22140000000006 2648.95
902000000.0000011 16.02459999999999 76.16279999999995 2648.9
903000000.0000001 16.0119 76.10419999999999 2648.85
903999999.9999992 15.99920000000001 76.04560000000005 2648.8
905000000.0000012 15.986499999999987 75.98699999999994 2648.75
906000000.0000002 15.973799999999997 75.92839999999998 2648.7
906999999.9999993 15.961100000000009 75.86980000000004 2648.65
908000000.0000012 15.948399999999985 75.81119999999993 2648.6
909000000.0000004 15.935699999999997 75.75259999999999 2648.55
909999999.9999994 15.923000000000007 75.69400000000003 2648.5
911000000.0000013 15.910299999999983 75.63539999999992 2648.45
912000000.0000005 15.897599999999995 75.57679999999998 2648.4
912999999.9999995 15.884900000000007 75.51820000000002 2648.35
914000000.0000014 15.872199999999982 75.45959999999991 2648.2999999999997
915000000.0000006 15.859499999999993 75.40099999999997 2648.25
915999999.9999996 15.846800000000005 75.34240000000003 2648.2
917000000.0000015 15.83409999999998 75.28379999999991 2648.15
918000000.0000007 15.821399999999992 75.22519999999996 2648.1
918999999.9999998 15.808700000000004 75.16660000000002 2648.05
919999999.9999988 15.796000000000015 75.10800000000006 2648.0
921000000.0000008 15.78329999999999 75.04939999999995 2647.95
921999999.9999999 15.770600000000002 74.99080000000001 2647.9
922999999.9999989 15.757900000000014 74.93220000000007 2647.85
924000000.000001 15.745199999999988 74.87359999999995 2647.8
925000000.0 15.7325 74.815 2647.75
925999999.999999 15.719800000000012 74.75640000000006 2647.7
927000000.0000011 15.707099999999988 74.69779999999994 2647.65
928000000.0000001 15.694399999999998 74.63919999999999 2647.6
928999999.9999992 15.68170000000001 74.58060000000005 2647.55
930000000.0000012 15.668999999999986 74.52199999999993 2647.5
931000000.0000002 15.656299999999998 74.4634 2647.45
931999999.9999993 15.643600000000008 74.40480000000004 2647.4
933000000.0000012 15.630899999999984 74.34619999999993 2647.35
934000000.0000004 15.618199999999996 74.28759999999998 2647.3
934999999.9999994 15.605500000000008 74.22900000000004 2647.25
936000000.0000013 15.592799999999983 74.17039999999992 2647.2
937000000.0000005 15.580099999999995 74.11179999999997 2647.15
937999999.9999995 15.567400000000006 74.05320000000003 2647.1
939000000.0000014 15.55469999999998 73.99459999999992 2647.0499999999997
940000000.0000006 15.541999999999993 73.93599999999996 2647.0
940999999.9999996 15.529300000000005 73.87740000000002 2646.95
942000000.0000015 15.516599999999979 73.81879999999991 2646.9
943000000.0000007 15.503899999999991 73.76019999999995 2646.85
943999999.9999998 15.491200000000003 73.70160000000001 2646.8
944999999.9999988 15.478500000000015 73.64300000000007 2646.75
946000000.0000008 15.46579999999999 73.58439999999996 2646.7
946999999.9999999 15.453100000000001 73.5258 2646.65
947999999.9999989 15.440400000000013 73.46720000000006 2646.6
949000000.000001 15.427699999999989 73.40859999999995 2646.55
950000000.0 15.415 73.35 2646.5
950999999.999999 15.402300000000011 73.29140000000005 2646.45
952000000.0000011 15.389599999999987 73.23279999999994 2646.4
953000000.0000001 15.3769 73.1742 2646.35
953999999.9999992 15.364200000000011 73.11560000000004 2646.3
955000000.0000012 15.351499999999985 73.05699999999993 2646.25
956000000.0000002 15.338799999999997 72.99839999999999 2646.2
956999999.9999993 15.32610000000001 72.93980000000005 2646.15
958000000.0000012 15.313399999999984 72.88119999999992 2646.1
959000000.0000004 15.300699999999996 72.82259999999998 2646.05
959999999.9999994 15.288000000000007 72.76400000000004 2646.0
961000000.0000013 15.275299999999982 72.70539999999993 2645.95
962000000.0000005 15.262599999999994 72.64679999999997 2645.9
962999999.9999995 15.249900000000006 72.58820000000003 2645.85
964000000.0000014 15.237199999999982 72.52959999999992 2645.7999999999997
965000000.0000006 15.224499999999992 72.47099999999998 2645.75
965999999.9999996 15.211800000000004 72.41240000000002 2645.7
967000000.0000015 15.19909999999998 72.35379999999991 2645.65
968000000.0000007 15.186399999999992 72.29519999999997 2645.6
968999999.9999998 15.173700000000002 72.23660000000001 2645.55
969999999.9999988 15.161000000000014 72.17800000000007 2645.5
971000000.0000008 15.14829999999999 72.11939999999996 2645.45
971999999.9999999 15.135600000000002 72.06080000000001 2645.4
972999999.9999989 15.122900000000012 72.00220000000006 2645.35
974000000.000001 15.110199999999988 71.94359999999995 2645.3
975000000.0 15.0975 71.885 2645.25
975999999.999999 15.084800000000012 71.82640000000005 2645.2
977000000.0000011 15.072099999999987 71.76779999999994 2645.15
978000000.0000001 15.059399999999998 71.7092 2645.1
978999999.9999992 15.04670000000001 71.65060000000005 2645.05
980000000.0000012 15.033999999999985 71.59199999999993 2645.0
981000000.0000002 15.021299999999997 71.53339999999999 2644.95
981999999.9999993 15.008600000000008 71.47480000000004 2644.9
983000000.0000012 14.995899999999985 71.41619999999993 2644.85
984000000.0000004 14.983199999999995 71.35759999999998 2644.8
984999999.9999994 14.970500000000007 71.29900000000004 2644.75
986000000.0000014 14.957799999999983 71.24039999999992 2644.7
987000000.0000005 14.945099999999993 71.18179999999998 2644.65
987999999.9999995 14.932400000000005 71.12320000000003 2644.6
989000000.0000014 14.919699999999981 71.06459999999991 2644.5499999999997
990000000.0000006 14.906999999999993 71.00599999999997 2644.5
990999999.9999996 14.894300000000005 70.94740000000002 2644.45
992000000.0000015 14.88159999999998 70.8887999999999 2644.4
993000000.0000007 14.868899999999991 70.83019999999996 2644.35
993999999.9999998 14.856200000000003 70.77160000000002 2644.3
994999999.9999988 14.843500000000013 70.71300000000006 2644.25
996000000.0000008 14.83079999999999 70.65439999999995 2644.2
996999999.9999999 14.818100000000001 70.59580000000001 2644.15
997999999.9999989 14.805400000000013 70.53720000000006 2644.1
999000000.000001 14.792699999999988 70.47859999999994 2644.05
